sheet,address,value,precedents,dependents
Help,A1,Vertex42® Money Manager 2.1,,
Help,B1,,,
Help,C1,,,
Help,A2,INSTRUCTIONS - For Excel 2010 or Later,,
Help,B2,,,
Help,C2,© 2010-2021 Vertex42 LLC,,
Help,B3,,,
Help,C3,MORE HELP >,,
Help,A4,Introduction,,
Help,B4,,,
Help,C4,Excel Tips >,,
Help,B5,The Vertex42® Money Manager can be a fairly simple money management tool. Like most,,
Help,B6,"spreadsheet applications, you should know that spreadsheets are error-prone. It is easy to",,
Help,B7,"make mistakes, accidentally delete things that should not be deleted, forget to copy formulas, ",,
Help,B8,"etc. If you are comfortable using Excel, know how to identify and fix formulas when needed,",,
Help,B9,"understand how to use basic row operations (delete, copy, inserted copied rows, etc.), are",,
Help,B10,"okay with the level of risk you take on by using a spreadsheet, and follow the instructions",,
Help,B11,"and guidelines, you should find this spreadsheet very useful.",,
Help,B12,,,
Help,B13,General Tips,,
Help,B14, - Edit cells with a gray border:,,
Help,C14,Input Cell,,
Help,B15, - Some of the labels include cell comments (marked with little red triangles) to provide,,
Help,B16,extra help information.,,
Help,C16,Label,,
Help,B17," - You can add your own cell comments! This is especially useful in the Budget worksheet,",,
Help,C17,,,
Help,B18,where you can create notes to explain irregular or variable expenses.,,
Help,B19," - If you see ""#####"" in a cell, widen the COLUMN to display the cell contents.",,
Help,B20," - This workbook uses a lot of conditional formatting. Look up ""conditional formatting"" online",,
Help,B21,or in the help system to learn how it works.,,
Help,B22," - You can add a limited amount of security by password protecting your workbook, but that ",,
Help,B23,can be easily bypassed by anyone with malicious intent. The security of your data is your,,
Help,B24,responsibility.,,
Help,B25, - Backup your file regularly to avoid losing data! Excel files DO get corrupted occasionally.,,
Help,A27,Step 1,,
Help,B27,Customize Categories,,
Help,B28,The easiest way to get started is to use the default set of budget categories.,,
Help,B29,,,
Help,B30,• Edit budget categories in the Budget worksheet only.,,
Help,B31,The other worksheets refer directly to the Budget worksheet.,,
Help,B32,• Do not insert more rows in the Budget or Report worksheets. This spreadsheet allows,,
Help,B33,"a limited number of budget categories. Although it is possible to add more, you will need",,
Help,B34,a lot more spreadsheet knowledge to make the necessary changes.,,
Help,B35,• Unhide the hidden rows in the Budget and Report worksheets if you need more categories.,,
Help,B36,• No Duplicate Category Names.,,
Help,B37,"Using duplicate category names will result in errors, but you may not notice the errors.",,
Help,B38,Make sure that each category is UNIQUE.,,
Help,B39,,,
Help,A40,Step 2,,
Help,B40,Define Your List of Accounts,,
Help,B41,Edit the Accounts worksheet. ,,
Help,B42,The list in the Accounts worksheet will populate the dropdown box in the Accounts column,,
Help,B43,of the Transactions worksheet.,,
Help,B44,,,
Help,B45,"TIP: If you start each account name with a different letter, Excel's autocomplete feature",,
Help,B46,will make entering the account much faster for you.,,
Help,B47,,,
Help,B48,Goals: The account list includes a place to list a Goal and the % column shows your progress,,
Help,B49,towards that goal. This may be useful for listing savings fund goals or check reserve amounts.,,
Help,B50,,,
Help,A51,Step 3,,
Help,B51,Define Your Yearly Budget,,
Help,B52,Define your budget using the Budget worksheet. Edit only the cells with the gray outline.,,
Help,B53,,,
Help,B54,Learn more about budgeting on Vertex42.com:,,
Help,B55,Budgeting Tips and Tools >,,
Help,C55,,,
Help,B56,Article: How to Budget >,,
Help,C56,,,
Help,B57,,,
Help,B58," • For a Financial Year that does not start in January: Before entering your yearly budget, ",,
Help,B59,"go to the Report worksheet and enter the ""Year Begins"" date. This will update the month",,
Help,B60,labels in the Budget worksheet.,,
Help,B61," • You can copy and paste the input cells within the Budget worksheet as needed. For example,",,
Help,B62,"enter an average fuel cost in January, then copy the value to other months.",,
Help,B63," • Use formulas to do basic calculations like ""=245/6"" to divide 245 by 6 or ""=34*2"" to multipy",,
Help,B64,"34 by 2, or ""=34+12+45"" to add a bunch of numbers. Formulas are entered using the ",,
Help,B65,"equals ""="" sign.",,
Help,A67,Step 4,,
Help,B67,Record Transactions,,
Help,B68,The Transactions worksheet lets you record transactions for multiple accounts. Think of a,,
Help,B69,PAYMENT as money leaving the account and a DEPOSIT as money entering the account.,,
Help,B70,Examples of different types of transactions are given below.,,
Help,B71,,,
Help,B72,"IMPORTANT: You must copy and paste entire rows when adding new rows, to ensure that",,
Help,B73,"all the formatting, data validation, and formulas get copied correctly.",,
Help,B74,THE MOST COMMON ERROR is inserting a new row and forgetting to copy formulas down.,,
Help,B75,"When you insert a blank row, some formatting is copied from the row above it automatically,",,
Help,B76,but formulas are not copied. You can press CTRL+d after inserting a new row to quickly,,
Help,B77,copy all formulas and formatting from the row immediately above.,,
Help,B79,Use the screenshot below as a guide for how to enter transactions.,,
Help,B97,"Date: To quickly enter the current date, use the keyboard shortcut CTRL+;",,
Help,C97,=TODAY(),,Help!C98
Help,B98,"The list of dates to the right is used to populate the drop-down box. For other dates,",,
Help,C98,=C97-1,C97,Help!C99
Help,B99,"you will need to enter the date manually. For a date in the current year, you can use the",,
Help,C99,=C98-1,C98,Help!C100
Help,B100,shortcut of just entering the month/day like 5/16.,,
Help,C100,=C99-1,C99,Help!C101
Help,C101,=C100-1,C100,Help!C102
Help,C102,=C101-1,C101,Help!C103
Help,C103,=C102-1,C102,Help!C104
Help,C104,=C103-1,C103,
Help,B106,"Num: This column is usually used to list the check number, but you can also use it to enter ",,
Help,B107,"""DEP"" for deposit, ""TXFR"" for transfer, ""EFT"" for electronic funds transfer, ""ACH"" for ",,
Help,B108,"Automated Clearing House transactions, etc.",,
Help,B109,,,
Help,B110,Category: The budget Category field is essential to the functionality of this workbook.,,
Help,B111,The dropdown list refers to the categories in the Budget worksheet.,,
Help,B112,,,
Help,B113,"If you enter a category that is not listed in the Budget worksheet, the cell is highlighted:",,
Help,C113,Cell Highlighted,,
Help,D113,: Category not found in the Categories worksheet,,
Help,B114,The highlighting is done via conditional formatting. If you insert rows in a way that does,,
Help,B115,"not copy formatting, you'll lose this error-checking feature.",,
Help,B116,,,
Help,B117,"IMPORTANT: If you have chosen a category such as ""Ted's Fund"" and then later remove ",,
Help,B118,"""Ted's Fund"" from the Budget worksheet, it will not be changed in the Transactions table",,
Help,B119,automatically. You will need to make sure that you find all the records that have used ,,
Help,B120,"""Ted's Fund"" as the Category and change them to something else.",,
Help,B121,,,
Help,A122,,,
Help,B122,Step 4-0: Delete the Sample Rows,,
Help,A124,,,
Help,B124,Step 4-1: Enter the beginning balance(s):,,
Help,B125,The Beginning Balance on JANUARY 1st for each account should be the first lines in the ,,
Help,B126,"register. If an account has a Negative balance (like a Credit Card), enter the balance as a",,
Help,A127,,,
Help,B127,"Positive value in the PAYMENT column. If an account has a Positive balance, enter the balance",,
Help,B128,as a Positive value in the DEPOSIT column. Use the Account Balance column to compare to,,
Help,B129,the balance shown on your bank or credit card statements.,,
Help,B130,,,
Help,A131,,,
Help,B131,Step 4-2: Add New Transactions:,,
Help,A132,,,
Help,B132,You will probably find that the fastest way to add new transactions is copy and paste similar ,,
Help,B133,"previous transactions. You can select one or more rows, copy them, and then paste them",,
Help,B134,"below the last transaction. Then, you just need to edit the cells that need to be changed.",,
Help,B135,,,
Help,B136,TIP: Always leave the last row in the table BLANK so that you can easily add new rows. To ,,
Help,B137,"add new rows, select the last row of the table (row 57 in the image below) and drag the fill",,
Help,B138,handle down to copy the row down to create as many new rows as you need.,,
Help,B139,,,
Help,B140,,,
Help,B141,,,
Help,B142,,,
Help,B143,,,
Help,B144,,,
Help,B145,Recording a SPLIT Transaction,,
Help,B146,"If a single transaction needs to be allocated to multiple budget categories, you need to create",,
Help,B147,a SPLIT transaction. You can do this by splitting the transaction into multiple transactions - ,,
Help,B148,"one for each category. You can use the MEMO field to indicate that the transaction is a ""Split"".",,
Help,B149,,,
Help,B150,ACCOUNT   DATE    NUM   PAYEE    MEMO    CATEGORY    PAYMENT,,
Help,B151,Checking  1/1/10  2032  Target   Split   Clothing      23.10,,
Help,B152,Checking  1/1/10  2032  Target   Split   Groceries     45.15,,
Help,B153,Checking  1/1/10  2032  Target   Split   Supplies      25.04,,
Help,B154,,,
Help,B155,"TIP: If you want to verify the total amount of the split transaction, you can do a quick",,
Help,B156,"calculation off to the side of the table using an Excel formula, like ""=SUM(H13:H15)""",,
Help,B157,,,
Help,B158,Recording a [Transfer] Between Spending Accounts,,
Help,B159,"Record a transfer by listing two transactions (one PAYMENT, one DEPOSIT) to offset each other.",,
Help,B160,"Choose ""[Transfer]"" as the Category for both transactions. For example, a $250 credit card",,
Help,B161,payment would be recorded as a transfer FROM your checking TO your credit card account:,,
Help,B162,,,
Help,B163,ACCOUNT     DATE    NUM   PAYEE            CATEGORY    PAYMENT  DEPOSIT,,
Help,B164,CreditCard  1/1/10  TXFR  [From Checking]  [Transfer]            150.00,,
Help,B165,Checking    1/1/10  TXFR  [To CreditCard]  [Transfer]   150.00,,
Help,B166,,,
Help,B167,"NOTE: The above example assumes that the ""payment"" to your Credit Card is to pay off the",,
Help,B168,charges that you have already recorded earlier in the Transaction History table for the ,,
Help,B169,CreditCard account. If you are NOT recording individual CreditCard transactions using the,,
Help,B170,"Transactions worksheet, or part of the $150.00 was to pay down an outstanding debt, then a ",,
Help,B171,"credit card payment would look like one of the following, where ""Credit Card #1"" is a category",,
Help,B172,under Obligations.,,
Help,B173,,,
Help,B174,"Example 1: Not using Credit Card #1 any more, but still owe money on it.",,
Help,B175,ACCOUNT     DATE    NUM   PAYEE           CATEGORY        PAYMENT,,
Help,B176,Checking    1/1/10        Credit Card     Credit Card #1   150.00,,
Help,B177,,,
Help,B178,Example 2: A portion of a credit card payment used to pay down $25.00 of outstanding debt.,,
Help,B179,ACCOUNT     DATE    NUM   PAYEE           MEMO   CATEGORY      PAYMENT  DEPOSIT,,
Help,B180,CreditCard  1/1/10  TXFR  [From Checking]        [Transfer]              150.00,,
Help,B181,Checking    1/1/10  TXFR  [To CreditCard] Split  [Transfer]     125.00,,
Help,B182,Checking    1/1/10  TXFR  [To CreditCard] Split  Credit Card #1  25.00,,
Help,B183,,,
Help,B184,Tracking a Loan Balance,,
Help,B185,"If you want to track a loan balance by listing it as one of your Accounts, you will need to ",,
Help,B186,"record a loan payment as a split transaction. For the following example, the loan payment",,
Help,B187,"of $500 consists of $300 principal, $150 interest, and $50 insurance. The $300 principal",,
Help,B188,portion is added to the loan account balance and recorded as a [Transfer].,,
Help,B189,,,
Help,B190,Example $500 Loan Payment where $300 is Principal,,
Help,B191,ACCOUNT     DATE    NUM   PAYEE           MEMO   CATEGORY      PAYMENT  DEPOSIT,,
Help,B192,Loan A      1/1/21  TXFR  [From Checking]        [Transfer]              300.00,,
Help,B193,Checking    1/1/21  TXFR  ABC Bank        Split  Debt Payoff    300.00,,
Help,B194,Checking    1/1/21  TXFR  ABC Bank        Split  Interest Exp   150.00,,
Help,B195,Checking    1/1/21  TXFR  ABC Bank        Split  Insurance       50.00,,
Help,B196,,,
Help,B197,Recording a [Transfer] To SAVINGS,,
Help,B198,"When budgeting, you treat a transfer to Savings as an expense. You'll notice in the Budget",,
Help,B199,worksheet that there are multiple savings goals listed as sub-categories under the main,,
Help,B200,"""To Savings"" category. Instead of just throwing money into Savings, you should allocate the ",,
Help,A201,,,
Help,B201,"money to specific savings goals based on percentages. For example, 50% to your Emergency",,
Help,B202,"Fund, 25% to Retirement, etc. You do this by recording the transfer as a SPLIT transaction:",,
Help,B203,"In the example below, the CATEGORY for the Savings account transaction is ""[Transfer]""",,
Help,B204,while the CATEGORY for the Checking account transaction(s) are budget sub-categories.,,
Help,B205,,,
Help,B206,ACCOUNT   DATE    NUM   PAYEE            CATEGORY       PAYMENT   DEPOSIT,,
Help,B207,Savings   1/1/10  TXFR  [From Checking]  [Transfer]                200.00,,
Help,B208,Checking  1/1/10  TXFR  [To Savings]     Emergency Fund  100.00,,
Help,B209,Checking  1/1/10  TXFR  [To Savings]     Retirement       50.00,,
Help,B210,Checking  1/1/10  TXFR  [To Savings]     College Fund     50.00,,
Help,B211,,,
Help,B212,Recording a Return or Refund,,
Help,B213,A very common approach for recording returns or refunds is to record them as a negative,,
Help,B214,"expense. As an example, let's say you purchased a blender from a department store and",,
Help,B215,"allocated the payment to your ""Appliances"" category. After returning the blender, the store",,
Help,B216,"credits your card. Instead of entering the credit as a deposit, enter the amount as a negative",,
Help,B217,payment as shown below. Doing this will credit the correct budget category instead of ,,
Help,B218,treating the return as income.,,
Help,B219,,,
Help,B220,Original Transaction:,,
Help,B221,ACCOUNT     DATE    NUM   PAYEE            CATEGORY    PAYMENT  DEPOSIT,,
Help,B222,CreditCard  1/1/10        The Big Store    Appliances    50.00,,
Help,B223,,,
Help,B224,Recording the Return:,,
Help,B225,ACCOUNT     DATE    NUM   PAYEE            CATEGORY    PAYMENT  DEPOSIT,,
Help,B226,CreditCard  1/5/10        The Big Store    Appliances   -50.00,,
Help,B227,,,
Help,B228,"Budgeting for Known Future Expenses (e.g. car, holiday, vacation, etc.)",,
Help,B229,"For large payments that are made once every few months or once a year, it is common to",,
Help,B230,estimate a monthly budget amount and transfer the monthly amount into a temporary,,
Help,B231,savings account so that you have enough money available when you need to pay the bill.,,
Help,B232,The transfers are recorded as expenses at the time the money is transferred as explained,,
Help,B233,"above in the section ""Recording a [Transfer] to SAVINGS.""",,
Help,B234,,,
Help,B235,"If you are recording those transfers to savings each month as an expense, then what do",,
Help,B236,you do when it comes time to pay the bill? You don't want to record the expense twice.,,
Help,B237,,,
Help,B238,If you can pay directly from your Savings account:,,
Help,B239,You have already recorded the payments as expenses when you transferred the money to,,
Help,B240,"Savings, so leave the Category blank when recording the payment. The payment will not",,
Help,B241,show up in your budget report a second time (because the Category column is blank).,,
Help,B242,,,
Help,B243,ACCOUNT   DATE    NUM   PAYEE            CATEGORY       PAYMENT   DEPOSIT,,
Help,B244,Savings   6/1/14  chk   ABC Insurance                   198.00,,
Help,B245,,,
Help,B246,If you can't pay directly from your Savings account:,,
Help,B247,"First transfer the amount saved from Savings to Checking, recording the transfer as a ",,
Help,B248,"credit to the expense category. Then, record the payment from Checking like normal.",,
Help,B249,,,
Help,B250,1. Record the Transfer from Savings to Checking as a Credit to the Expense Category,,
Help,B251,ACCOUNT   DATE    NUM   PAYEE            CATEGORY       PAYMENT   DEPOSIT,,
Help,B252,Savings   6/1/14  TXFR  [To Checking]    [Transfer]      200.00,,
Help,B253,Checking  6/1/14  TXFR  [From Savings]   Insurance                 200.00,,
Help,B254,,,
Help,B255,2. Record the Payment from Checking:,,
Help,B256,ACCOUNT   DATE    NUM   PAYEE            CATEGORY       PAYMENT   DEPOSIT,,
Help,B257,Checking  6/1/14  1023  ABC Insurance    Insurance       198.00,,
Help,B258,,,
Help,B259,"In the above example, the actual payment of 198.00 was lower than the previously budgeted",,
Help,B260,"total expense of 200.00, so you could end up seeing a value of -2.00 in the Actual column",,
Help,B261,of the report worksheet. This is similar to what you might see if you received a refund or,,
Help,B262,return for something you paid in a previous month.,,
Help,B263,,,
Help,B264,Budgeting for Known Future Expenses - Without Transfers Between Accounts,,
Help,B265,To allocate money to a savings or expense fund without transferring the money to a different,,
Help,B266,"account, you will need to add a pair of offset transactions for each allocation. The first entry",,
Help,B267,includes the budget category and the second entry does not. The payment and deposit amounts,,
Help,B268,"offset each other, so the account balance does not change. When you make the real payment,",,
Help,B269,you leave the Category blank. The following shows what this might look like for a quarterly,,
Help,B270,"health insurance payment, with monthly budget allocations.",,
Help,B271,ACCOUNT   DATE    NUM   PAYEE            CATEGORY           PAYMENT   DEPOSIT,,
Help,B272,Checking  1/1/10        [Allocation]     Health Insurance   200.00,,
Help,B273,Checking  1/1/10        [Allocation]                                  200.00,,
Help,B274,Checking  2/1/10        [Allocation]     Health Insurance   200.00,,
Help,B275,Checking  2/1/10        [Allocation]                                  200.00,,
Help,B276,Checking  3/1/10        [Allocation]     Health Insurance   200.00,,
Help,B277,Checking  3/1/10        [Allocation]                                  200.00,,
Help,B278,Checking  3/15/10       ABC Insurance                       600.00,,
Help,B279,,,
Help,B280,Tracking the Balance of Savings and Expense Funds,,
Help,B281,"If you choose to keep allocated funds within your spending account, you may want to keep",,
Help,B282,track of how much in your spending account is free to be used for other purposes and how,,
Help,B283,much has been allocated to future expenses. There are a couple methods for doing that:,,
Help,B284,,,
Help,B285,Method 1: Define a Virtual Sub-Account in the Accounts worksheet,,
Help,B286,"Using this method, you record entries in the Transactions worksheet just as you would if you",,
Help,B287,were transferring real money between accounts. Your bank statement will not show these,,
Help,B288,transactions because you are only listing them in your own spreadsheet. When you reconcile,,
Help,B289,"with your bank statements, remember to add the balances for the sub-accounts to the balance",,
Help,B290,of the main account.,,
Help,B291,,,
Help,B292,Method 2: Use a Separate Worksheet to Track Savings and Expense Funds,,
Help,B293,You can use the Goals worksheet to track any fund balance that you want to. You will need to,,
Help,B294,update the Goals worksheet in addition to recording the allocations in the Transactions,,
Help,B295,worksheet. The Goals worksheet is only for tracking the balance and is not linked to your,,
Help,B296,other budget worksheets.,,
Help,B297,,,
Help,B298,"Step 4-3: Record ""Cleared"" Transactions.",,
Help,B299,"When you see that charges have been processed or ""cleared"" by your bank, you should ",,
Help,B300,"enter a ""c"" in the reconcile (R) column for that transaction.",,
Help,B301,,,
Help,B302,The Cleared Balance in the transaction history table shows the Account balance for the,,
Help,B303,"transactions marked ""R"" for reconciled or ""c"" for cleared. This allows you to compare the ",,
Help,B304,Cleared Balance with the current balance shown on your bank statements.,,
Help,B305,,,
Help,A306,,,
Help,B306,The Account Balance reflects your actual or effective balance and is the one you should be ,,
Help,B307,looking at to stay on budget. The Cleared Balance is for comparing to your bank and credit ,,
Help,B308,"card statements. For example, when you write a check to a friend, it won't show up in your ",,
Help,B309,"bank account until they cash it. You should record the transaction immediately, to help you ",,
Help,B310,"stay on budget, but until the check shows up on your bank statement, your Cleared Balance ",,
Help,B311,"will be different from the Account Balance (until you enter a ""c"" or ""R"" in the reconcile column).",,
Help,B312,,,
Help,A313,,,
Help,B313,Step 4-4: Reconcile Your Accounts,,
Help,A314,,,
Help,B314,You should reconcile your accounts at least one a month. Reconciling is also commonly known ,,
Help,B315,"as ""balancing your checkbook"".",,
Help,B316,A. Get your bank and credit card statements,,
Help,B317,B. Review your statements for errors and fraudulent charges,,
Help,B318,"C. Your statements may include ATM fees, bank fees, or other transactions that you forget",,
Help,B319,to include in the Transactions worksheet. Add them.,,
Help,B320,D. Verify that the Cleared Balance (as of the Ending Statement Date) in the Transactions,,
Help,B321,worksheet matches the Statement Balance.,,
Help,B322,"E. Enter an ""R"" in the reconcile (R) column for every transaction that shows up on your",,
Help,B323,bank statement.,,
Help,B324,,,
Help,B325,"TIP: If you are familiar with using Excel lists or tables, you can use autofiltering to filter the",,
Help,B326,transaction history table to show a single account at a time.,,
Help,B327,,,
Help,B328,Step 4-5: Check Formulas,,
Help,B329,"If you do any type of customization, you should check that formulas in the spreadsheet are",,
Help,B330,still referring to the correct cells.,,
Help,A332,Step 5,,
Help,B332,Track Your Progress,,
Help,B333,A very important part of good money management is keeping track of how your current ,,
Help,B334,spending compares to your budget. You might check your budget status on a weekly or even ,,
Help,B335,"daily basis, but you should at least manage your money on a monthly basis.",,
Help,B336,,,
Help,B337,Using the Report Worksheet,,
Help,B338,Use the Report worksheet to compare your budget to your actual spending throughout ,,
Help,B339,"the month. Change the month by entering the month number (1 for Jan., 2 for Feb., etc.).",,
Help,B340,,,
Help,B341,The Report pulls the budget info from the Budget worksheet and the actual spending from ,,
Help,B342,"the Transactions worksheet, so you can view the report at any time during the month and",,
Help,B343,see how much you have left (or how much you have overspent) in each category.,,
Help,B344,,,
Help,B345,IMPORTANT: If the Report worksheet does not appear to be pulling information from the,,
Help,B346,"Transactions worksheet, please see Step 4-5 above (Check Formulas).",,
Help,B347,,,
Help,B348,Using the YearlyReport Worksheet,,
Help,B349,The YearlyReport worksheet is very similar to the Budget worksheet except that it calculates,,
Help,B350,amounts from the Transactions worksheet to show you an Income and Expense report.,,
Help,B352,"If you customize budget categories, you will need to make sure to edit the YearlyReport",,
Help,B353,worksheet so that all budget categories match.,,
Help,B355,Using the Goals Worksheet,,
Help,B356,"If you want to track separate short-term and long-term savings goals, you can use the Goals",,
Help,B357,worksheet. It isn't connected to any of the other worksheets in this workbook.,,
Help,B359,Worksheet Protection,,
Help,B360,   Some worksheets are protected to prevent accidental editing of cells and rows that are not,,
Help,B361,"meant to be edited. If you want to attempt to customize the spreadsheet, you can turn off",,
Help,B362,worksheet protection via Review > Unprotect Sheet.,,
Budget,A1, YEARLY BUDGET,,
Budget,B1,,,
Budget,C1,,,
Budget,D1,,,
Budget,E1,,,
Budget,F1,,,
Budget,G1,,,
Budget,H1,,,
Budget,I1,,,
Budget,J1,,,
Budget,K1,,,
Budget,L1,,,
Budget,M1,,,
Budget,N1,,,
Budget,O1,,,
Budget,P1,,,
Budget,A2,HELP,,
Budget,B2,,,
Budget,C2,,,
Budget,D2,,,
Budget,E2,,,
Budget,F2,,,
Budget,G2,,,
Budget,H2,,,
Budget,I2,,,
Budget,J2,,,
Budget,K2,,,
Budget,L2,,,
Budget,M2,,,
Budget,N2,,,
Budget,O2,,,
Budget,P2,© 2010-2019 Vertex42 LLC,,
Budget,R2, See the Help worksheet for instructions.,,
Budget,B4,Starting Balance,,
Budget,C4,0,,Budget!C8
Budget,N4,[42],,
Budget,O4,Total,,
Budget,P4,Average,,
Budget,A5,,,
Budget,B5,Total Income,,
Budget,C5,=C43,C43,"Budget!O5,Budget!P5,Budget!C7,Budget!C8"
Budget,D5,=D43,D43,"Budget!D7,Budget!D8"
Budget,E5,=E43,E43,"Budget!E7,Budget!E8"
Budget,F5,=F43,F43,"Budget!F7,Budget!F8"
Budget,G5,=G43,G43,"Budget!G7,Budget!G8"
Budget,H5,=H43,H43,"Budget!H7,Budget!H8"
Budget,I5,=I43,I43,"Budget!I7,Budget!I8"
Budget,J5,=J43,J43,"Budget!J7,Budget!J8"
Budget,K5,=K43,K43,"Budget!K7,Budget!K8"
Budget,L5,=L43,L43,"Budget!L7,Budget!L8"
Budget,M5,=M43,M43,"Budget!M7,Budget!M8"
Budget,N5,=N43,N43,"Budget!O5,Budget!P5,Budget!N7,Budget!N8"
Budget,O5,=SUM(C5:N5),"C5,N5",Budget!P5
Budget,P5,=O5/COLUMNS(C5:N5),"O5,C5,N5",
Budget,A6,,,
Budget,B6,Total Expenses,,
Budget,C6,=C146,C146,"Budget!O6,Budget!P6,Budget!C7,Budget!C8"
Budget,D6,=D146,D146,"Budget!D7,Budget!D8"
Budget,E6,=E146,E146,"Budget!E7,Budget!E8"
Budget,F6,=F146,F146,"Budget!F7,Budget!F8"
Budget,G6,=G146,G146,"Budget!G7,Budget!G8"
Budget,H6,=H146,H146,"Budget!H7,Budget!H8"
Budget,I6,=I146,I146,"Budget!I7,Budget!I8"
Budget,J6,=J146,J146,"Budget!J7,Budget!J8"
Budget,K6,=K146,K146,"Budget!K7,Budget!K8"
Budget,L6,=L146,L146,"Budget!L7,Budget!L8"
Budget,M6,=M146,M146,"Budget!M7,Budget!M8"
Budget,N6,=N146,N146,"Budget!O6,Budget!P6,Budget!N7,Budget!N8"
Budget,O6,=SUM(C6:N6),"C6,N6",Budget!P6
Budget,P6,=O6/COLUMNS(C6:N6),"O6,C6,N6",
Budget,Q6,,,
Budget,A7,,,
Budget,B7,NET (Income - Expenses),,
Budget,C7,=C5-C6,"C5,C6","Budget!O7,Budget!P7"
Budget,D7,=D5-D6,"D5,D6",
Budget,E7,=E5-E6,"E5,E6",
Budget,F7,=F5-F6,"F5,F6",
Budget,G7,=G5-G6,"G5,G6",
Budget,H7,=H5-H6,"H5,H6",
Budget,I7,=I5-I6,"I5,I6",
Budget,J7,=J5-J6,"J5,J6",
Budget,K7,=K5-K6,"K5,K6",
Budget,L7,=L5-L6,"L5,L6",
Budget,M7,=M5-M6,"M5,M6",
Budget,N7,=N5-N6,"N5,N6","Budget!O7,Budget!P7"
Budget,O7,=SUM(C7:N7),"C7,N7",Budget!P7
Budget,P7,=O7/COLUMNS(C7:N7),"O7,C7,N7",
Budget,Q7,,,
Budget,A8,,,
Budget,B8,Projected End Balance,,
Budget,C8,=C5-C6+C4,"C5,C6,C4",Budget!D8
Budget,D8,=C8+D5-D6,"C8,D5,D6",Budget!E8
Budget,E8,=D8+E5-E6,"D8,E5,E6",Budget!F8
Budget,F8,=E8+F5-F6,"E8,F5,F6",Budget!G8
Budget,G8,=F8+G5-G6,"F8,G5,G6",Budget!H8
Budget,H8,=G8+H5-H6,"G8,H5,H6",Budget!I8
Budget,I8,=H8+I5-I6,"H8,I5,I6",Budget!J8
Budget,J8,=I8+J5-J6,"I8,J5,J6",Budget!K8
Budget,K8,=J8+K5-K6,"J8,K5,K6",Budget!L8
Budget,L8,=K8+L5-L6,"K8,L5,L6",Budget!M8
Budget,M8,=L8+M5-M6,"L8,M5,M6",Budget!N8
Budget,N8,=M8+N5-N6,"M8,N5,N6",
Budget,O8,,,
Budget,P8,,,
Budget,Q8,,,
Budget,B9,,,
Budget,P9,,,
Budget,A10,,,
Budget,B10,,,
Budget,C10,=Report!B4,Report!B4,Budget!D10
Budget,D10,"=DATE(YEAR(C10),MONTH(C10)+1,1)",C10,Budget!E10
Budget,E10,"=DATE(YEAR(D10),MONTH(D10)+1,1)",D10,Budget!F10
Budget,F10,"=DATE(YEAR(E10),MONTH(E10)+1,1)",E10,Budget!G10
Budget,G10,"=DATE(YEAR(F10),MONTH(F10)+1,1)",F10,Budget!H10
Budget,H10,"=DATE(YEAR(G10),MONTH(G10)+1,1)",G10,Budget!I10
Budget,I10,"=DATE(YEAR(H10),MONTH(H10)+1,1)",H10,Budget!J10
Budget,J10,"=DATE(YEAR(I10),MONTH(I10)+1,1)",I10,Budget!K10
Budget,K10,"=DATE(YEAR(J10),MONTH(J10)+1,1)",J10,Budget!L10
Budget,L10,"=DATE(YEAR(K10),MONTH(K10)+1,1)",K10,Budget!M10
Budget,M10,"=DATE(YEAR(L10),MONTH(L10)+1,1)",L10,Budget!N10
Budget,N10,"=DATE(YEAR(M10),MONTH(M10)+1,1)",M10,
Budget,O10,Total,,
Budget,P10,Average,,
Budget,R10,"Note: The start month is based on ""Year Beginning"" in the Report worksheet",,
Budget,A12,INCOME CATEGORIES,,
Budget,B12,,,
Budget,C12,,,Budget!C43
Budget,D12,,,Budget!D43
Budget,E12,,,Budget!E43
Budget,F12,,,Budget!F43
Budget,G12,,,Budget!G43
Budget,H12,,,Budget!H43
Budget,I12,,,Budget!I43
Budget,J12,,,Budget!J43
Budget,K12,,,Budget!K43
Budget,L12,,,Budget!L43
Budget,M12,,,Budget!M43
Budget,N12,,,Budget!N43
Budget,O12,,,
Budget,P12,,,
Budget,R12,IMPORTANT:,,
Budget,A13,Dividends,,
Budget,B13,,,
Budget,C13,,,"Budget!O13,Budget!P13"
Budget,D13,,,
Budget,E13,,,
Budget,F13,,,
Budget,G13,,,
Budget,H13,,,
Budget,I13,,,
Budget,J13,,,
Budget,K13,,,
Budget,L13,,,
Budget,M13,,,
Budget,N13,,,"Budget!O13,Budget!P13"
Budget,O13,=SUM(C13:N13),"C13,N13",Budget!P13
Budget,P13,=O13/COLUMNS(C13:N13),"O13,C13,N13",
Budget,R13,"Do not insert or delete rows. If you need to add more categories,",,
Budget,A14,Financial Aid,,
Budget,B14,,,
Budget,C14,,,"Budget!O14,Budget!P14"
Budget,D14,,,
Budget,E14,,,
Budget,F14,,,
Budget,G14,,,
Budget,H14,,,
Budget,I14,,,
Budget,J14,,,
Budget,K14,,,
Budget,L14,,,
Budget,M14,,,
Budget,N14,,,"Budget!O14,Budget!P14"
Budget,O14,=SUM(C14:N14),"C14,N14",Budget!P14
Budget,P14,=O14/COLUMNS(C14:N14),"O14,C14,N14",
Budget,R14,consider using the original version of the money management,,
Budget,A15,Gifts Received,,
Budget,B15,,,
Budget,C15,,,"Budget!O15,Budget!P15"
Budget,D15,,,
Budget,E15,,,
Budget,F15,,,
Budget,G15,,,
Budget,H15,,,
Budget,I15,,,
Budget,J15,,,
Budget,K15,,,
Budget,L15,,,
Budget,M15,,,
Budget,N15,,,"Budget!O15,Budget!P15"
Budget,O15,=SUM(C15:N15),"C15,N15",Budget!P15
Budget,P15,=O15/COLUMNS(C15:N15),"O15,C15,N15",
Budget,R15,template.,,
Budget,A16,Interest Income,,
Budget,B16,,,
Budget,C16,,,"Budget!O16,Budget!P16"
Budget,D16,,,
Budget,E16,,,
Budget,F16,,,
Budget,G16,,,
Budget,H16,,,
Budget,I16,,,
Budget,J16,,,
Budget,K16,,,
Budget,L16,,,
Budget,M16,,,
Budget,N16,,,"Budget!O16,Budget!P16"
Budget,O16,=SUM(C16:N16),"C16,N16",Budget!P16
Budget,P16,=O16/COLUMNS(C16:N16),"O16,C16,N16",
Budget,R16,,,
Budget,A17,Other Income,,
Budget,B17,,,
Budget,C17,,,"Budget!O17,Budget!P17"
Budget,D17,,,
Budget,E17,,,
Budget,F17,,,
Budget,G17,,,
Budget,H17,,,
Budget,I17,,,
Budget,J17,,,
Budget,K17,,,
Budget,L17,,,
Budget,M17,,,
Budget,N17,,,"Budget!O17,Budget!P17"
Budget,O17,=SUM(C17:N17),"C17,N17",Budget!P17
Budget,P17,=O17/COLUMNS(C17:N17),"O17,C17,N17",
Budget,A18,Refunds/Reimbursements,,
Budget,B18,,,
Budget,C18,,,"Budget!O18,Budget!P18"
Budget,D18,,,
Budget,E18,,,
Budget,F18,,,
Budget,G18,,,
Budget,H18,,,
Budget,I18,,,
Budget,J18,,,
Budget,K18,,,
Budget,L18,,,
Budget,M18,,,
Budget,N18,,,"Budget!O18,Budget!P18"
Budget,O18,=SUM(C18:N18),"C18,N18",Budget!P18
Budget,P18,=O18/COLUMNS(C18:N18),"O18,C18,N18",
Budget,A19,Rental Income,,
Budget,B19,,,
Budget,C19,,,"Budget!O19,Budget!P19"
Budget,D19,,,
Budget,E19,,,
Budget,F19,,,
Budget,G19,,,
Budget,H19,,,
Budget,I19,,,
Budget,J19,,,
Budget,K19,,,
Budget,L19,,,
Budget,M19,,,
Budget,N19,,,"Budget!O19,Budget!P19"
Budget,O19,=SUM(C19:N19),"C19,N19",Budget!P19
Budget,P19,=O19/COLUMNS(C19:N19),"O19,C19,N19",
Budget,A20,Wages & Tips,,
Budget,B20,,,
Budget,C20,,,"Budget!O20,Budget!P20"
Budget,D20,,,
Budget,E20,,,
Budget,F20,,,
Budget,G20,,,
Budget,H20,,,
Budget,I20,,,
Budget,J20,,,
Budget,K20,,,
Budget,L20,,,
Budget,M20,,,
Budget,N20,,,"Budget!O20,Budget!P20"
Budget,O20,=SUM(C20:N20),"C20,N20",Budget!P20
Budget,P20,=O20/COLUMNS(C20:N20),"O20,C20,N20",
Budget,A21,,,
Budget,B21,,,
Budget,C21,,,"Budget!O21,Budget!P21"
Budget,D21,,,
Budget,E21,,,
Budget,F21,,,
Budget,G21,,,
Budget,H21,,,
Budget,I21,,,
Budget,J21,,,
Budget,K21,,,
Budget,L21,,,
Budget,M21,,,
Budget,N21,,,"Budget!O21,Budget!P21"
Budget,O21,=SUM(C21:N21),"C21,N21",Budget!P21
Budget,P21,=O21/COLUMNS(C21:N21),"O21,C21,N21",
Budget,A22,,,
Budget,B22,,,
Budget,C22,,,"Budget!O22,Budget!P22"
Budget,D22,,,
Budget,E22,,,
Budget,F22,,,
Budget,G22,,,
Budget,H22,,,
Budget,I22,,,
Budget,J22,,,
Budget,K22,,,
Budget,L22,,,
Budget,M22,,,
Budget,N22,,,"Budget!O22,Budget!P22"
Budget,O22,=SUM(C22:N22),"C22,N22",Budget!P22
Budget,P22,=O22/COLUMNS(C22:N22),"O22,C22,N22",
Budget,A23,,,
Budget,B23,,,
Budget,C23,,,"Budget!O23,Budget!P23"
Budget,D23,,,
Budget,E23,,,
Budget,F23,,,
Budget,G23,,,
Budget,H23,,,
Budget,I23,,,
Budget,J23,,,
Budget,K23,,,
Budget,L23,,,
Budget,M23,,,
Budget,N23,,,"Budget!O23,Budget!P23"
Budget,O23,=SUM(C23:N23),"C23,N23",Budget!P23
Budget,P23,=O23/COLUMNS(C23:N23),"O23,C23,N23",
Budget,A24,,,
Budget,B24,,,
Budget,C24,,,"Budget!O24,Budget!P24"
Budget,D24,,,
Budget,E24,,,
Budget,F24,,,
Budget,G24,,,
Budget,H24,,,
Budget,I24,,,
Budget,J24,,,
Budget,K24,,,
Budget,L24,,,
Budget,M24,,,
Budget,N24,,,"Budget!O24,Budget!P24"
Budget,O24,=SUM(C24:N24),"C24,N24",Budget!P24
Budget,P24,=O24/COLUMNS(C24:N24),"O24,C24,N24",
Budget,A25,,,
Budget,B25,,,
Budget,C25,,,"Budget!O25,Budget!P25"
Budget,D25,,,
Budget,E25,,,
Budget,F25,,,
Budget,G25,,,
Budget,H25,,,
Budget,I25,,,
Budget,J25,,,
Budget,K25,,,
Budget,L25,,,
Budget,M25,,,
Budget,N25,,,"Budget!O25,Budget!P25"
Budget,O25,=SUM(C25:N25),"C25,N25",Budget!P25
Budget,P25,=O25/COLUMNS(C25:N25),"O25,C25,N25",
Budget,A26,,,
Budget,B26,,,
Budget,C26,,,"Budget!O26,Budget!P26"
Budget,D26,,,
Budget,E26,,,
Budget,F26,,,
Budget,G26,,,
Budget,H26,,,
Budget,I26,,,
Budget,J26,,,
Budget,K26,,,
Budget,L26,,,
Budget,M26,,,
Budget,N26,,,"Budget!O26,Budget!P26"
Budget,O26,=SUM(C26:N26),"C26,N26",Budget!P26
Budget,P26,=O26/COLUMNS(C26:N26),"O26,C26,N26",
Budget,A27,,,
Budget,B27,,,
Budget,C27,,,"Budget!O27,Budget!P27"
Budget,D27,,,
Budget,E27,,,
Budget,F27,,,
Budget,G27,,,
Budget,H27,,,
Budget,I27,,,
Budget,J27,,,
Budget,K27,,,
Budget,L27,,,
Budget,M27,,,
Budget,N27,,,"Budget!O27,Budget!P27"
Budget,O27,=SUM(C27:N27),"C27,N27",Budget!P27
Budget,P27,=O27/COLUMNS(C27:N27),"O27,C27,N27",
Budget,A28,,,
Budget,B28,,,
Budget,C28,,,"Budget!O28,Budget!P28"
Budget,D28,,,
Budget,E28,,,
Budget,F28,,,
Budget,G28,,,
Budget,H28,,,
Budget,I28,,,
Budget,J28,,,
Budget,K28,,,
Budget,L28,,,
Budget,M28,,,
Budget,N28,,,"Budget!O28,Budget!P28"
Budget,O28,=SUM(C28:N28),"C28,N28",Budget!P28
Budget,P28,=O28/COLUMNS(C28:N28),"O28,C28,N28",
Budget,A29,,,
Budget,B29,,,
Budget,C29,,,"Budget!O29,Budget!P29"
Budget,D29,,,
Budget,E29,,,
Budget,F29,,,
Budget,G29,,,
Budget,H29,,,
Budget,I29,,,
Budget,J29,,,
Budget,K29,,,
Budget,L29,,,
Budget,M29,,,
Budget,N29,,,"Budget!O29,Budget!P29"
Budget,O29,=SUM(C29:N29),"C29,N29",Budget!P29
Budget,P29,=O29/COLUMNS(C29:N29),"O29,C29,N29",
Budget,A30,,,
Budget,B30,,,
Budget,C30,,,"Budget!O30,Budget!P30"
Budget,D30,,,
Budget,E30,,,
Budget,F30,,,
Budget,G30,,,
Budget,H30,,,
Budget,I30,,,
Budget,J30,,,
Budget,K30,,,
Budget,L30,,,
Budget,M30,,,
Budget,N30,,,"Budget!O30,Budget!P30"
Budget,O30,=SUM(C30:N30),"C30,N30",Budget!P30
Budget,P30,=O30/COLUMNS(C30:N30),"O30,C30,N30",
Budget,A31,,,
Budget,B31,,,
Budget,C31,,,"Budget!O31,Budget!P31"
Budget,D31,,,
Budget,E31,,,
Budget,F31,,,
Budget,G31,,,
Budget,H31,,,
Budget,I31,,,
Budget,J31,,,
Budget,K31,,,
Budget,L31,,,
Budget,M31,,,
Budget,N31,,,"Budget!O31,Budget!P31"
Budget,O31,=SUM(C31:N31),"C31,N31",Budget!P31
Budget,P31,=O31/COLUMNS(C31:N31),"O31,C31,N31",
Budget,A32,,,
Budget,B32,,,
Budget,C32,,,"Budget!O32,Budget!P32"
Budget,D32,,,
Budget,E32,,,
Budget,F32,,,
Budget,G32,,,
Budget,H32,,,
Budget,I32,,,
Budget,J32,,,
Budget,K32,,,
Budget,L32,,,
Budget,M32,,,
Budget,N32,,,"Budget!O32,Budget!P32"
Budget,O32,=SUM(C32:N32),"C32,N32",Budget!P32
Budget,P32,=O32/COLUMNS(C32:N32),"O32,C32,N32",
Budget,A33,,,
Budget,B33,,,
Budget,C33,,,"Budget!O33,Budget!P33"
Budget,D33,,,
Budget,E33,,,
Budget,F33,,,
Budget,G33,,,
Budget,H33,,,
Budget,I33,,,
Budget,J33,,,
Budget,K33,,,
Budget,L33,,,
Budget,M33,,,
Budget,N33,,,"Budget!O33,Budget!P33"
Budget,O33,=SUM(C33:N33),"C33,N33",Budget!P33
Budget,P33,=O33/COLUMNS(C33:N33),"O33,C33,N33",
Budget,A34,,,
Budget,B34,,,
Budget,C34,,,"Budget!O34,Budget!P34"
Budget,D34,,,
Budget,E34,,,
Budget,F34,,,
Budget,G34,,,
Budget,H34,,,
Budget,I34,,,
Budget,J34,,,
Budget,K34,,,
Budget,L34,,,
Budget,M34,,,
Budget,N34,,,"Budget!O34,Budget!P34"
Budget,O34,=SUM(C34:N34),"C34,N34",Budget!P34
Budget,P34,=O34/COLUMNS(C34:N34),"O34,C34,N34",
Budget,A35,,,
Budget,B35,,,
Budget,C35,,,"Budget!O35,Budget!P35"
Budget,D35,,,
Budget,E35,,,
Budget,F35,,,
Budget,G35,,,
Budget,H35,,,
Budget,I35,,,
Budget,J35,,,
Budget,K35,,,
Budget,L35,,,
Budget,M35,,,
Budget,N35,,,"Budget!O35,Budget!P35"
Budget,O35,=SUM(C35:N35),"C35,N35",Budget!P35
Budget,P35,=O35/COLUMNS(C35:N35),"O35,C35,N35",
Budget,A36,,,
Budget,B36,,,
Budget,C36,,,"Budget!O36,Budget!P36"
Budget,D36,,,
Budget,E36,,,
Budget,F36,,,
Budget,G36,,,
Budget,H36,,,
Budget,I36,,,
Budget,J36,,,
Budget,K36,,,
Budget,L36,,,
Budget,M36,,,
Budget,N36,,,"Budget!O36,Budget!P36"
Budget,O36,=SUM(C36:N36),"C36,N36",Budget!P36
Budget,P36,=O36/COLUMNS(C36:N36),"O36,C36,N36",
Budget,A37,,,
Budget,B37,,,
Budget,C37,,,"Budget!O37,Budget!P37"
Budget,D37,,,
Budget,E37,,,
Budget,F37,,,
Budget,G37,,,
Budget,H37,,,
Budget,I37,,,
Budget,J37,,,
Budget,K37,,,
Budget,L37,,,
Budget,M37,,,
Budget,N37,,,"Budget!O37,Budget!P37"
Budget,O37,=SUM(C37:N37),"C37,N37",Budget!P37
Budget,P37,=O37/COLUMNS(C37:N37),"O37,C37,N37",
Budget,A38,,,
Budget,B38,,,
Budget,C38,,,"Budget!O38,Budget!P38"
Budget,D38,,,
Budget,E38,,,
Budget,F38,,,
Budget,G38,,,
Budget,H38,,,
Budget,I38,,,
Budget,J38,,,
Budget,K38,,,
Budget,L38,,,
Budget,M38,,,
Budget,N38,,,"Budget!O38,Budget!P38"
Budget,O38,=SUM(C38:N38),"C38,N38",Budget!P38
Budget,P38,=O38/COLUMNS(C38:N38),"O38,C38,N38",
Budget,A39,,,
Budget,B39,,,
Budget,C39,,,"Budget!O39,Budget!P39"
Budget,D39,,,
Budget,E39,,,
Budget,F39,,,
Budget,G39,,,
Budget,H39,,,
Budget,I39,,,
Budget,J39,,,
Budget,K39,,,
Budget,L39,,,
Budget,M39,,,
Budget,N39,,,"Budget!O39,Budget!P39"
Budget,O39,=SUM(C39:N39),"C39,N39",Budget!P39
Budget,P39,=O39/COLUMNS(C39:N39),"O39,C39,N39",
Budget,A40,,,
Budget,B40,,,
Budget,C40,,,"Budget!O40,Budget!P40"
Budget,D40,,,
Budget,E40,,,
Budget,F40,,,
Budget,G40,,,
Budget,H40,,,
Budget,I40,,,
Budget,J40,,,
Budget,K40,,,
Budget,L40,,,
Budget,M40,,,
Budget,N40,,,"Budget!O40,Budget!P40"
Budget,O40,=SUM(C40:N40),"C40,N40",Budget!P40
Budget,P40,=O40/COLUMNS(C40:N40),"O40,C40,N40",
Budget,A41,,,
Budget,B41,,,
Budget,C41,,,"Budget!O41,Budget!P41"
Budget,D41,,,
Budget,E41,,,
Budget,F41,,,
Budget,G41,,,
Budget,H41,,,
Budget,I41,,,
Budget,J41,,,
Budget,K41,,,
Budget,L41,,,
Budget,M41,,,
Budget,N41,,,"Budget!O41,Budget!P41"
Budget,O41,=SUM(C41:N41),"C41,N41",Budget!P41
Budget,P41,=O41/COLUMNS(C41:N41),"O41,C41,N41",
Budget,A42,,,
Budget,B42,,,
Budget,C42,,,"Budget!O42,Budget!P42,Budget!C43"
Budget,D42,,,Budget!D43
Budget,E42,,,Budget!E43
Budget,F42,,,Budget!F43
Budget,G42,,,Budget!G43
Budget,H42,,,Budget!H43
Budget,I42,,,Budget!I43
Budget,J42,,,Budget!J43
Budget,K42,,,Budget!K43
Budget,L42,,,Budget!L43
Budget,M42,,,Budget!M43
Budget,N42,,,"Budget!O42,Budget!P42,Budget!N43"
Budget,O42,=SUM(C42:N42),"C42,N42",Budget!P42
Budget,P42,=O42/COLUMNS(C42:N42),"O42,C42,N42",
Budget,A43,,,
Budget,B43,Total Income,,
Budget,C43,=SUM(C12:C42),"C12,C42","Budget!C5,Budget!O43"
Budget,D43,=SUM(D12:D42),"D12,D42",Budget!D5
Budget,E43,=SUM(E12:E42),"E12,E42",Budget!E5
Budget,F43,=SUM(F12:F42),"F12,F42",Budget!F5
Budget,G43,=SUM(G12:G42),"G12,G42",Budget!G5
Budget,H43,=SUM(H12:H42),"H12,H42",Budget!H5
Budget,I43,=SUM(I12:I42),"I12,I42",Budget!I5
Budget,J43,=SUM(J12:J42),"J12,J42",Budget!J5
Budget,K43,=SUM(K12:K42),"K12,K42",Budget!K5
Budget,L43,=SUM(L12:L42),"L12,L42",Budget!L5
Budget,M43,=SUM(M12:M42),"M12,M42",Budget!M5
Budget,N43,=SUM(N12:N42),"N12,N42","Budget!N5,Budget!O43"
Budget,O43,=SUM(C43:N43),"C43,N43",Budget!P43
Budget,P43,=O43/12,O43,
Budget,A45,EXPENSE CATEGORIES,,
Budget,B45,,,
Budget,C45,,,Budget!C146
Budget,D45,,,Budget!D146
Budget,E45,,,Budget!E146
Budget,F45,,,Budget!F146
Budget,G45,,,Budget!G146
Budget,H45,,,Budget!H146
Budget,I45,,,Budget!I146
Budget,J45,,,Budget!J146
Budget,K45,,,Budget!K146
Budget,L45,,,Budget!L146
Budget,M45,,,Budget!M146
Budget,N45,,,Budget!N146
Budget,O45,,,
Budget,P45,,,
Budget,A46,Alimony,,
Budget,B46,,,
Budget,C46,,,"Budget!O46,Budget!P46"
Budget,D46,,,
Budget,E46,,,
Budget,F46,,,
Budget,G46,,,
Budget,H46,,,
Budget,I46,,,
Budget,J46,,,
Budget,K46,,,
Budget,L46,,,
Budget,M46,,,
Budget,N46,,,"Budget!O46,Budget!P46"
Budget,O46,=SUM(C46:N46),"C46,N46",Budget!P46
Budget,P46,=O46/COLUMNS(C46:N46),"O46,C46,N46",
Budget,A47,Car Insurance,,
Budget,B47,,,
Budget,C47,,,"Budget!O47,Budget!P47"
Budget,D47,,,
Budget,E47,,,
Budget,F47,,,
Budget,G47,,,
Budget,H47,,,
Budget,I47,,,
Budget,J47,,,
Budget,K47,,,
Budget,L47,,,
Budget,M47,,,
Budget,N47,,,"Budget!O47,Budget!P47"
Budget,O47,=SUM(C47:N47),"C47,N47",Budget!P47
Budget,P47,=O47/COLUMNS(C47:N47),"O47,C47,N47",
Budget,A48,Car Payment,,
Budget,B48,,,
Budget,C48,,,"Budget!O48,Budget!P48"
Budget,D48,,,
Budget,E48,,,
Budget,F48,,,
Budget,G48,,,
Budget,H48,,,
Budget,I48,,,
Budget,J48,,,
Budget,K48,,,
Budget,L48,,,
Budget,M48,,,
Budget,N48,,,"Budget!O48,Budget!P48"
Budget,O48,=SUM(C48:N48),"C48,N48",Budget!P48
Budget,P48,=O48/COLUMNS(C48:N48),"O48,C48,N48",
Budget,A49,Car Repair / Licenses,,
Budget,B49,,,
Budget,C49,,,"Budget!O49,Budget!P49"
Budget,D49,,,
Budget,E49,,,
Budget,F49,,,
Budget,G49,,,
Budget,H49,,,
Budget,I49,,,
Budget,J49,,,
Budget,K49,,,
Budget,L49,,,
Budget,M49,,,
Budget,N49,,,"Budget!O49,Budget!P49"
Budget,O49,=SUM(C49:N49),"C49,N49",Budget!P49
Budget,P49,=O49/COLUMNS(C49:N49),"O49,C49,N49",
Budget,A50,Car Replacement Fund,,
Budget,B50,,,
Budget,C50,,,"Budget!O50,Budget!P50"
Budget,D50,,,
Budget,E50,,,
Budget,F50,,,
Budget,G50,,,
Budget,H50,,,
Budget,I50,,,
Budget,J50,,,
Budget,K50,,,
Budget,L50,,,
Budget,M50,,,
Budget,N50,,,"Budget!O50,Budget!P50"
Budget,O50,=SUM(C50:N50),"C50,N50",Budget!P50
Budget,P50,=O50/COLUMNS(C50:N50),"O50,C50,N50",
Budget,A51,Charity,,
Budget,B51,,,
Budget,C51,,,"Budget!O51,Budget!P51"
Budget,D51,,,
Budget,E51,,,
Budget,F51,,,
Budget,G51,,,
Budget,H51,,,
Budget,I51,,,
Budget,J51,,,
Budget,K51,,,
Budget,L51,,,
Budget,M51,,,
Budget,N51,,,"Budget!O51,Budget!P51"
Budget,O51,=SUM(C51:N51),"C51,N51",Budget!P51
Budget,P51,=O51/COLUMNS(C51:N51),"O51,C51,N51",
Budget,A52,Child Care,,
Budget,B52,,,
Budget,C52,,,"Budget!O52,Budget!P52"
Budget,D52,,,
Budget,E52,,,
Budget,F52,,,
Budget,G52,,,
Budget,H52,,,
Budget,I52,,,
Budget,J52,,,
Budget,K52,,,
Budget,L52,,,
Budget,M52,,,
Budget,N52,,,"Budget!O52,Budget!P52"
Budget,O52,=SUM(C52:N52),"C52,N52",Budget!P52
Budget,P52,=O52/COLUMNS(C52:N52),"O52,C52,N52",
Budget,A53,Cleaning,,
Budget,B53,,,
Budget,C53,,,"Budget!O53,Budget!P53"
Budget,D53,,,
Budget,E53,,,
Budget,F53,,,
Budget,G53,,,
Budget,H53,,,
Budget,I53,,,
Budget,J53,,,
Budget,K53,,,
Budget,L53,,,
Budget,M53,,,
Budget,N53,,,"Budget!O53,Budget!P53"
Budget,O53,=SUM(C53:N53),"C53,N53",Budget!P53
Budget,P53,=O53/COLUMNS(C53:N53),"O53,C53,N53",
Budget,A54,Clothing,,
Budget,B54,,,
Budget,C54,,,"Budget!O54,Budget!P54"
Budget,D54,,,
Budget,E54,,,
Budget,F54,,,
Budget,G54,,,
Budget,H54,,,
Budget,I54,,,
Budget,J54,,,
Budget,K54,,,
Budget,L54,,,
Budget,M54,,,
Budget,N54,,,"Budget!O54,Budget!P54"
Budget,O54,=SUM(C54:N54),"C54,N54",Budget!P54
Budget,P54,=O54/COLUMNS(C54:N54),"O54,C54,N54",
Budget,A55,Debt,,
Budget,B55,,,
Budget,C55,,,"Budget!O55,Budget!P55"
Budget,D55,,,
Budget,E55,,,
Budget,F55,,,
Budget,G55,,,
Budget,H55,,,
Budget,I55,,,
Budget,J55,,,
Budget,K55,,,
Budget,L55,,,
Budget,M55,,,
Budget,N55,,,"Budget!O55,Budget!P55"
Budget,O55,=SUM(C55:N55),"C55,N55",Budget!P55
Budget,P55,=O55/COLUMNS(C55:N55),"O55,C55,N55",
Budget,A56,Dining,,
Budget,B56,,,
Budget,C56,,,"Budget!O56,Budget!P56"
Budget,D56,,,
Budget,E56,,,
Budget,F56,,,
Budget,G56,,,
Budget,H56,,,
Budget,I56,,,
Budget,J56,,,
Budget,K56,,,
Budget,L56,,,
Budget,M56,,,
Budget,N56,,,"Budget!O56,Budget!P56"
Budget,O56,=SUM(C56:N56),"C56,N56",Budget!P56
Budget,P56,=O56/COLUMNS(C56:N56),"O56,C56,N56",
Budget,A57,Discretionary,,
Budget,B57,,,
Budget,C57,,,"Budget!O57,Budget!P57"
Budget,D57,,,
Budget,E57,,,
Budget,F57,,,
Budget,G57,,,
Budget,H57,,,
Budget,I57,,,
Budget,J57,,,
Budget,K57,,,
Budget,L57,,,
Budget,M57,,,
Budget,N57,,,"Budget!O57,Budget!P57"
Budget,O57,=SUM(C57:N57),"C57,N57",Budget!P57
Budget,P57,=O57/COLUMNS(C57:N57),"O57,C57,N57",
Budget,A58,Doctor / Dentist,,
Budget,B58,,,
Budget,C58,,,"Budget!O58,Budget!P58"
Budget,D58,,,
Budget,E58,,,
Budget,F58,,,
Budget,G58,,,
Budget,H58,,,
Budget,I58,,,
Budget,J58,,,
Budget,K58,,,
Budget,L58,,,
Budget,M58,,,
Budget,N58,,,"Budget!O58,Budget!P58"
Budget,O58,=SUM(C58:N58),"C58,N58",Budget!P58
Budget,P58,=O58/COLUMNS(C58:N58),"O58,C58,N58",
Budget,A59,Education,,
Budget,B59,,,
Budget,C59,,,"Budget!O59,Budget!P59"
Budget,D59,,,
Budget,E59,,,
Budget,F59,,,
Budget,G59,,,
Budget,H59,,,
Budget,I59,,,
Budget,J59,,,
Budget,K59,,,
Budget,L59,,,
Budget,M59,,,
Budget,N59,,,"Budget!O59,Budget!P59"
Budget,O59,=SUM(C59:N59),"C59,N59",Budget!P59
Budget,P59,=O59/COLUMNS(C59:N59),"O59,C59,N59",
Budget,A60,Emergency Fund,,
Budget,B60,,,
Budget,C60,,,"Budget!O60,Budget!P60"
Budget,D60,,,
Budget,E60,,,
Budget,F60,,,
Budget,G60,,,
Budget,H60,,,
Budget,I60,,,
Budget,J60,,,
Budget,K60,,,
Budget,L60,,,
Budget,M60,,,
Budget,N60,,,"Budget!O60,Budget!P60"
Budget,O60,=SUM(C60:N60),"C60,N60",Budget!P60
Budget,P60,=O60/COLUMNS(C60:N60),"O60,C60,N60",
Budget,A61,Fuel,,
Budget,B61,,,
Budget,C61,,,"Budget!O61,Budget!P61"
Budget,D61,,,
Budget,E61,,,
Budget,F61,,,
Budget,G61,,,
Budget,H61,,,
Budget,I61,,,
Budget,J61,,,
Budget,K61,,,
Budget,L61,,,
Budget,M61,,,
Budget,N61,,,"Budget!O61,Budget!P61"
Budget,O61,=SUM(C61:N61),"C61,N61",Budget!P61
Budget,P61,=O61/COLUMNS(C61:N61),"O61,C61,N61",
Budget,A62,Fun / Entertainment,,
Budget,B62,,,
Budget,C62,,,"Budget!O62,Budget!P62"
Budget,D62,,,
Budget,E62,,,
Budget,F62,,,
Budget,G62,,,
Budget,H62,,,
Budget,I62,,,
Budget,J62,,,
Budget,K62,,,
Budget,L62,,,
Budget,M62,,,
Budget,N62,,,"Budget!O62,Budget!P62"
Budget,O62,=SUM(C62:N62),"C62,N62",Budget!P62
Budget,P62,=O62/COLUMNS(C62:N62),"O62,C62,N62",
Budget,A63,Furniture / Appliances,,
Budget,B63,,,
Budget,C63,,,"Budget!O63,Budget!P63"
Budget,D63,,,
Budget,E63,,,
Budget,F63,,,
Budget,G63,,,
Budget,H63,,,
Budget,I63,,,
Budget,J63,,,
Budget,K63,,,
Budget,L63,,,
Budget,M63,,,
Budget,N63,,,"Budget!O63,Budget!P63"
Budget,O63,=SUM(C63:N63),"C63,N63",Budget!P63
Budget,P63,=O63/COLUMNS(C63:N63),"O63,C63,N63",
Budget,A64,Gifts Given,,
Budget,B64,,,
Budget,C64,,,"Budget!O64,Budget!P64"
Budget,D64,,,
Budget,E64,,,
Budget,F64,,,
Budget,G64,,,
Budget,H64,,,
Budget,I64,,,
Budget,J64,,,
Budget,K64,,,
Budget,L64,,,
Budget,M64,,,
Budget,N64,,,"Budget!O64,Budget!P64"
Budget,O64,=SUM(C64:N64),"C64,N64",Budget!P64
Budget,P64,=O64/COLUMNS(C64:N64),"O64,C64,N64",
Budget,A65,Groceries,,
Budget,B65,,,
Budget,C65,,,"Budget!O65,Budget!P65"
Budget,D65,,,
Budget,E65,,,
Budget,F65,,,
Budget,G65,,,
Budget,H65,,,
Budget,I65,,,
Budget,J65,,,
Budget,K65,,,
Budget,L65,,,
Budget,M65,,,
Budget,N65,,,"Budget!O65,Budget!P65"
Budget,O65,=SUM(C65:N65),"C65,N65",Budget!P65
Budget,P65,=O65/COLUMNS(C65:N65),"O65,C65,N65",
Budget,A66,Health Insurance,,
Budget,B66,,,
Budget,C66,,,"Budget!O66,Budget!P66"
Budget,D66,,,
Budget,E66,,,
Budget,F66,,,
Budget,G66,,,
Budget,H66,,,
Budget,I66,,,
Budget,J66,,,
Budget,K66,,,
Budget,L66,,,
Budget,M66,,,
Budget,N66,,,"Budget!O66,Budget!P66"
Budget,O66,=SUM(C66:N66),"C66,N66",Budget!P66
Budget,P66,=O66/COLUMNS(C66:N66),"O66,C66,N66",
Budget,A67,Home Insurance,,
Budget,B67,,,
Budget,C67,,,"Budget!O67,Budget!P67"
Budget,D67,,,
Budget,E67,,,
Budget,F67,,,
Budget,G67,,,
Budget,H67,,,
Budget,I67,,,
Budget,J67,,,
Budget,K67,,,
Budget,L67,,,
Budget,M67,,,
Budget,N67,,,"Budget!O67,Budget!P67"
Budget,O67,=SUM(C67:N67),"C67,N67",Budget!P67
Budget,P67,=O67/COLUMNS(C67:N67),"O67,C67,N67",
Budget,A68,Home Supplies,,
Budget,B68,,,
Budget,C68,,,"Budget!O68,Budget!P68"
Budget,D68,,,
Budget,E68,,,
Budget,F68,,,
Budget,G68,,,
Budget,H68,,,
Budget,I68,,,
Budget,J68,,,
Budget,K68,,,
Budget,L68,,,
Budget,M68,,,
Budget,N68,,,"Budget!O68,Budget!P68"
Budget,O68,=SUM(C68:N68),"C68,N68",Budget!P68
Budget,P68,=O68/COLUMNS(C68:N68),"O68,C68,N68",
Budget,A69,Interest Expense,,
Budget,B69,,,
Budget,C69,,,"Budget!O69,Budget!P69"
Budget,D69,,,
Budget,E69,,,
Budget,F69,,,
Budget,G69,,,
Budget,H69,,,
Budget,I69,,,
Budget,J69,,,
Budget,K69,,,
Budget,L69,,,
Budget,M69,,,
Budget,N69,,,"Budget!O69,Budget!P69"
Budget,O69,=SUM(C69:N69),"C69,N69",Budget!P69
Budget,P69,=O69/COLUMNS(C69:N69),"O69,C69,N69",
Budget,A70,Life Insurance,,
Budget,B70,,,
Budget,C70,,,"Budget!O70,Budget!P70"
Budget,D70,,,
Budget,E70,,,
Budget,F70,,,
Budget,G70,,,
Budget,H70,,,
Budget,I70,,,
Budget,J70,,,
Budget,K70,,,
Budget,L70,,,
Budget,M70,,,
Budget,N70,,,"Budget!O70,Budget!P70"
Budget,O70,=SUM(C70:N70),"C70,N70",Budget!P70
Budget,P70,=O70/COLUMNS(C70:N70),"O70,C70,N70",
Budget,A71,Medicine,,
Budget,B71,,,
Budget,C71,,,"Budget!O71,Budget!P71"
Budget,D71,,,
Budget,E71,,,
Budget,F71,,,
Budget,G71,,,
Budget,H71,,,
Budget,I71,,,
Budget,J71,,,
Budget,K71,,,
Budget,L71,,,
Budget,M71,,,
Budget,N71,,,"Budget!O71,Budget!P71"
Budget,O71,=SUM(C71:N71),"C71,N71",Budget!P71
Budget,P71,=O71/COLUMNS(C71:N71),"O71,C71,N71",
Budget,A72,Miscellaneous,,
Budget,B72,,,
Budget,C72,,,"Budget!O72,Budget!P72"
Budget,D72,,,
Budget,E72,,,
Budget,F72,,,
Budget,G72,,,
Budget,H72,,,
Budget,I72,,,
Budget,J72,,,
Budget,K72,,,
Budget,L72,,,
Budget,M72,,,
Budget,N72,,,"Budget!O72,Budget!P72"
Budget,O72,=SUM(C72:N72),"C72,N72",Budget!P72
Budget,P72,=O72/COLUMNS(C72:N72),"O72,C72,N72",
Budget,A73,Mortgage / Rent,,
Budget,B73,,,
Budget,C73,,,"Budget!O73,Budget!P73"
Budget,D73,,,
Budget,E73,,,
Budget,F73,,,
Budget,G73,,,
Budget,H73,,,
Budget,I73,,,
Budget,J73,,,
Budget,K73,,,
Budget,L73,,,
Budget,M73,,,
Budget,N73,,,"Budget!O73,Budget!P73"
Budget,O73,=SUM(C73:N73),"C73,N73",Budget!P73
Budget,P73,=O73/COLUMNS(C73:N73),"O73,C73,N73",
Budget,A74,Other Savings,,
Budget,B74,,,
Budget,C74,,,"Budget!O74,Budget!P74"
Budget,D74,,,
Budget,E74,,,
Budget,F74,,,
Budget,G74,,,
Budget,H74,,,
Budget,I74,,,
Budget,J74,,,
Budget,K74,,,
Budget,L74,,,
Budget,M74,,,
Budget,N74,,,"Budget!O74,Budget!P74"
Budget,O74,=SUM(C74:N74),"C74,N74",Budget!P74
Budget,P74,=O74/COLUMNS(C74:N74),"O74,C74,N74",
Budget,A75,Other_1,,
Budget,B75,,,
Budget,C75,,,"Budget!O75,Budget!P75"
Budget,D75,,,
Budget,E75,,,
Budget,F75,,,
Budget,G75,,,
Budget,H75,,,
Budget,I75,,,
Budget,J75,,,
Budget,K75,,,
Budget,L75,,,
Budget,M75,,,
Budget,N75,,,"Budget!O75,Budget!P75"
Budget,O75,=SUM(C75:N75),"C75,N75",Budget!P75
Budget,P75,=O75/COLUMNS(C75:N75),"O75,C75,N75",
Budget,A76,Other_2,,
Budget,B76,,,
Budget,C76,,,"Budget!O76,Budget!P76"
Budget,D76,,,
Budget,E76,,,
Budget,F76,,,
Budget,G76,,,
Budget,H76,,,
Budget,I76,,,
Budget,J76,,,
Budget,K76,,,
Budget,L76,,,
Budget,M76,,,
Budget,N76,,,"Budget!O76,Budget!P76"
Budget,O76,=SUM(C76:N76),"C76,N76",Budget!P76
Budget,P76,=O76/COLUMNS(C76:N76),"O76,C76,N76",
Budget,A77,Other_3,,
Budget,B77,,,
Budget,C77,,,"Budget!O77,Budget!P77"
Budget,D77,,,
Budget,E77,,,
Budget,F77,,,
Budget,G77,,,
Budget,H77,,,
Budget,I77,,,
Budget,J77,,,
Budget,K77,,,
Budget,L77,,,
Budget,M77,,,
Budget,N77,,,"Budget!O77,Budget!P77"
Budget,O77,=SUM(C77:N77),"C77,N77",Budget!P77
Budget,P77,=O77/COLUMNS(C77:N77),"O77,C77,N77",
Budget,A78,Other_4,,
Budget,B78,,,
Budget,C78,,,"Budget!O78,Budget!P78"
Budget,D78,,,
Budget,E78,,,
Budget,F78,,,
Budget,G78,,,
Budget,H78,,,
Budget,I78,,,
Budget,J78,,,
Budget,K78,,,
Budget,L78,,,
Budget,M78,,,
Budget,N78,,,"Budget!O78,Budget!P78"
Budget,O78,=SUM(C78:N78),"C78,N78",Budget!P78
Budget,P78,=O78/COLUMNS(C78:N78),"O78,C78,N78",
Budget,A79,Other_5,,
Budget,B79,,,
Budget,C79,,,"Budget!O79,Budget!P79"
Budget,D79,,,
Budget,E79,,,
Budget,F79,,,
Budget,G79,,,
Budget,H79,,,
Budget,I79,,,
Budget,J79,,,
Budget,K79,,,
Budget,L79,,,
Budget,M79,,,
Budget,N79,,,"Budget!O79,Budget!P79"
Budget,O79,=SUM(C79:N79),"C79,N79",Budget!P79
Budget,P79,=O79/COLUMNS(C79:N79),"O79,C79,N79",
Budget,A80,Personal Supplies,,
Budget,B80,,,
Budget,C80,,,"Budget!O80,Budget!P80"
Budget,D80,,,
Budget,E80,,,
Budget,F80,,,
Budget,G80,,,
Budget,H80,,,
Budget,I80,,,
Budget,J80,,,
Budget,K80,,,
Budget,L80,,,
Budget,M80,,,
Budget,N80,,,"Budget!O80,Budget!P80"
Budget,O80,=SUM(C80:N80),"C80,N80",Budget!P80
Budget,P80,=O80/COLUMNS(C80:N80),"O80,C80,N80",
Budget,A81,Retirement Fund,,
Budget,B81,,,
Budget,C81,,,"Budget!O81,Budget!P81"
Budget,D81,,,
Budget,E81,,,
Budget,F81,,,
Budget,G81,,,
Budget,H81,,,
Budget,I81,,,
Budget,J81,,,
Budget,K81,,,
Budget,L81,,,
Budget,M81,,,
Budget,N81,,,"Budget!O81,Budget!P81"
Budget,O81,=SUM(C81:N81),"C81,N81",Budget!P81
Budget,P81,=O81/COLUMNS(C81:N81),"O81,C81,N81",
Budget,A82,Subscriptions/Dues,,
Budget,B82,,,
Budget,C82,,,"Budget!O82,Budget!P82"
Budget,D82,,,
Budget,E82,,,
Budget,F82,,,
Budget,G82,,,
Budget,H82,,,
Budget,I82,,,
Budget,J82,,,
Budget,K82,,,
Budget,L82,,,
Budget,M82,,,
Budget,N82,,,"Budget!O82,Budget!P82"
Budget,O82,=SUM(C82:N82),"C82,N82",Budget!P82
Budget,P82,=O82/COLUMNS(C82:N82),"O82,C82,N82",
Budget,A83,Taxes,,
Budget,B83,,,
Budget,C83,,,"Budget!O83,Budget!P83"
Budget,D83,,,
Budget,E83,,,
Budget,F83,,,
Budget,G83,,,
Budget,H83,,,
Budget,I83,,,
Budget,J83,,,
Budget,K83,,,
Budget,L83,,,
Budget,M83,,,
Budget,N83,,,"Budget!O83,Budget!P83"
Budget,O83,=SUM(C83:N83),"C83,N83",Budget!P83
Budget,P83,=O83/COLUMNS(C83:N83),"O83,C83,N83",
Budget,A84,Util. Electricity,,
Budget,B84,,,
Budget,C84,,,"Budget!O84,Budget!P84"
Budget,D84,,,
Budget,E84,,,
Budget,F84,,,
Budget,G84,,,
Budget,H84,,,
Budget,I84,,,
Budget,J84,,,
Budget,K84,,,
Budget,L84,,,
Budget,M84,,,
Budget,N84,,,"Budget!O84,Budget!P84"
Budget,O84,=SUM(C84:N84),"C84,N84",Budget!P84
Budget,P84,=O84/COLUMNS(C84:N84),"O84,C84,N84",
Budget,A85,Util. Gas,,
Budget,B85,,,
Budget,C85,,,"Budget!O85,Budget!P85"
Budget,D85,,,
Budget,E85,,,
Budget,F85,,,
Budget,G85,,,
Budget,H85,,,
Budget,I85,,,
Budget,J85,,,
Budget,K85,,,
Budget,L85,,,
Budget,M85,,,
Budget,N85,,,"Budget!O85,Budget!P85"
Budget,O85,=SUM(C85:N85),"C85,N85",Budget!P85
Budget,P85,=O85/COLUMNS(C85:N85),"O85,C85,N85",
Budget,A86,Util. Phone(s),,
Budget,B86,,,
Budget,C86,,,"Budget!O86,Budget!P86"
Budget,D86,,,
Budget,E86,,,
Budget,F86,,,
Budget,G86,,,
Budget,H86,,,
Budget,I86,,,
Budget,J86,,,
Budget,K86,,,
Budget,L86,,,
Budget,M86,,,
Budget,N86,,,"Budget!O86,Budget!P86"
Budget,O86,=SUM(C86:N86),"C86,N86",Budget!P86
Budget,P86,=O86/COLUMNS(C86:N86),"O86,C86,N86",
Budget,A87,Util. TV / Internet,,
Budget,B87,,,
Budget,C87,,,"Budget!O87,Budget!P87"
Budget,D87,,,
Budget,E87,,,
Budget,F87,,,
Budget,G87,,,
Budget,H87,,,
Budget,I87,,,
Budget,J87,,,
Budget,K87,,,
Budget,L87,,,
Budget,M87,,,
Budget,N87,,,"Budget!O87,Budget!P87"
Budget,O87,=SUM(C87:N87),"C87,N87",Budget!P87
Budget,P87,=O87/COLUMNS(C87:N87),"O87,C87,N87",
Budget,A88,Util. Water,,
Budget,B88,,,
Budget,C88,,,"Budget!O88,Budget!P88"
Budget,D88,,,
Budget,E88,,,
Budget,F88,,,
Budget,G88,,,
Budget,H88,,,
Budget,I88,,,
Budget,J88,,,
Budget,K88,,,
Budget,L88,,,
Budget,M88,,,
Budget,N88,,,"Budget!O88,Budget!P88"
Budget,O88,=SUM(C88:N88),"C88,N88",Budget!P88
Budget,P88,=O88/COLUMNS(C88:N88),"O88,C88,N88",
Budget,A89,,,
Budget,B89,,,
Budget,C89,,,"Budget!O89,Budget!P89"
Budget,D89,,,
Budget,E89,,,
Budget,F89,,,
Budget,G89,,,
Budget,H89,,,
Budget,I89,,,
Budget,J89,,,
Budget,K89,,,
Budget,L89,,,
Budget,M89,,,
Budget,N89,,,"Budget!O89,Budget!P89"
Budget,O89,=SUM(C89:N89),"C89,N89",Budget!P89
Budget,P89,=O89/COLUMNS(C89:N89),"O89,C89,N89",
Budget,A90,,,
Budget,B90,,,
Budget,C90,,,"Budget!O90,Budget!P90"
Budget,D90,,,
Budget,E90,,,
Budget,F90,,,
Budget,G90,,,
Budget,H90,,,
Budget,I90,,,
Budget,J90,,,
Budget,K90,,,
Budget,L90,,,
Budget,M90,,,
Budget,N90,,,"Budget!O90,Budget!P90"
Budget,O90,=SUM(C90:N90),"C90,N90",Budget!P90
Budget,P90,=O90/COLUMNS(C90:N90),"O90,C90,N90",
Budget,A91,,,
Budget,B91,,,
Budget,C91,,,"Budget!O91,Budget!P91"
Budget,D91,,,
Budget,E91,,,
Budget,F91,,,
Budget,G91,,,
Budget,H91,,,
Budget,I91,,,
Budget,J91,,,
Budget,K91,,,
Budget,L91,,,
Budget,M91,,,
Budget,N91,,,"Budget!O91,Budget!P91"
Budget,O91,=SUM(C91:N91),"C91,N91",Budget!P91
Budget,P91,=O91/COLUMNS(C91:N91),"O91,C91,N91",
Budget,A92,,,
Budget,B92,,,
Budget,C92,,,"Budget!O92,Budget!P92"
Budget,D92,,,
Budget,E92,,,
Budget,F92,,,
Budget,G92,,,
Budget,H92,,,
Budget,I92,,,
Budget,J92,,,
Budget,K92,,,
Budget,L92,,,
Budget,M92,,,
Budget,N92,,,"Budget!O92,Budget!P92"
Budget,O92,=SUM(C92:N92),"C92,N92",Budget!P92
Budget,P92,=O92/COLUMNS(C92:N92),"O92,C92,N92",
Budget,A93,,,
Budget,B93,,,
Budget,C93,,,"Budget!O93,Budget!P93"
Budget,D93,,,
Budget,E93,,,
Budget,F93,,,
Budget,G93,,,
Budget,H93,,,
Budget,I93,,,
Budget,J93,,,
Budget,K93,,,
Budget,L93,,,
Budget,M93,,,
Budget,N93,,,"Budget!O93,Budget!P93"
Budget,O93,=SUM(C93:N93),"C93,N93",Budget!P93
Budget,P93,=O93/COLUMNS(C93:N93),"O93,C93,N93",
Budget,A94,,,
Budget,B94,,,
Budget,C94,,,"Budget!O94,Budget!P94"
Budget,D94,,,
Budget,E94,,,
Budget,F94,,,
Budget,G94,,,
Budget,H94,,,
Budget,I94,,,
Budget,J94,,,
Budget,K94,,,
Budget,L94,,,
Budget,M94,,,
Budget,N94,,,"Budget!O94,Budget!P94"
Budget,O94,=SUM(C94:N94),"C94,N94",Budget!P94
Budget,P94,=O94/COLUMNS(C94:N94),"O94,C94,N94",
Budget,A95,,,
Budget,B95,,,
Budget,C95,,,"Budget!O95,Budget!P95"
Budget,D95,,,
Budget,E95,,,
Budget,F95,,,
Budget,G95,,,
Budget,H95,,,
Budget,I95,,,
Budget,J95,,,
Budget,K95,,,
Budget,L95,,,
Budget,M95,,,
Budget,N95,,,"Budget!O95,Budget!P95"
Budget,O95,=SUM(C95:N95),"C95,N95",Budget!P95
Budget,P95,=O95/COLUMNS(C95:N95),"O95,C95,N95",
Budget,A96,,,
Budget,B96,,,
Budget,C96,,,"Budget!O96,Budget!P96"
Budget,D96,,,
Budget,E96,,,
Budget,F96,,,
Budget,G96,,,
Budget,H96,,,
Budget,I96,,,
Budget,J96,,,
Budget,K96,,,
Budget,L96,,,
Budget,M96,,,
Budget,N96,,,"Budget!O96,Budget!P96"
Budget,O96,=SUM(C96:N96),"C96,N96",Budget!P96
Budget,P96,=O96/COLUMNS(C96:N96),"O96,C96,N96",
Budget,A97,,,
Budget,B97,,,
Budget,C97,,,"Budget!O97,Budget!P97"
Budget,D97,,,
Budget,E97,,,
Budget,F97,,,
Budget,G97,,,
Budget,H97,,,
Budget,I97,,,
Budget,J97,,,
Budget,K97,,,
Budget,L97,,,
Budget,M97,,,
Budget,N97,,,"Budget!O97,Budget!P97"
Budget,O97,=SUM(C97:N97),"C97,N97",Budget!P97
Budget,P97,=O97/COLUMNS(C97:N97),"O97,C97,N97",
Budget,A98,,,
Budget,B98,,,
Budget,C98,,,"Budget!O98,Budget!P98"
Budget,D98,,,
Budget,E98,,,
Budget,F98,,,
Budget,G98,,,
Budget,H98,,,
Budget,I98,,,
Budget,J98,,,
Budget,K98,,,
Budget,L98,,,
Budget,M98,,,
Budget,N98,,,"Budget!O98,Budget!P98"
Budget,O98,=SUM(C98:N98),"C98,N98",Budget!P98
Budget,P98,=O98/COLUMNS(C98:N98),"O98,C98,N98",
Budget,A99,,,
Budget,B99,,,
Budget,C99,,,"Budget!O99,Budget!P99"
Budget,D99,,,
Budget,E99,,,
Budget,F99,,,
Budget,G99,,,
Budget,H99,,,
Budget,I99,,,
Budget,J99,,,
Budget,K99,,,
Budget,L99,,,
Budget,M99,,,
Budget,N99,,,"Budget!O99,Budget!P99"
Budget,O99,=SUM(C99:N99),"C99,N99",Budget!P99
Budget,P99,=O99/COLUMNS(C99:N99),"O99,C99,N99",
Budget,A100,,,
Budget,B100,,,
Budget,C100,,,"Budget!O100,Budget!P100"
Budget,D100,,,
Budget,E100,,,
Budget,F100,,,
Budget,G100,,,
Budget,H100,,,
Budget,I100,,,
Budget,J100,,,
Budget,K100,,,
Budget,L100,,,
Budget,M100,,,
Budget,N100,,,"Budget!O100,Budget!P100"
Budget,O100,=SUM(C100:N100),"C100,N100",Budget!P100
Budget,P100,=O100/COLUMNS(C100:N100),"O100,C100,N100",
Budget,A101,,,
Budget,B101,,,
Budget,C101,,,"Budget!O101,Budget!P101"
Budget,D101,,,
Budget,E101,,,
Budget,F101,,,
Budget,G101,,,
Budget,H101,,,
Budget,I101,,,
Budget,J101,,,
Budget,K101,,,
Budget,L101,,,
Budget,M101,,,
Budget,N101,,,"Budget!O101,Budget!P101"
Budget,O101,=SUM(C101:N101),"C101,N101",Budget!P101
Budget,P101,=O101/COLUMNS(C101:N101),"O101,C101,N101",
Budget,A102,,,
Budget,B102,,,
Budget,C102,,,"Budget!O102,Budget!P102"
Budget,D102,,,
Budget,E102,,,
Budget,F102,,,
Budget,G102,,,
Budget,H102,,,
Budget,I102,,,
Budget,J102,,,
Budget,K102,,,
Budget,L102,,,
Budget,M102,,,
Budget,N102,,,"Budget!O102,Budget!P102"
Budget,O102,=SUM(C102:N102),"C102,N102",Budget!P102
Budget,P102,=O102/COLUMNS(C102:N102),"O102,C102,N102",
Budget,A103,,,
Budget,B103,,,
Budget,C103,,,"Budget!O103,Budget!P103"
Budget,D103,,,
Budget,E103,,,
Budget,F103,,,
Budget,G103,,,
Budget,H103,,,
Budget,I103,,,
Budget,J103,,,
Budget,K103,,,
Budget,L103,,,
Budget,M103,,,
Budget,N103,,,"Budget!O103,Budget!P103"
Budget,O103,=SUM(C103:N103),"C103,N103",Budget!P103
Budget,P103,=O103/COLUMNS(C103:N103),"O103,C103,N103",
Budget,A104,,,
Budget,B104,,,
Budget,C104,,,"Budget!O104,Budget!P104"
Budget,D104,,,
Budget,E104,,,
Budget,F104,,,
Budget,G104,,,
Budget,H104,,,
Budget,I104,,,
Budget,J104,,,
Budget,K104,,,
Budget,L104,,,
Budget,M104,,,
Budget,N104,,,"Budget!O104,Budget!P104"
Budget,O104,=SUM(C104:N104),"C104,N104",Budget!P104
Budget,P104,=O104/COLUMNS(C104:N104),"O104,C104,N104",
Budget,A105,,,
Budget,B105,,,
Budget,C105,,,"Budget!O105,Budget!P105"
Budget,D105,,,
Budget,E105,,,
Budget,F105,,,
Budget,G105,,,
Budget,H105,,,
Budget,I105,,,
Budget,J105,,,
Budget,K105,,,
Budget,L105,,,
Budget,M105,,,
Budget,N105,,,"Budget!O105,Budget!P105"
Budget,O105,=SUM(C105:N105),"C105,N105",Budget!P105
Budget,P105,=O105/COLUMNS(C105:N105),"O105,C105,N105",
Budget,A106,,,
Budget,B106,,,
Budget,C106,,,"Budget!O106,Budget!P106"
Budget,D106,,,
Budget,E106,,,
Budget,F106,,,
Budget,G106,,,
Budget,H106,,,
Budget,I106,,,
Budget,J106,,,
Budget,K106,,,
Budget,L106,,,
Budget,M106,,,
Budget,N106,,,"Budget!O106,Budget!P106"
Budget,O106,=SUM(C106:N106),"C106,N106",Budget!P106
Budget,P106,=O106/COLUMNS(C106:N106),"O106,C106,N106",
Budget,A107,,,
Budget,B107,,,
Budget,C107,,,"Budget!O107,Budget!P107"
Budget,D107,,,
Budget,E107,,,
Budget,F107,,,
Budget,G107,,,
Budget,H107,,,
Budget,I107,,,
Budget,J107,,,
Budget,K107,,,
Budget,L107,,,
Budget,M107,,,
Budget,N107,,,"Budget!O107,Budget!P107"
Budget,O107,=SUM(C107:N107),"C107,N107",Budget!P107
Budget,P107,=O107/COLUMNS(C107:N107),"O107,C107,N107",
Budget,A108,,,
Budget,B108,,,
Budget,C108,,,"Budget!O108,Budget!P108"
Budget,D108,,,
Budget,E108,,,
Budget,F108,,,
Budget,G108,,,
Budget,H108,,,
Budget,I108,,,
Budget,J108,,,
Budget,K108,,,
Budget,L108,,,
Budget,M108,,,
Budget,N108,,,"Budget!O108,Budget!P108"
Budget,O108,=SUM(C108:N108),"C108,N108",Budget!P108
Budget,P108,=O108/COLUMNS(C108:N108),"O108,C108,N108",
Budget,A109,,,
Budget,B109,,,
Budget,C109,,,"Budget!O109,Budget!P109"
Budget,D109,,,
Budget,E109,,,
Budget,F109,,,
Budget,G109,,,
Budget,H109,,,
Budget,I109,,,
Budget,J109,,,
Budget,K109,,,
Budget,L109,,,
Budget,M109,,,
Budget,N109,,,"Budget!O109,Budget!P109"
Budget,O109,=SUM(C109:N109),"C109,N109",Budget!P109
Budget,P109,=O109/COLUMNS(C109:N109),"O109,C109,N109",
Budget,A110,,,
Budget,B110,,,
Budget,C110,,,"Budget!O110,Budget!P110"
Budget,D110,,,
Budget,E110,,,
Budget,F110,,,
Budget,G110,,,
Budget,H110,,,
Budget,I110,,,
Budget,J110,,,
Budget,K110,,,
Budget,L110,,,
Budget,M110,,,
Budget,N110,,,"Budget!O110,Budget!P110"
Budget,O110,=SUM(C110:N110),"C110,N110",Budget!P110
Budget,P110,=O110/COLUMNS(C110:N110),"O110,C110,N110",
Budget,A111,,,
Budget,B111,,,
Budget,C111,,,"Budget!O111,Budget!P111"
Budget,D111,,,
Budget,E111,,,
Budget,F111,,,
Budget,G111,,,
Budget,H111,,,
Budget,I111,,,
Budget,J111,,,
Budget,K111,,,
Budget,L111,,,
Budget,M111,,,
Budget,N111,,,"Budget!O111,Budget!P111"
Budget,O111,=SUM(C111:N111),"C111,N111",Budget!P111
Budget,P111,=O111/COLUMNS(C111:N111),"O111,C111,N111",
Budget,A112,,,
Budget,B112,,,
Budget,C112,,,"Budget!O112,Budget!P112"
Budget,D112,,,
Budget,E112,,,
Budget,F112,,,
Budget,G112,,,
Budget,H112,,,
Budget,I112,,,
Budget,J112,,,
Budget,K112,,,
Budget,L112,,,
Budget,M112,,,
Budget,N112,,,"Budget!O112,Budget!P112"
Budget,O112,=SUM(C112:N112),"C112,N112",Budget!P112
Budget,P112,=O112/COLUMNS(C112:N112),"O112,C112,N112",
Budget,A113,,,
Budget,B113,,,
Budget,C113,,,"Budget!O113,Budget!P113"
Budget,D113,,,
Budget,E113,,,
Budget,F113,,,
Budget,G113,,,
Budget,H113,,,
Budget,I113,,,
Budget,J113,,,
Budget,K113,,,
Budget,L113,,,
Budget,M113,,,
Budget,N113,,,"Budget!O113,Budget!P113"
Budget,O113,=SUM(C113:N113),"C113,N113",Budget!P113
Budget,P113,=O113/COLUMNS(C113:N113),"O113,C113,N113",
Budget,A114,,,
Budget,B114,,,
Budget,C114,,,"Budget!O114,Budget!P114"
Budget,D114,,,
Budget,E114,,,
Budget,F114,,,
Budget,G114,,,
Budget,H114,,,
Budget,I114,,,
Budget,J114,,,
Budget,K114,,,
Budget,L114,,,
Budget,M114,,,
Budget,N114,,,"Budget!O114,Budget!P114"
Budget,O114,=SUM(C114:N114),"C114,N114",Budget!P114
Budget,P114,=O114/COLUMNS(C114:N114),"O114,C114,N114",
Budget,A115,,,
Budget,B115,,,
Budget,C115,,,"Budget!O115,Budget!P115"
Budget,D115,,,
Budget,E115,,,
Budget,F115,,,
Budget,G115,,,
Budget,H115,,,
Budget,I115,,,
Budget,J115,,,
Budget,K115,,,
Budget,L115,,,
Budget,M115,,,
Budget,N115,,,"Budget!O115,Budget!P115"
Budget,O115,=SUM(C115:N115),"C115,N115",Budget!P115
Budget,P115,=O115/COLUMNS(C115:N115),"O115,C115,N115",
Budget,A116,,,
Budget,B116,,,
Budget,C116,,,"Budget!O116,Budget!P116"
Budget,D116,,,
Budget,E116,,,
Budget,F116,,,
Budget,G116,,,
Budget,H116,,,
Budget,I116,,,
Budget,J116,,,
Budget,K116,,,
Budget,L116,,,
Budget,M116,,,
Budget,N116,,,"Budget!O116,Budget!P116"
Budget,O116,=SUM(C116:N116),"C116,N116",Budget!P116
Budget,P116,=O116/COLUMNS(C116:N116),"O116,C116,N116",
Budget,A117,,,
Budget,B117,,,
Budget,C117,,,"Budget!O117,Budget!P117"
Budget,D117,,,
Budget,E117,,,
Budget,F117,,,
Budget,G117,,,
Budget,H117,,,
Budget,I117,,,
Budget,J117,,,
Budget,K117,,,
Budget,L117,,,
Budget,M117,,,
Budget,N117,,,"Budget!O117,Budget!P117"
Budget,O117,=SUM(C117:N117),"C117,N117",Budget!P117
Budget,P117,=O117/COLUMNS(C117:N117),"O117,C117,N117",
Budget,A118,,,
Budget,B118,,,
Budget,C118,,,"Budget!O118,Budget!P118"
Budget,D118,,,
Budget,E118,,,
Budget,F118,,,
Budget,G118,,,
Budget,H118,,,
Budget,I118,,,
Budget,J118,,,
Budget,K118,,,
Budget,L118,,,
Budget,M118,,,
Budget,N118,,,"Budget!O118,Budget!P118"
Budget,O118,=SUM(C118:N118),"C118,N118",Budget!P118
Budget,P118,=O118/COLUMNS(C118:N118),"O118,C118,N118",
Budget,A119,,,
Budget,B119,,,
Budget,C119,,,"Budget!O119,Budget!P119"
Budget,D119,,,
Budget,E119,,,
Budget,F119,,,
Budget,G119,,,
Budget,H119,,,
Budget,I119,,,
Budget,J119,,,
Budget,K119,,,
Budget,L119,,,
Budget,M119,,,
Budget,N119,,,"Budget!O119,Budget!P119"
Budget,O119,=SUM(C119:N119),"C119,N119",Budget!P119
Budget,P119,=O119/COLUMNS(C119:N119),"O119,C119,N119",
Budget,A120,,,
Budget,B120,,,
Budget,C120,,,"Budget!O120,Budget!P120"
Budget,D120,,,
Budget,E120,,,
Budget,F120,,,
Budget,G120,,,
Budget,H120,,,
Budget,I120,,,
Budget,J120,,,
Budget,K120,,,
Budget,L120,,,
Budget,M120,,,
Budget,N120,,,"Budget!O120,Budget!P120"
Budget,O120,=SUM(C120:N120),"C120,N120",Budget!P120
Budget,P120,=O120/COLUMNS(C120:N120),"O120,C120,N120",
Budget,A121,,,
Budget,B121,,,
Budget,C121,,,"Budget!O121,Budget!P121"
Budget,D121,,,
Budget,E121,,,
Budget,F121,,,
Budget,G121,,,
Budget,H121,,,
Budget,I121,,,
Budget,J121,,,
Budget,K121,,,
Budget,L121,,,
Budget,M121,,,
Budget,N121,,,"Budget!O121,Budget!P121"
Budget,O121,=SUM(C121:N121),"C121,N121",Budget!P121
Budget,P121,=O121/COLUMNS(C121:N121),"O121,C121,N121",
Budget,A122,,,
Budget,B122,,,
Budget,C122,,,"Budget!O122,Budget!P122"
Budget,D122,,,
Budget,E122,,,
Budget,F122,,,
Budget,G122,,,
Budget,H122,,,
Budget,I122,,,
Budget,J122,,,
Budget,K122,,,
Budget,L122,,,
Budget,M122,,,
Budget,N122,,,"Budget!O122,Budget!P122"
Budget,O122,=SUM(C122:N122),"C122,N122",Budget!P122
Budget,P122,=O122/COLUMNS(C122:N122),"O122,C122,N122",
Budget,A123,,,
Budget,B123,,,
Budget,C123,,,"Budget!O123,Budget!P123"
Budget,D123,,,
Budget,E123,,,
Budget,F123,,,
Budget,G123,,,
Budget,H123,,,
Budget,I123,,,
Budget,J123,,,
Budget,K123,,,
Budget,L123,,,
Budget,M123,,,
Budget,N123,,,"Budget!O123,Budget!P123"
Budget,O123,=SUM(C123:N123),"C123,N123",Budget!P123
Budget,P123,=O123/COLUMNS(C123:N123),"O123,C123,N123",
Budget,A124,,,
Budget,B124,,,
Budget,C124,,,"Budget!O124,Budget!P124"
Budget,D124,,,
Budget,E124,,,
Budget,F124,,,
Budget,G124,,,
Budget,H124,,,
Budget,I124,,,
Budget,J124,,,
Budget,K124,,,
Budget,L124,,,
Budget,M124,,,
Budget,N124,,,"Budget!O124,Budget!P124"
Budget,O124,=SUM(C124:N124),"C124,N124",Budget!P124
Budget,P124,=O124/COLUMNS(C124:N124),"O124,C124,N124",
Budget,A125,,,
Budget,B125,,,
Budget,C125,,,"Budget!O125,Budget!P125"
Budget,D125,,,
Budget,E125,,,
Budget,F125,,,
Budget,G125,,,
Budget,H125,,,
Budget,I125,,,
Budget,J125,,,
Budget,K125,,,
Budget,L125,,,
Budget,M125,,,
Budget,N125,,,"Budget!O125,Budget!P125"
Budget,O125,=SUM(C125:N125),"C125,N125",Budget!P125
Budget,P125,=O125/COLUMNS(C125:N125),"O125,C125,N125",
Budget,A126,,,
Budget,B126,,,
Budget,C126,,,"Budget!O126,Budget!P126"
Budget,D126,,,
Budget,E126,,,
Budget,F126,,,
Budget,G126,,,
Budget,H126,,,
Budget,I126,,,
Budget,J126,,,
Budget,K126,,,
Budget,L126,,,
Budget,M126,,,
Budget,N126,,,"Budget!O126,Budget!P126"
Budget,O126,=SUM(C126:N126),"C126,N126",Budget!P126
Budget,P126,=O126/COLUMNS(C126:N126),"O126,C126,N126",
Budget,A127,,,
Budget,B127,,,
Budget,C127,,,"Budget!O127,Budget!P127"
Budget,D127,,,
Budget,E127,,,
Budget,F127,,,
Budget,G127,,,
Budget,H127,,,
Budget,I127,,,
Budget,J127,,,
Budget,K127,,,
Budget,L127,,,
Budget,M127,,,
Budget,N127,,,"Budget!O127,Budget!P127"
Budget,O127,=SUM(C127:N127),"C127,N127",Budget!P127
Budget,P127,=O127/COLUMNS(C127:N127),"O127,C127,N127",
Budget,A128,,,
Budget,B128,,,
Budget,C128,,,"Budget!O128,Budget!P128"
Budget,D128,,,
Budget,E128,,,
Budget,F128,,,
Budget,G128,,,
Budget,H128,,,
Budget,I128,,,
Budget,J128,,,
Budget,K128,,,
Budget,L128,,,
Budget,M128,,,
Budget,N128,,,"Budget!O128,Budget!P128"
Budget,O128,=SUM(C128:N128),"C128,N128",Budget!P128
Budget,P128,=O128/COLUMNS(C128:N128),"O128,C128,N128",
Budget,A129,,,
Budget,B129,,,
Budget,C129,,,"Budget!O129,Budget!P129"
Budget,D129,,,
Budget,E129,,,
Budget,F129,,,
Budget,G129,,,
Budget,H129,,,
Budget,I129,,,
Budget,J129,,,
Budget,K129,,,
Budget,L129,,,
Budget,M129,,,
Budget,N129,,,"Budget!O129,Budget!P129"
Budget,O129,=SUM(C129:N129),"C129,N129",Budget!P129
Budget,P129,=O129/COLUMNS(C129:N129),"O129,C129,N129",
Budget,A130,,,
Budget,B130,,,
Budget,C130,,,"Budget!O130,Budget!P130"
Budget,D130,,,
Budget,E130,,,
Budget,F130,,,
Budget,G130,,,
Budget,H130,,,
Budget,I130,,,
Budget,J130,,,
Budget,K130,,,
Budget,L130,,,
Budget,M130,,,
Budget,N130,,,"Budget!O130,Budget!P130"
Budget,O130,=SUM(C130:N130),"C130,N130",Budget!P130
Budget,P130,=O130/COLUMNS(C130:N130),"O130,C130,N130",
Budget,A131,,,
Budget,B131,,,
Budget,C131,,,"Budget!O131,Budget!P131"
Budget,D131,,,
Budget,E131,,,
Budget,F131,,,
Budget,G131,,,
Budget,H131,,,
Budget,I131,,,
Budget,J131,,,
Budget,K131,,,
Budget,L131,,,
Budget,M131,,,
Budget,N131,,,"Budget!O131,Budget!P131"
Budget,O131,=SUM(C131:N131),"C131,N131",Budget!P131
Budget,P131,=O131/COLUMNS(C131:N131),"O131,C131,N131",
Budget,A132,,,
Budget,B132,,,
Budget,C132,,,"Budget!O132,Budget!P132"
Budget,D132,,,
Budget,E132,,,
Budget,F132,,,
Budget,G132,,,
Budget,H132,,,
Budget,I132,,,
Budget,J132,,,
Budget,K132,,,
Budget,L132,,,
Budget,M132,,,
Budget,N132,,,"Budget!O132,Budget!P132"
Budget,O132,=SUM(C132:N132),"C132,N132",Budget!P132
Budget,P132,=O132/COLUMNS(C132:N132),"O132,C132,N132",
Budget,A133,,,
Budget,B133,,,
Budget,C133,,,"Budget!O133,Budget!P133"
Budget,D133,,,
Budget,E133,,,
Budget,F133,,,
Budget,G133,,,
Budget,H133,,,
Budget,I133,,,
Budget,J133,,,
Budget,K133,,,
Budget,L133,,,
Budget,M133,,,
Budget,N133,,,"Budget!O133,Budget!P133"
Budget,O133,=SUM(C133:N133),"C133,N133",Budget!P133
Budget,P133,=O133/COLUMNS(C133:N133),"O133,C133,N133",
Budget,A134,,,
Budget,B134,,,
Budget,C134,,,"Budget!O134,Budget!P134"
Budget,D134,,,
Budget,E134,,,
Budget,F134,,,
Budget,G134,,,
Budget,H134,,,
Budget,I134,,,
Budget,J134,,,
Budget,K134,,,
Budget,L134,,,
Budget,M134,,,
Budget,N134,,,"Budget!O134,Budget!P134"
Budget,O134,=SUM(C134:N134),"C134,N134",Budget!P134
Budget,P134,=O134/COLUMNS(C134:N134),"O134,C134,N134",
Budget,A135,,,
Budget,B135,,,
Budget,C135,,,"Budget!O135,Budget!P135"
Budget,D135,,,
Budget,E135,,,
Budget,F135,,,
Budget,G135,,,
Budget,H135,,,
Budget,I135,,,
Budget,J135,,,
Budget,K135,,,
Budget,L135,,,
Budget,M135,,,
Budget,N135,,,"Budget!O135,Budget!P135"
Budget,O135,=SUM(C135:N135),"C135,N135",Budget!P135
Budget,P135,=O135/COLUMNS(C135:N135),"O135,C135,N135",
Budget,A136,,,
Budget,B136,,,
Budget,C136,,,"Budget!O136,Budget!P136"
Budget,D136,,,
Budget,E136,,,
Budget,F136,,,
Budget,G136,,,
Budget,H136,,,
Budget,I136,,,
Budget,J136,,,
Budget,K136,,,
Budget,L136,,,
Budget,M136,,,
Budget,N136,,,"Budget!O136,Budget!P136"
Budget,O136,=SUM(C136:N136),"C136,N136",Budget!P136
Budget,P136,=O136/COLUMNS(C136:N136),"O136,C136,N136",
Budget,A137,,,
Budget,B137,,,
Budget,C137,,,"Budget!O137,Budget!P137"
Budget,D137,,,
Budget,E137,,,
Budget,F137,,,
Budget,G137,,,
Budget,H137,,,
Budget,I137,,,
Budget,J137,,,
Budget,K137,,,
Budget,L137,,,
Budget,M137,,,
Budget,N137,,,"Budget!O137,Budget!P137"
Budget,O137,=SUM(C137:N137),"C137,N137",Budget!P137
Budget,P137,=O137/COLUMNS(C137:N137),"O137,C137,N137",
Budget,A138,,,
Budget,B138,,,
Budget,C138,,,"Budget!O138,Budget!P138"
Budget,D138,,,
Budget,E138,,,
Budget,F138,,,
Budget,G138,,,
Budget,H138,,,
Budget,I138,,,
Budget,J138,,,
Budget,K138,,,
Budget,L138,,,
Budget,M138,,,
Budget,N138,,,"Budget!O138,Budget!P138"
Budget,O138,=SUM(C138:N138),"C138,N138",Budget!P138
Budget,P138,=O138/COLUMNS(C138:N138),"O138,C138,N138",
Budget,A139,,,
Budget,B139,,,
Budget,C139,,,"Budget!O139,Budget!P139"
Budget,D139,,,
Budget,E139,,,
Budget,F139,,,
Budget,G139,,,
Budget,H139,,,
Budget,I139,,,
Budget,J139,,,
Budget,K139,,,
Budget,L139,,,
Budget,M139,,,
Budget,N139,,,"Budget!O139,Budget!P139"
Budget,O139,=SUM(C139:N139),"C139,N139",Budget!P139
Budget,P139,=O139/COLUMNS(C139:N139),"O139,C139,N139",
Budget,A140,,,
Budget,B140,,,
Budget,C140,,,"Budget!O140,Budget!P140"
Budget,D140,,,
Budget,E140,,,
Budget,F140,,,
Budget,G140,,,
Budget,H140,,,
Budget,I140,,,
Budget,J140,,,
Budget,K140,,,
Budget,L140,,,
Budget,M140,,,
Budget,N140,,,"Budget!O140,Budget!P140"
Budget,O140,=SUM(C140:N140),"C140,N140",Budget!P140
Budget,P140,=O140/COLUMNS(C140:N140),"O140,C140,N140",
Budget,A141,,,
Budget,B141,,,
Budget,C141,,,"Budget!O141,Budget!P141"
Budget,D141,,,
Budget,E141,,,
Budget,F141,,,
Budget,G141,,,
Budget,H141,,,
Budget,I141,,,
Budget,J141,,,
Budget,K141,,,
Budget,L141,,,
Budget,M141,,,
Budget,N141,,,"Budget!O141,Budget!P141"
Budget,O141,=SUM(C141:N141),"C141,N141",Budget!P141
Budget,P141,=O141/COLUMNS(C141:N141),"O141,C141,N141",
Budget,A142,,,
Budget,B142,,,
Budget,C142,,,"Budget!O142,Budget!P142"
Budget,D142,,,
Budget,E142,,,
Budget,F142,,,
Budget,G142,,,
Budget,H142,,,
Budget,I142,,,
Budget,J142,,,
Budget,K142,,,
Budget,L142,,,
Budget,M142,,,
Budget,N142,,,"Budget!O142,Budget!P142"
Budget,O142,=SUM(C142:N142),"C142,N142",Budget!P142
Budget,P142,=O142/COLUMNS(C142:N142),"O142,C142,N142",
Budget,A143,,,
Budget,B143,,,
Budget,C143,,,"Budget!O143,Budget!P143"
Budget,D143,,,
Budget,E143,,,
Budget,F143,,,
Budget,G143,,,
Budget,H143,,,
Budget,I143,,,
Budget,J143,,,
Budget,K143,,,
Budget,L143,,,
Budget,M143,,,
Budget,N143,,,"Budget!O143,Budget!P143"
Budget,O143,=SUM(C143:N143),"C143,N143",Budget!P143
Budget,P143,=O143/COLUMNS(C143:N143),"O143,C143,N143",
Budget,A144,,,
Budget,B144,,,
Budget,C144,,,"Budget!O144,Budget!P144"
Budget,D144,,,
Budget,E144,,,
Budget,F144,,,
Budget,G144,,,
Budget,H144,,,
Budget,I144,,,
Budget,J144,,,
Budget,K144,,,
Budget,L144,,,
Budget,M144,,,
Budget,N144,,,"Budget!O144,Budget!P144"
Budget,O144,=SUM(C144:N144),"C144,N144",Budget!P144
Budget,P144,=O144/COLUMNS(C144:N144),"O144,C144,N144",
Budget,A145,,,
Budget,B145,,,
Budget,C145,,,"Budget!O145,Budget!P145,Budget!C146"
Budget,D145,,,Budget!D146
Budget,E145,,,Budget!E146
Budget,F145,,,Budget!F146
Budget,G145,,,Budget!G146
Budget,H145,,,Budget!H146
Budget,I145,,,Budget!I146
Budget,J145,,,Budget!J146
Budget,K145,,,Budget!K146
Budget,L145,,,Budget!L146
Budget,M145,,,Budget!M146
Budget,N145,,,"Budget!O145,Budget!P145,Budget!N146"
Budget,O145,=SUM(C145:N145),"C145,N145",Budget!P145
Budget,P145,=O145/COLUMNS(C145:N145),"O145,C145,N145",
Budget,A146,,,
Budget,B146,Total Expenses,,
Budget,C146,=SUM(C45:C145),"C45,C145","Budget!C6,Budget!O146,Budget!P146"
Budget,D146,=SUM(D45:D145),"D45,D145",Budget!D6
Budget,E146,=SUM(E45:E145),"E45,E145",Budget!E6
Budget,F146,=SUM(F45:F145),"F45,F145",Budget!F6
Budget,G146,=SUM(G45:G145),"G45,G145",Budget!G6
Budget,H146,=SUM(H45:H145),"H45,H145",Budget!H6
Budget,I146,=SUM(I45:I145),"I45,I145",Budget!I6
Budget,J146,=SUM(J45:J145),"J45,J145",Budget!J6
Budget,K146,=SUM(K45:K145),"K45,K145",Budget!K6
Budget,L146,=SUM(L45:L145),"L45,L145",Budget!L6
Budget,M146,=SUM(M45:M145),"M45,M145",Budget!M6
Budget,N146,=SUM(N45:N145),"N45,N145","Budget!N6,Budget!O146,Budget!P146"
Budget,O146,=SUM(C146:N146),"C146,N146",Budget!P146
Budget,P146,=O146/COLUMNS(C146:N146),"O146,C146,N146",
Budget,A148,NON-BUDGET CATEGORIES,,
Budget,B148,,,
Budget,C148,,,
Budget,D148,,,
Budget,E148,,,
Budget,F148,,,
Budget,G148,,,
Budget,H148,,,
Budget,I148,,,
Budget,J148,,,
Budget,K148,,,
Budget,L148,,,
Budget,M148,,,
Budget,N148,,,
Budget,O148,,,
Budget,P148,,,
Budget,A149,[Transfer],,
Budget,B149,,,
Budget,A150,[Beginning Balance],,
Budget,B150,,,
Budget,A151,[Carryover Balance],,
Budget,B151,,,
Accounts,A1, ACCOUNT LIST,,
Accounts,B1,,,
Accounts,C1,,,
Accounts,D1,,,
Accounts,E1,,,
Accounts,F1,,,
Accounts,A2,HELP,,
Accounts,B2,,,
Accounts,C2,,,
Accounts,D2,,,
Accounts,E2,,,
Accounts,F2,© 2010-2019 Vertex42 LLC,,
Accounts,H2, See the Help worksheet for instructions.,,
Accounts,A4,You can track any number of real or virtual accounts. These accounts will show up in the,,
Accounts,A5,Accounts column in the Transactions worksheet.,,
Accounts,A7,ACCOUNTS,,
Accounts,B7,,,
Accounts,C7,Goal,,
Accounts,D7,%,,
Accounts,E7,Cleared,,
Accounts,F7,Balance,,Accounts!F20
Accounts,A8,Checking,,"Accounts!E8,Accounts!F8"
Accounts,B8,,,
Accounts,C8,2000,,Accounts!D8
Accounts,D8,"=IF(C8<0,""n/a"",IFERROR(F8/C8,""n/a""))","C8,F8",
Accounts,E8,"=SUMIFS(Transactions!J:J,Transactions!A:A,$A8,Transactions!H:H,""<>"")-SUMIFS(Transactions!I:I,Transactions!A:A,$A8,Transactions!H:H,""<>"")",A8,
Accounts,F8,"=SUMIF(Transactions!A:A,$A8,Transactions!J:J)-SUMIF(Transactions!A:A,$A8,Transactions!I:I)",A8,Accounts!D8
Accounts,H8,"TIP: If you start each account name with a different letter, Excel's autocomplete",,
Accounts,A9,Savings,,"Accounts!E9,Accounts!F9"
Accounts,B9,,,
Accounts,C9,5000,,Accounts!D9
Accounts,D9,"=IF(C9<0,""n/a"",IFERROR(F9/C9,""n/a""))","C9,F9",
Accounts,E9,"=SUMIFS(Transactions!J:J,Transactions!A:A,$A9,Transactions!H:H,""<>"")-SUMIFS(Transactions!I:I,Transactions!A:A,$A9,Transactions!H:H,""<>"")",A9,
Accounts,F9,"=SUMIF(Transactions!A:A,$A9,Transactions!J:J)-SUMIF(Transactions!A:A,$A9,Transactions!I:I)",A9,Accounts!D9
Accounts,H9,feature will make entering the account much faster for you in the Transactions worksheet.,,
Accounts,A10,CrCard1,,"Accounts!E10,Accounts!F10"
Accounts,B10,,,
Accounts,C10,,,Accounts!D10
Accounts,D10,"=IF(C10<0,""n/a"",IFERROR(F10/C10,""n/a""))","C10,F10",
Accounts,E10,"=SUMIFS(Transactions!J:J,Transactions!A:A,$A10,Transactions!H:H,""<>"")-SUMIFS(Transactions!I:I,Transactions!A:A,$A10,Transactions!H:H,""<>"")",A10,
Accounts,F10,"=SUMIF(Transactions!A:A,$A10,Transactions!J:J)-SUMIF(Transactions!A:A,$A10,Transactions!I:I)",A10,Accounts!D10
Accounts,H10,,,
Accounts,A11,CrCard2,,"Accounts!E11,Accounts!F11"
Accounts,B11,,,
Accounts,C11,,,Accounts!D11
Accounts,D11,"=IF(C11<0,""n/a"",IFERROR(F11/C11,""n/a""))","C11,F11",
Accounts,E11,"=SUMIFS(Transactions!J:J,Transactions!A:A,$A11,Transactions!H:H,""<>"")-SUMIFS(Transactions!I:I,Transactions!A:A,$A11,Transactions!H:H,""<>"")",A11,
Accounts,F11,"=SUMIF(Transactions!A:A,$A11,Transactions!J:J)-SUMIF(Transactions!A:A,$A11,Transactions!I:I)",A11,Accounts!D11
Accounts,A12,,,"Accounts!E12,Accounts!F12"
Accounts,B12,,,
Accounts,C12,,,Accounts!D12
Accounts,D12,"=IF(C12<0,""n/a"",IFERROR(F12/C12,""n/a""))","C12,F12",
Accounts,E12,"=SUMIFS(Transactions!J:J,Transactions!A:A,$A12,Transactions!H:H,""<>"")-SUMIFS(Transactions!I:I,Transactions!A:A,$A12,Transactions!H:H,""<>"")",A12,
Accounts,F12,"=SUMIF(Transactions!A:A,$A12,Transactions!J:J)-SUMIF(Transactions!A:A,$A12,Transactions!I:I)",A12,Accounts!D12
Accounts,A13,,,"Accounts!E13,Accounts!F13"
Accounts,B13,,,
Accounts,C13,,,Accounts!D13
Accounts,D13,"=IF(C13<0,""n/a"",IFERROR(F13/C13,""n/a""))","C13,F13",
Accounts,E13,"=SUMIFS(Transactions!J:J,Transactions!A:A,$A13,Transactions!H:H,""<>"")-SUMIFS(Transactions!I:I,Transactions!A:A,$A13,Transactions!H:H,""<>"")",A13,
Accounts,F13,"=SUMIF(Transactions!A:A,$A13,Transactions!J:J)-SUMIF(Transactions!A:A,$A13,Transactions!I:I)",A13,Accounts!D13
Accounts,A14,,,"Accounts!E14,Accounts!F14"
Accounts,B14,,,
Accounts,C14,,,Accounts!D14
Accounts,D14,"=IF(C14<0,""n/a"",IFERROR(F14/C14,""n/a""))","C14,F14",
Accounts,E14,"=SUMIFS(Transactions!J:J,Transactions!A:A,$A14,Transactions!H:H,""<>"")-SUMIFS(Transactions!I:I,Transactions!A:A,$A14,Transactions!H:H,""<>"")",A14,
Accounts,F14,"=SUMIF(Transactions!A:A,$A14,Transactions!J:J)-SUMIF(Transactions!A:A,$A14,Transactions!I:I)",A14,Accounts!D14
Accounts,A15,,,"Accounts!E15,Accounts!F15"
Accounts,B15,,,
Accounts,C15,,,Accounts!D15
Accounts,D15,"=IF(C15<0,""n/a"",IFERROR(F15/C15,""n/a""))","C15,F15",
Accounts,E15,"=SUMIFS(Transactions!J:J,Transactions!A:A,$A15,Transactions!H:H,""<>"")-SUMIFS(Transactions!I:I,Transactions!A:A,$A15,Transactions!H:H,""<>"")",A15,
Accounts,F15,"=SUMIF(Transactions!A:A,$A15,Transactions!J:J)-SUMIF(Transactions!A:A,$A15,Transactions!I:I)",A15,Accounts!D15
Accounts,A16,,,"Accounts!E16,Accounts!F16"
Accounts,B16,,,
Accounts,C16,,,Accounts!D16
Accounts,D16,"=IF(C16<0,""n/a"",IFERROR(F16/C16,""n/a""))","C16,F16",
Accounts,E16,"=SUMIFS(Transactions!J:J,Transactions!A:A,$A16,Transactions!H:H,""<>"")-SUMIFS(Transactions!I:I,Transactions!A:A,$A16,Transactions!H:H,""<>"")",A16,
Accounts,F16,"=SUMIF(Transactions!A:A,$A16,Transactions!J:J)-SUMIF(Transactions!A:A,$A16,Transactions!I:I)",A16,Accounts!D16
Accounts,A17,,,"Accounts!E17,Accounts!F17"
Accounts,B17,,,
Accounts,C17,,,Accounts!D17
Accounts,D17,"=IF(C17<0,""n/a"",IFERROR(F17/C17,""n/a""))","C17,F17",
Accounts,E17,"=SUMIFS(Transactions!J:J,Transactions!A:A,$A17,Transactions!H:H,""<>"")-SUMIFS(Transactions!I:I,Transactions!A:A,$A17,Transactions!H:H,""<>"")",A17,
Accounts,F17,"=SUMIF(Transactions!A:A,$A17,Transactions!J:J)-SUMIF(Transactions!A:A,$A17,Transactions!I:I)",A17,Accounts!D17
Accounts,A18,,,"Accounts!E18,Accounts!F18"
Accounts,B18,,,
Accounts,C18,,,Accounts!D18
Accounts,D18,"=IF(C18<0,""n/a"",IFERROR(F18/C18,""n/a""))","C18,F18",
Accounts,E18,"=SUMIFS(Transactions!J:J,Transactions!A:A,$A18,Transactions!H:H,""<>"")-SUMIFS(Transactions!I:I,Transactions!A:A,$A18,Transactions!H:H,""<>"")",A18,
Accounts,F18,"=SUMIF(Transactions!A:A,$A18,Transactions!J:J)-SUMIF(Transactions!A:A,$A18,Transactions!I:I)",A18,Accounts!D18
Accounts,A19,Insert more rows above this one and then copy formulas down.,,
Accounts,B19,,,
Accounts,C19,,,
Accounts,D19,,,
Accounts,E19,,,
Accounts,F19,,,Accounts!F20
Accounts,H19,"◄ To add accounts, insert new rows above this one and copy formulas down.",,
Accounts,A20,,,
Accounts,B20,,,
Accounts,C20,,,
Accounts,D20,,,
Accounts,E20,Total:,,
Accounts,F20,=SUM(F7:F19),"F7,F19",
Transactions,A1, TRANSACTIONS,,
Transactions,B1,,,
Transactions,C1,,,
Transactions,D1,,,
Transactions,E1,,,
Transactions,F1,,,
Transactions,G1,,,
Transactions,H1,,,
Transactions,I1,,,
Transactions,J1,,,
Transactions,K1,,,
Transactions,L1,,,
Transactions,M1,,,
Transactions,A2,HELP,,
Transactions,B2,,,
Transactions,C2,,,
Transactions,D2,,,
Transactions,E2,,,
Transactions,F2,,,
Transactions,G2,,,
Transactions,H2,,,
Transactions,I2,,,
Transactions,J2,,,
Transactions,K2,,,
Transactions,L2,,,
Transactions,M2,© 2010-2019 Vertex42 LLC,,
Transactions,O2, See the Help worksheet for instructions.,,
Transactions,A4,Account,,
Transactions,B4,Date,,
Transactions,C4,Num,,
Transactions,D4,Payee,,
Transactions,E4,Memo,,
Transactions,F4,Tag,,
Transactions,G4,Category,,
Transactions,H4,Clr,,
Transactions,I4,PAYMENT,,
Transactions,J4,DEPOSIT,,
Transactions,K4,Account Balance,,
Transactions,L4,Cleared Balance,,
Transactions,M4,BALANCE,,
Transactions,O4,,,
Transactions,A5,Checking,,"Transactions!K5,Transactions!L5"
Transactions,B5,2019-01-01 00:00:00,,
Transactions,C5,,,
Transactions,D5,[Beginning Balance],,
Transactions,E5,,,
Transactions,F5,,,
Transactions,G5,[Beginning Balance],,
Transactions,H5,R,,Transactions!L5
Transactions,I5,,,"Transactions!K5,Transactions!L5,Transactions!M5"
Transactions,J5,875,,"Transactions!K5,Transactions!L5,Transactions!M5"
Transactions,K5,"=SUMIFS(J$4:OFFSET(J5,0,0),A$4:OFFSET(A5,0,0),""=""&A5)-SUMIFS(I$4:OFFSET(I5,0,0),A$4:OFFSET(A5,0,0),""=""&A5)","J5,A5,I5",
Transactions,L5,"=SUMIFS(J$4:OFFSET(J5,0,0),A$4:OFFSET(A5,0,0),""=""&A5,H$4:OFFSET(H5,0,0),""<>"")-SUMIFS(I$4:OFFSET(I5,0,0),A$4:OFFSET(A5,0,0),""=""&A5,H$4:OFFSET(H5,0,0),""<>"")","J5,A5,H5,I5",
Transactions,M5,"=SUM(OFFSET(M5,-1,0),J5,-I5)","M5,J5,I5",Transactions!M5
Transactions,A6,Savings,,"Transactions!K6,Transactions!L6"
Transactions,B6,2019-01-01 00:00:00,,
Transactions,C6,,,
Transactions,D6,[Beginning Balance],,
Transactions,E6,,,
Transactions,F6,,,
Transactions,G6,[Beginning Balance],,
Transactions,H6,R,,Transactions!L6
Transactions,I6,,,"Transactions!K6,Transactions!L6,Transactions!M6"
Transactions,J6,2345,,"Transactions!K6,Transactions!L6,Transactions!M6"
Transactions,K6,"=SUMIFS(J$4:OFFSET(J6,0,0),A$4:OFFSET(A6,0,0),""=""&A6)-SUMIFS(I$4:OFFSET(I6,0,0),A$4:OFFSET(A6,0,0),""=""&A6)","J6,A6,I6",
Transactions,L6,"=SUMIFS(J$4:OFFSET(J6,0,0),A$4:OFFSET(A6,0,0),""=""&A6,H$4:OFFSET(H6,0,0),""<>"")-SUMIFS(I$4:OFFSET(I6,0,0),A$4:OFFSET(A6,0,0),""=""&A6,H$4:OFFSET(H6,0,0),""<>"")","J6,A6,H6,I6",
Transactions,M6,"=SUM(OFFSET(M6,-1,0),J6,-I6)","M6,J6,I6",Transactions!M6
Transactions,O6,"To get started, clear the sample data in columns A-J",,
Transactions,A7,CrCard1,,"Transactions!K7,Transactions!L7"
Transactions,B7,2019-01-01 00:00:00,,
Transactions,C7,,,
Transactions,D7,[Beginning Balance],,
Transactions,E7,,,
Transactions,F7,,,
Transactions,G7,[Beginning Balance],,
Transactions,H7,R,,Transactions!L7
Transactions,I7,256,,"Transactions!K7,Transactions!L7,Transactions!M7"
Transactions,J7,,,"Transactions!K7,Transactions!L7,Transactions!M7"
Transactions,K7,"=SUMIFS(J$4:OFFSET(J7,0,0),A$4:OFFSET(A7,0,0),""=""&A7)-SUMIFS(I$4:OFFSET(I7,0,0),A$4:OFFSET(A7,0,0),""=""&A7)","J7,A7,I7",
Transactions,L7,"=SUMIFS(J$4:OFFSET(J7,0,0),A$4:OFFSET(A7,0,0),""=""&A7,H$4:OFFSET(H7,0,0),""<>"")-SUMIFS(I$4:OFFSET(I7,0,0),A$4:OFFSET(A7,0,0),""=""&A7,H$4:OFFSET(H7,0,0),""<>"")","J7,A7,H7,I7",
Transactions,M7,"=SUM(OFFSET(M7,-1,0),J7,-I7)","M7,J7,I7",Transactions!M7
Transactions,A8,Checking,,"Transactions!K8,Transactions!L8"
Transactions,B8,2019-01-01 00:00:00,,
Transactions,C8,DEP,,
Transactions,D8,Direct Deposit from Employer,,
Transactions,E8,,,
Transactions,F8,,,
Transactions,G8,Wages & Tips,,
Transactions,H8,x,,Transactions!L8
Transactions,I8,,,"Transactions!K8,Transactions!L8,Transactions!M8"
Transactions,J8,1000,,"Transactions!K8,Transactions!L8,Transactions!M8"
Transactions,K8,"=SUMIFS(J$4:OFFSET(J8,0,0),A$4:OFFSET(A8,0,0),""=""&A8)-SUMIFS(I$4:OFFSET(I8,0,0),A$4:OFFSET(A8,0,0),""=""&A8)","J8,A8,I8",
Transactions,L8,"=SUMIFS(J$4:OFFSET(J8,0,0),A$4:OFFSET(A8,0,0),""=""&A8,H$4:OFFSET(H8,0,0),""<>"")-SUMIFS(I$4:OFFSET(I8,0,0),A$4:OFFSET(A8,0,0),""=""&A8,H$4:OFFSET(H8,0,0),""<>"")","J8,A8,H8,I8",
Transactions,M8,"=SUM(OFFSET(M8,-1,0),J8,-I8)","M8,J8,I8",Transactions!M8
Transactions,A9,Checking,,"Transactions!K9,Transactions!L9"
Transactions,B9,2019-01-10 00:00:00,,
Transactions,C9,2032,,
Transactions,D9,Car Payment,,
Transactions,E9,,,
Transactions,F9,,,
Transactions,G9,Car Payment,,
Transactions,H9,c,,Transactions!L9
Transactions,I9,115.2,,"Transactions!K9,Transactions!L9,Transactions!M9"
Transactions,J9,,,"Transactions!K9,Transactions!L9,Transactions!M9"
Transactions,K9,"=SUMIFS(J$4:OFFSET(J9,0,0),A$4:OFFSET(A9,0,0),""=""&A9)-SUMIFS(I$4:OFFSET(I9,0,0),A$4:OFFSET(A9,0,0),""=""&A9)","J9,A9,I9",
Transactions,L9,"=SUMIFS(J$4:OFFSET(J9,0,0),A$4:OFFSET(A9,0,0),""=""&A9,H$4:OFFSET(H9,0,0),""<>"")-SUMIFS(I$4:OFFSET(I9,0,0),A$4:OFFSET(A9,0,0),""=""&A9,H$4:OFFSET(H9,0,0),""<>"")","J9,A9,H9,I9",
Transactions,M9,"=SUM(OFFSET(M9,-1,0),J9,-I9)","M9,J9,I9",Transactions!M9
Transactions,A10,CrCard1,,"Transactions!K10,Transactions!L10"
Transactions,B10,2019-01-15 00:00:00,,
Transactions,C10,,,
Transactions,D10,Joe's Food Mart,,
Transactions,E10,,,
Transactions,F10,,,
Transactions,G10,Groceries,,
Transactions,H10,,,Transactions!L10
Transactions,I10,87.34,,"Transactions!K10,Transactions!L10,Transactions!M10"
Transactions,J10,,,"Transactions!K10,Transactions!L10,Transactions!M10"
Transactions,K10,"=SUMIFS(J$4:OFFSET(J10,0,0),A$4:OFFSET(A10,0,0),""=""&A10)-SUMIFS(I$4:OFFSET(I10,0,0),A$4:OFFSET(A10,0,0),""=""&A10)","J10,A10,I10",
Transactions,L10,"=SUMIFS(J$4:OFFSET(J10,0,0),A$4:OFFSET(A10,0,0),""=""&A10,H$4:OFFSET(H10,0,0),""<>"")-SUMIFS(I$4:OFFSET(I10,0,0),A$4:OFFSET(A10,0,0),""=""&A10,H$4:OFFSET(H10,0,0),""<>"")","J10,A10,H10,I10",
Transactions,M10,"=SUM(OFFSET(M10,-1,0),J10,-I10)","M10,J10,I10",Transactions!M10
Transactions,A11,CrCard1,,"Transactions!K11,Transactions!L11"
Transactions,B11,2019-01-18 00:00:00,,
Transactions,C11,,,
Transactions,D11,Fuel,,
Transactions,E11,,,
Transactions,F11,,,
Transactions,G11,Util. Gas,,
Transactions,H11,,,Transactions!L11
Transactions,I11,100,,"Transactions!K11,Transactions!L11,Transactions!M11"
Transactions,J11,,,"Transactions!K11,Transactions!L11,Transactions!M11"
Transactions,K11,"=SUMIFS(J$4:OFFSET(J11,0,0),A$4:OFFSET(A11,0,0),""=""&A11)-SUMIFS(I$4:OFFSET(I11,0,0),A$4:OFFSET(A11,0,0),""=""&A11)","J11,A11,I11",
Transactions,L11,"=SUMIFS(J$4:OFFSET(J11,0,0),A$4:OFFSET(A11,0,0),""=""&A11,H$4:OFFSET(H11,0,0),""<>"")-SUMIFS(I$4:OFFSET(I11,0,0),A$4:OFFSET(A11,0,0),""=""&A11,H$4:OFFSET(H11,0,0),""<>"")","J11,A11,H11,I11",
Transactions,M11,"=SUM(OFFSET(M11,-1,0),J11,-I11)","M11,J11,I11",Transactions!M11
Transactions,A12,Checking,,"Transactions!K12,Transactions!L12"
Transactions,B12,2019-02-05 00:00:00,,
Transactions,C12,DEP,,
Transactions,D12,Direct Deposit from Employer,,
Transactions,E12,,,
Transactions,F12,,,
Transactions,G12,Wages & Tips,,
Transactions,H12,,,Transactions!L12
Transactions,I12,,,"Transactions!K12,Transactions!L12,Transactions!M12"
Transactions,J12,1000,,"Transactions!K12,Transactions!L12,Transactions!M12"
Transactions,K12,"=SUMIFS(J$4:OFFSET(J12,0,0),A$4:OFFSET(A12,0,0),""=""&A12)-SUMIFS(I$4:OFFSET(I12,0,0),A$4:OFFSET(A12,0,0),""=""&A12)","J12,A12,I12",
Transactions,L12,"=SUMIFS(J$4:OFFSET(J12,0,0),A$4:OFFSET(A12,0,0),""=""&A12,H$4:OFFSET(H12,0,0),""<>"")-SUMIFS(I$4:OFFSET(I12,0,0),A$4:OFFSET(A12,0,0),""=""&A12,H$4:OFFSET(H12,0,0),""<>"")","J12,A12,H12,I12",
Transactions,M12,"=SUM(OFFSET(M12,-1,0),J12,-I12)","M12,J12,I12",Transactions!M12
Transactions,A13,Checking,,"Transactions!K13,Transactions!L13"
Transactions,B13,2019-02-10 00:00:00,,
Transactions,C13,2033,,
Transactions,D13,Target,,
Transactions,E13,Split,,
Transactions,F13,,,
Transactions,G13,Clothing,,
Transactions,H13,,,Transactions!L13
Transactions,I13,23.1,,"Transactions!K13,Transactions!L13,Transactions!M13"
Transactions,J13,,,"Transactions!K13,Transactions!L13,Transactions!M13"
Transactions,K13,"=SUMIFS(J$4:OFFSET(J13,0,0),A$4:OFFSET(A13,0,0),""=""&A13)-SUMIFS(I$4:OFFSET(I13,0,0),A$4:OFFSET(A13,0,0),""=""&A13)","J13,A13,I13",
Transactions,L13,"=SUMIFS(J$4:OFFSET(J13,0,0),A$4:OFFSET(A13,0,0),""=""&A13,H$4:OFFSET(H13,0,0),""<>"")-SUMIFS(I$4:OFFSET(I13,0,0),A$4:OFFSET(A13,0,0),""=""&A13,H$4:OFFSET(H13,0,0),""<>"")","J13,A13,H13,I13",
Transactions,M13,"=SUM(OFFSET(M13,-1,0),J13,-I13)","M13,J13,I13",Transactions!M13
Transactions,A14,Checking,,"Transactions!K14,Transactions!L14"
Transactions,B14,2019-02-10 00:00:00,,
Transactions,C14,2033,,
Transactions,D14,Target,,
Transactions,E14,Split,,
Transactions,F14,,,
Transactions,G14,Groceries,,
Transactions,H14,,,Transactions!L14
Transactions,I14,45.15,,"Transactions!K14,Transactions!L14,Transactions!M14"
Transactions,J14,,,"Transactions!K14,Transactions!L14,Transactions!M14"
Transactions,K14,"=SUMIFS(J$4:OFFSET(J14,0,0),A$4:OFFSET(A14,0,0),""=""&A14)-SUMIFS(I$4:OFFSET(I14,0,0),A$4:OFFSET(A14,0,0),""=""&A14)","J14,A14,I14",
Transactions,L14,"=SUMIFS(J$4:OFFSET(J14,0,0),A$4:OFFSET(A14,0,0),""=""&A14,H$4:OFFSET(H14,0,0),""<>"")-SUMIFS(I$4:OFFSET(I14,0,0),A$4:OFFSET(A14,0,0),""=""&A14,H$4:OFFSET(H14,0,0),""<>"")","J14,A14,H14,I14",
Transactions,M14,"=SUM(OFFSET(M14,-1,0),J14,-I14)","M14,J14,I14",Transactions!M14
Transactions,A15,Checking,,"Transactions!K15,Transactions!L15"
Transactions,B15,2019-02-10 00:00:00,,
Transactions,C15,2033,,
Transactions,D15,Target,,
Transactions,E15,Split,,
Transactions,F15,,,
Transactions,G15,Personal Supplies,,
Transactions,H15,,,Transactions!L15
Transactions,I15,25.04,,"Transactions!K15,Transactions!L15,Transactions!M15"
Transactions,J15,,,"Transactions!K15,Transactions!L15,Transactions!M15"
Transactions,K15,"=SUMIFS(J$4:OFFSET(J15,0,0),A$4:OFFSET(A15,0,0),""=""&A15)-SUMIFS(I$4:OFFSET(I15,0,0),A$4:OFFSET(A15,0,0),""=""&A15)","J15,A15,I15",
Transactions,L15,"=SUMIFS(J$4:OFFSET(J15,0,0),A$4:OFFSET(A15,0,0),""=""&A15,H$4:OFFSET(H15,0,0),""<>"")-SUMIFS(I$4:OFFSET(I15,0,0),A$4:OFFSET(A15,0,0),""=""&A15,H$4:OFFSET(H15,0,0),""<>"")","J15,A15,H15,I15",
Transactions,M15,"=SUM(OFFSET(M15,-1,0),J15,-I15)","M15,J15,I15",Transactions!M15
Transactions,A16,Savings,,"Transactions!K16,Transactions!L16"
Transactions,B16,2019-02-15 00:00:00,,
Transactions,C16,TXFR,,
Transactions,D16,[From Checking],,
Transactions,E16,,,
Transactions,F16,,,
Transactions,G16,[Transfer],,
Transactions,H16,,,Transactions!L16
Transactions,I16,,,"Transactions!K16,Transactions!L16,Transactions!M16"
Transactions,J16,200,,"Transactions!K16,Transactions!L16,Transactions!M16"
Transactions,K16,"=SUMIFS(J$4:OFFSET(J16,0,0),A$4:OFFSET(A16,0,0),""=""&A16)-SUMIFS(I$4:OFFSET(I16,0,0),A$4:OFFSET(A16,0,0),""=""&A16)","J16,A16,I16",
Transactions,L16,"=SUMIFS(J$4:OFFSET(J16,0,0),A$4:OFFSET(A16,0,0),""=""&A16,H$4:OFFSET(H16,0,0),""<>"")-SUMIFS(I$4:OFFSET(I16,0,0),A$4:OFFSET(A16,0,0),""=""&A16,H$4:OFFSET(H16,0,0),""<>"")","J16,A16,H16,I16",
Transactions,M16,"=SUM(OFFSET(M16,-1,0),J16,-I16)","M16,J16,I16",Transactions!M16
Transactions,A17,Checking,,"Transactions!K17,Transactions!L17"
Transactions,B17,2019-02-15 00:00:00,,
Transactions,C17,TXFR,,
Transactions,D17,[To Savings],,
Transactions,E17,Split,,
Transactions,F17,,,
Transactions,G17,Emergency Fund,,
Transactions,H17,,,Transactions!L17
Transactions,I17,100,,"Transactions!K17,Transactions!L17,Transactions!M17"
Transactions,J17,,,"Transactions!K17,Transactions!L17,Transactions!M17"
Transactions,K17,"=SUMIFS(J$4:OFFSET(J17,0,0),A$4:OFFSET(A17,0,0),""=""&A17)-SUMIFS(I$4:OFFSET(I17,0,0),A$4:OFFSET(A17,0,0),""=""&A17)","J17,A17,I17",
Transactions,L17,"=SUMIFS(J$4:OFFSET(J17,0,0),A$4:OFFSET(A17,0,0),""=""&A17,H$4:OFFSET(H17,0,0),""<>"")-SUMIFS(I$4:OFFSET(I17,0,0),A$4:OFFSET(A17,0,0),""=""&A17,H$4:OFFSET(H17,0,0),""<>"")","J17,A17,H17,I17",
Transactions,M17,"=SUM(OFFSET(M17,-1,0),J17,-I17)","M17,J17,I17",Transactions!M17
Transactions,A18,Checking,,"Transactions!K18,Transactions!L18"
Transactions,B18,2019-02-15 00:00:00,,
Transactions,C18,TXFR,,
Transactions,D18,[To Savings],,
Transactions,E18,Split,,
Transactions,F18,,,
Transactions,G18,Retirement Fund,,
Transactions,H18,,,Transactions!L18
Transactions,I18,50,,"Transactions!K18,Transactions!L18,Transactions!M18"
Transactions,J18,,,"Transactions!K18,Transactions!L18,Transactions!M18"
Transactions,K18,"=SUMIFS(J$4:OFFSET(J18,0,0),A$4:OFFSET(A18,0,0),""=""&A18)-SUMIFS(I$4:OFFSET(I18,0,0),A$4:OFFSET(A18,0,0),""=""&A18)","J18,A18,I18",
Transactions,L18,"=SUMIFS(J$4:OFFSET(J18,0,0),A$4:OFFSET(A18,0,0),""=""&A18,H$4:OFFSET(H18,0,0),""<>"")-SUMIFS(I$4:OFFSET(I18,0,0),A$4:OFFSET(A18,0,0),""=""&A18,H$4:OFFSET(H18,0,0),""<>"")","J18,A18,H18,I18",
Transactions,M18,"=SUM(OFFSET(M18,-1,0),J18,-I18)","M18,J18,I18",Transactions!M18
Transactions,A19,Checking,,"Transactions!K19,Transactions!L19"
Transactions,B19,2019-01-01 00:00:00,,
Transactions,C19,,,
Transactions,D19,[Allocation],,
Transactions,E19,,,
Transactions,F19,,,
Transactions,G19,Health Insurance,,
Transactions,H19,,,Transactions!L19
Transactions,I19,200,,"Transactions!K19,Transactions!L19,Transactions!M19"
Transactions,J19,,,"Transactions!K19,Transactions!L19,Transactions!M19"
Transactions,K19,"=SUMIFS(J$4:OFFSET(J19,0,0),A$4:OFFSET(A19,0,0),""=""&A19)-SUMIFS(I$4:OFFSET(I19,0,0),A$4:OFFSET(A19,0,0),""=""&A19)","J19,A19,I19",
Transactions,L19,"=SUMIFS(J$4:OFFSET(J19,0,0),A$4:OFFSET(A19,0,0),""=""&A19,H$4:OFFSET(H19,0,0),""<>"")-SUMIFS(I$4:OFFSET(I19,0,0),A$4:OFFSET(A19,0,0),""=""&A19,H$4:OFFSET(H19,0,0),""<>"")","J19,A19,H19,I19",
Transactions,M19,"=SUM(OFFSET(M19,-1,0),J19,-I19)","M19,J19,I19",Transactions!M19
Transactions,A20,Checking,,"Transactions!K20,Transactions!L20"
Transactions,B20,2019-01-01 00:00:00,,
Transactions,C20,,,
Transactions,D20,[Allocation],,
Transactions,E20,,,
Transactions,F20,,,
Transactions,G20,,,
Transactions,H20,,,Transactions!L20
Transactions,I20,,,"Transactions!K20,Transactions!L20,Transactions!M20"
Transactions,J20,200,,"Transactions!K20,Transactions!L20,Transactions!M20"
Transactions,K20,"=SUMIFS(J$4:OFFSET(J20,0,0),A$4:OFFSET(A20,0,0),""=""&A20)-SUMIFS(I$4:OFFSET(I20,0,0),A$4:OFFSET(A20,0,0),""=""&A20)","J20,A20,I20",
Transactions,L20,"=SUMIFS(J$4:OFFSET(J20,0,0),A$4:OFFSET(A20,0,0),""=""&A20,H$4:OFFSET(H20,0,0),""<>"")-SUMIFS(I$4:OFFSET(I20,0,0),A$4:OFFSET(A20,0,0),""=""&A20,H$4:OFFSET(H20,0,0),""<>"")","J20,A20,H20,I20",
Transactions,M20,"=SUM(OFFSET(M20,-1,0),J20,-I20)","M20,J20,I20",Transactions!M20
Transactions,A21,Checking,,"Transactions!K21,Transactions!L21"
Transactions,B21,2019-02-01 00:00:00,,
Transactions,C21,,,
Transactions,D21,[Allocation],,
Transactions,E21,,,
Transactions,F21,,,
Transactions,G21,Health Insurance,,
Transactions,H21,,,Transactions!L21
Transactions,I21,200,,"Transactions!K21,Transactions!L21,Transactions!M21"
Transactions,J21,,,"Transactions!K21,Transactions!L21,Transactions!M21"
Transactions,K21,"=SUMIFS(J$4:OFFSET(J21,0,0),A$4:OFFSET(A21,0,0),""=""&A21)-SUMIFS(I$4:OFFSET(I21,0,0),A$4:OFFSET(A21,0,0),""=""&A21)","J21,A21,I21",
Transactions,L21,"=SUMIFS(J$4:OFFSET(J21,0,0),A$4:OFFSET(A21,0,0),""=""&A21,H$4:OFFSET(H21,0,0),""<>"")-SUMIFS(I$4:OFFSET(I21,0,0),A$4:OFFSET(A21,0,0),""=""&A21,H$4:OFFSET(H21,0,0),""<>"")","J21,A21,H21,I21",
Transactions,M21,"=SUM(OFFSET(M21,-1,0),J21,-I21)","M21,J21,I21",Transactions!M21
Transactions,A22,Checking,,"Transactions!K22,Transactions!L22"
Transactions,B22,2019-02-01 00:00:00,,
Transactions,C22,,,
Transactions,D22,[Allocation],,
Transactions,E22,,,
Transactions,F22,,,
Transactions,G22,,,
Transactions,H22,,,Transactions!L22
Transactions,I22,,,"Transactions!K22,Transactions!L22,Transactions!M22"
Transactions,J22,200,,"Transactions!K22,Transactions!L22,Transactions!M22"
Transactions,K22,"=SUMIFS(J$4:OFFSET(J22,0,0),A$4:OFFSET(A22,0,0),""=""&A22)-SUMIFS(I$4:OFFSET(I22,0,0),A$4:OFFSET(A22,0,0),""=""&A22)","J22,A22,I22",
Transactions,L22,"=SUMIFS(J$4:OFFSET(J22,0,0),A$4:OFFSET(A22,0,0),""=""&A22,H$4:OFFSET(H22,0,0),""<>"")-SUMIFS(I$4:OFFSET(I22,0,0),A$4:OFFSET(A22,0,0),""=""&A22,H$4:OFFSET(H22,0,0),""<>"")","J22,A22,H22,I22",
Transactions,M22,"=SUM(OFFSET(M22,-1,0),J22,-I22)","M22,J22,I22",Transactions!M22
Transactions,A23,Checking,,"Transactions!K23,Transactions!L23"
Transactions,B23,2019-03-01 00:00:00,,
Transactions,C23,,,
Transactions,D23,[Allocation],,
Transactions,E23,,,
Transactions,F23,,,
Transactions,G23,Health Insurance,,
Transactions,H23,,,Transactions!L23
Transactions,I23,200,,"Transactions!K23,Transactions!L23,Transactions!M23"
Transactions,J23,,,"Transactions!K23,Transactions!L23,Transactions!M23"
Transactions,K23,"=SUMIFS(J$4:OFFSET(J23,0,0),A$4:OFFSET(A23,0,0),""=""&A23)-SUMIFS(I$4:OFFSET(I23,0,0),A$4:OFFSET(A23,0,0),""=""&A23)","J23,A23,I23",
Transactions,L23,"=SUMIFS(J$4:OFFSET(J23,0,0),A$4:OFFSET(A23,0,0),""=""&A23,H$4:OFFSET(H23,0,0),""<>"")-SUMIFS(I$4:OFFSET(I23,0,0),A$4:OFFSET(A23,0,0),""=""&A23,H$4:OFFSET(H23,0,0),""<>"")","J23,A23,H23,I23",
Transactions,M23,"=SUM(OFFSET(M23,-1,0),J23,-I23)","M23,J23,I23",Transactions!M23
Transactions,A24,Checking,,"Transactions!K24,Transactions!L24"
Transactions,B24,2019-03-01 00:00:00,,
Transactions,C24,,,
Transactions,D24,[Allocation],,
Transactions,E24,,,
Transactions,F24,,,
Transactions,G24,,,
Transactions,H24,,,Transactions!L24
Transactions,I24,,,"Transactions!K24,Transactions!L24,Transactions!M24"
Transactions,J24,200,,"Transactions!K24,Transactions!L24,Transactions!M24"
Transactions,K24,"=SUMIFS(J$4:OFFSET(J24,0,0),A$4:OFFSET(A24,0,0),""=""&A24)-SUMIFS(I$4:OFFSET(I24,0,0),A$4:OFFSET(A24,0,0),""=""&A24)","J24,A24,I24",
Transactions,L24,"=SUMIFS(J$4:OFFSET(J24,0,0),A$4:OFFSET(A24,0,0),""=""&A24,H$4:OFFSET(H24,0,0),""<>"")-SUMIFS(I$4:OFFSET(I24,0,0),A$4:OFFSET(A24,0,0),""=""&A24,H$4:OFFSET(H24,0,0),""<>"")","J24,A24,H24,I24",
Transactions,M24,"=SUM(OFFSET(M24,-1,0),J24,-I24)","M24,J24,I24",Transactions!M24
Transactions,A25,Checking,,"Transactions!K25,Transactions!L25"
Transactions,B25,2019-03-15 00:00:00,,
Transactions,C25,,,
Transactions,D25,ABC Insurance,,
Transactions,E25,,,
Transactions,F25,,,
Transactions,G25,,,
Transactions,H25,,,Transactions!L25
Transactions,I25,600,,"Transactions!K25,Transactions!L25,Transactions!M25"
Transactions,J25,,,"Transactions!K25,Transactions!L25,Transactions!M25"
Transactions,K25,"=SUMIFS(J$4:OFFSET(J25,0,0),A$4:OFFSET(A25,0,0),""=""&A25)-SUMIFS(I$4:OFFSET(I25,0,0),A$4:OFFSET(A25,0,0),""=""&A25)","J25,A25,I25",
Transactions,L25,"=SUMIFS(J$4:OFFSET(J25,0,0),A$4:OFFSET(A25,0,0),""=""&A25,H$4:OFFSET(H25,0,0),""<>"")-SUMIFS(I$4:OFFSET(I25,0,0),A$4:OFFSET(A25,0,0),""=""&A25,H$4:OFFSET(H25,0,0),""<>"")","J25,A25,H25,I25",
Transactions,M25,"=SUM(OFFSET(M25,-1,0),J25,-I25)","M25,J25,I25",Transactions!M25
Transactions,A26,,,"Transactions!K26,Transactions!L26"
Transactions,B26,,,
Transactions,C26,,,
Transactions,D26,,,
Transactions,E26,,,
Transactions,F26,,,
Transactions,G26,,,
Transactions,H26,,,Transactions!L26
Transactions,I26,,,"Transactions!K26,Transactions!L26,Transactions!M26"
Transactions,J26,,,"Transactions!K26,Transactions!L26,Transactions!M26"
Transactions,K26,"=SUMIFS(J$4:OFFSET(J26,0,0),A$4:OFFSET(A26,0,0),""=""&A26)-SUMIFS(I$4:OFFSET(I26,0,0),A$4:OFFSET(A26,0,0),""=""&A26)","J26,A26,I26",
Transactions,L26,"=SUMIFS(J$4:OFFSET(J26,0,0),A$4:OFFSET(A26,0,0),""=""&A26,H$4:OFFSET(H26,0,0),""<>"")-SUMIFS(I$4:OFFSET(I26,0,0),A$4:OFFSET(A26,0,0),""=""&A26,H$4:OFFSET(H26,0,0),""<>"")","J26,A26,H26,I26",
Transactions,M26,"=SUM(OFFSET(M26,-1,0),J26,-I26)","M26,J26,I26",Transactions!M26
Transactions,A27,,,"Transactions!K27,Transactions!L27"
Transactions,B27,,,
Transactions,C27,,,
Transactions,D27,,,
Transactions,E27,,,
Transactions,F27,,,
Transactions,G27,,,
Transactions,H27,,,Transactions!L27
Transactions,I27,,,"Transactions!K27,Transactions!L27,Transactions!M27"
Transactions,J27,,,"Transactions!K27,Transactions!L27,Transactions!M27"
Transactions,K27,"=SUMIFS(J$4:OFFSET(J27,0,0),A$4:OFFSET(A27,0,0),""=""&A27)-SUMIFS(I$4:OFFSET(I27,0,0),A$4:OFFSET(A27,0,0),""=""&A27)","J27,A27,I27",
Transactions,L27,"=SUMIFS(J$4:OFFSET(J27,0,0),A$4:OFFSET(A27,0,0),""=""&A27,H$4:OFFSET(H27,0,0),""<>"")-SUMIFS(I$4:OFFSET(I27,0,0),A$4:OFFSET(A27,0,0),""=""&A27,H$4:OFFSET(H27,0,0),""<>"")","J27,A27,H27,I27",
Transactions,M27,"=SUM(OFFSET(M27,-1,0),J27,-I27)","M27,J27,I27",Transactions!M27
Transactions,A28,,,"Transactions!K28,Transactions!L28"
Transactions,B28,,,
Transactions,C28,,,
Transactions,D28,,,
Transactions,E28,,,
Transactions,F28,,,
Transactions,G28,,,
Transactions,H28,,,Transactions!L28
Transactions,I28,,,"Transactions!K28,Transactions!L28,Transactions!M28"
Transactions,J28,,,"Transactions!K28,Transactions!L28,Transactions!M28"
Transactions,K28,"=SUMIFS(J$4:OFFSET(J28,0,0),A$4:OFFSET(A28,0,0),""=""&A28)-SUMIFS(I$4:OFFSET(I28,0,0),A$4:OFFSET(A28,0,0),""=""&A28)","J28,A28,I28",
Transactions,L28,"=SUMIFS(J$4:OFFSET(J28,0,0),A$4:OFFSET(A28,0,0),""=""&A28,H$4:OFFSET(H28,0,0),""<>"")-SUMIFS(I$4:OFFSET(I28,0,0),A$4:OFFSET(A28,0,0),""=""&A28,H$4:OFFSET(H28,0,0),""<>"")","J28,A28,H28,I28",
Transactions,M28,"=SUM(OFFSET(M28,-1,0),J28,-I28)","M28,J28,I28",Transactions!M28
Transactions,A29,,,"Transactions!K29,Transactions!L29"
Transactions,B29,,,
Transactions,C29,,,
Transactions,D29,,,
Transactions,E29,,,
Transactions,F29,,,
Transactions,G29,,,
Transactions,H29,,,Transactions!L29
Transactions,I29,,,"Transactions!K29,Transactions!L29,Transactions!M29"
Transactions,J29,,,"Transactions!K29,Transactions!L29,Transactions!M29"
Transactions,K29,"=SUMIFS(J$4:OFFSET(J29,0,0),A$4:OFFSET(A29,0,0),""=""&A29)-SUMIFS(I$4:OFFSET(I29,0,0),A$4:OFFSET(A29,0,0),""=""&A29)","J29,A29,I29",
Transactions,L29,"=SUMIFS(J$4:OFFSET(J29,0,0),A$4:OFFSET(A29,0,0),""=""&A29,H$4:OFFSET(H29,0,0),""<>"")-SUMIFS(I$4:OFFSET(I29,0,0),A$4:OFFSET(A29,0,0),""=""&A29,H$4:OFFSET(H29,0,0),""<>"")","J29,A29,H29,I29",
Transactions,M29,"=SUM(OFFSET(M29,-1,0),J29,-I29)","M29,J29,I29",Transactions!M29
Transactions,A30,,,"Transactions!K30,Transactions!L30"
Transactions,B30,,,
Transactions,C30,,,
Transactions,D30,,,
Transactions,E30,,,
Transactions,F30,,,
Transactions,G30,,,
Transactions,H30,,,Transactions!L30
Transactions,I30,,,"Transactions!K30,Transactions!L30,Transactions!M30"
Transactions,J30,,,"Transactions!K30,Transactions!L30,Transactions!M30"
Transactions,K30,"=SUMIFS(J$4:OFFSET(J30,0,0),A$4:OFFSET(A30,0,0),""=""&A30)-SUMIFS(I$4:OFFSET(I30,0,0),A$4:OFFSET(A30,0,0),""=""&A30)","J30,A30,I30",
Transactions,L30,"=SUMIFS(J$4:OFFSET(J30,0,0),A$4:OFFSET(A30,0,0),""=""&A30,H$4:OFFSET(H30,0,0),""<>"")-SUMIFS(I$4:OFFSET(I30,0,0),A$4:OFFSET(A30,0,0),""=""&A30,H$4:OFFSET(H30,0,0),""<>"")","J30,A30,H30,I30",
Transactions,M30,"=SUM(OFFSET(M30,-1,0),J30,-I30)","M30,J30,I30",Transactions!M30
Transactions,A31,,,"Transactions!K31,Transactions!L31"
Transactions,B31,,,
Transactions,C31,,,
Transactions,D31,,,
Transactions,E31,,,
Transactions,F31,,,
Transactions,G31,,,
Transactions,H31,,,Transactions!L31
Transactions,I31,,,"Transactions!K31,Transactions!L31,Transactions!M31"
Transactions,J31,,,"Transactions!K31,Transactions!L31,Transactions!M31"
Transactions,K31,"=SUMIFS(J$4:OFFSET(J31,0,0),A$4:OFFSET(A31,0,0),""=""&A31)-SUMIFS(I$4:OFFSET(I31,0,0),A$4:OFFSET(A31,0,0),""=""&A31)","J31,A31,I31",
Transactions,L31,"=SUMIFS(J$4:OFFSET(J31,0,0),A$4:OFFSET(A31,0,0),""=""&A31,H$4:OFFSET(H31,0,0),""<>"")-SUMIFS(I$4:OFFSET(I31,0,0),A$4:OFFSET(A31,0,0),""=""&A31,H$4:OFFSET(H31,0,0),""<>"")","J31,A31,H31,I31",
Transactions,M31,"=SUM(OFFSET(M31,-1,0),J31,-I31)","M31,J31,I31",Transactions!M31
Transactions,A32,,,"Transactions!K32,Transactions!L32"
Transactions,B32,,,
Transactions,C32,,,
Transactions,D32,,,
Transactions,E32,,,
Transactions,F32,,,
Transactions,G32,,,
Transactions,H32,,,Transactions!L32
Transactions,I32,,,"Transactions!K32,Transactions!L32,Transactions!M32"
Transactions,J32,,,"Transactions!K32,Transactions!L32,Transactions!M32"
Transactions,K32,"=SUMIFS(J$4:OFFSET(J32,0,0),A$4:OFFSET(A32,0,0),""=""&A32)-SUMIFS(I$4:OFFSET(I32,0,0),A$4:OFFSET(A32,0,0),""=""&A32)","J32,A32,I32",
Transactions,L32,"=SUMIFS(J$4:OFFSET(J32,0,0),A$4:OFFSET(A32,0,0),""=""&A32,H$4:OFFSET(H32,0,0),""<>"")-SUMIFS(I$4:OFFSET(I32,0,0),A$4:OFFSET(A32,0,0),""=""&A32,H$4:OFFSET(H32,0,0),""<>"")","J32,A32,H32,I32",
Transactions,M32,"=SUM(OFFSET(M32,-1,0),J32,-I32)","M32,J32,I32",Transactions!M32
Transactions,A33,,,"Transactions!K33,Transactions!L33"
Transactions,B33,,,
Transactions,C33,,,
Transactions,D33,,,
Transactions,E33,,,
Transactions,F33,,,
Transactions,G33,,,
Transactions,H33,,,Transactions!L33
Transactions,I33,,,"Transactions!K33,Transactions!L33,Transactions!M33"
Transactions,J33,,,"Transactions!K33,Transactions!L33,Transactions!M33"
Transactions,K33,"=SUMIFS(J$4:OFFSET(J33,0,0),A$4:OFFSET(A33,0,0),""=""&A33)-SUMIFS(I$4:OFFSET(I33,0,0),A$4:OFFSET(A33,0,0),""=""&A33)","J33,A33,I33",
Transactions,L33,"=SUMIFS(J$4:OFFSET(J33,0,0),A$4:OFFSET(A33,0,0),""=""&A33,H$4:OFFSET(H33,0,0),""<>"")-SUMIFS(I$4:OFFSET(I33,0,0),A$4:OFFSET(A33,0,0),""=""&A33,H$4:OFFSET(H33,0,0),""<>"")","J33,A33,H33,I33",
Transactions,M33,"=SUM(OFFSET(M33,-1,0),J33,-I33)","M33,J33,I33",Transactions!M33
Transactions,A34,,,"Transactions!K34,Transactions!L34"
Transactions,B34,,,
Transactions,C34,,,
Transactions,D34,,,
Transactions,E34,,,
Transactions,F34,,,
Transactions,G34,,,
Transactions,H34,,,Transactions!L34
Transactions,I34,,,"Transactions!K34,Transactions!L34,Transactions!M34"
Transactions,J34,,,"Transactions!K34,Transactions!L34,Transactions!M34"
Transactions,K34,"=SUMIFS(J$4:OFFSET(J34,0,0),A$4:OFFSET(A34,0,0),""=""&A34)-SUMIFS(I$4:OFFSET(I34,0,0),A$4:OFFSET(A34,0,0),""=""&A34)","J34,A34,I34",
Transactions,L34,"=SUMIFS(J$4:OFFSET(J34,0,0),A$4:OFFSET(A34,0,0),""=""&A34,H$4:OFFSET(H34,0,0),""<>"")-SUMIFS(I$4:OFFSET(I34,0,0),A$4:OFFSET(A34,0,0),""=""&A34,H$4:OFFSET(H34,0,0),""<>"")","J34,A34,H34,I34",
Transactions,M34,"=SUM(OFFSET(M34,-1,0),J34,-I34)","M34,J34,I34",Transactions!M34
Transactions,A35,,,"Transactions!K35,Transactions!L35"
Transactions,B35,,,
Transactions,C35,,,
Transactions,D35,,,
Transactions,E35,,,
Transactions,F35,,,
Transactions,G35,,,
Transactions,H35,,,Transactions!L35
Transactions,I35,,,"Transactions!K35,Transactions!L35,Transactions!M35"
Transactions,J35,,,"Transactions!K35,Transactions!L35,Transactions!M35"
Transactions,K35,"=SUMIFS(J$4:OFFSET(J35,0,0),A$4:OFFSET(A35,0,0),""=""&A35)-SUMIFS(I$4:OFFSET(I35,0,0),A$4:OFFSET(A35,0,0),""=""&A35)","J35,A35,I35",
Transactions,L35,"=SUMIFS(J$4:OFFSET(J35,0,0),A$4:OFFSET(A35,0,0),""=""&A35,H$4:OFFSET(H35,0,0),""<>"")-SUMIFS(I$4:OFFSET(I35,0,0),A$4:OFFSET(A35,0,0),""=""&A35,H$4:OFFSET(H35,0,0),""<>"")","J35,A35,H35,I35",
Transactions,M35,"=SUM(OFFSET(M35,-1,0),J35,-I35)","M35,J35,I35",Transactions!M35
Transactions,A36,,,"Transactions!K36,Transactions!L36"
Transactions,B36,,,
Transactions,C36,,,
Transactions,D36,,,
Transactions,E36,,,
Transactions,F36,,,
Transactions,G36,,,
Transactions,H36,,,Transactions!L36
Transactions,I36,,,"Transactions!K36,Transactions!L36,Transactions!M36"
Transactions,J36,,,"Transactions!K36,Transactions!L36,Transactions!M36"
Transactions,K36,"=SUMIFS(J$4:OFFSET(J36,0,0),A$4:OFFSET(A36,0,0),""=""&A36)-SUMIFS(I$4:OFFSET(I36,0,0),A$4:OFFSET(A36,0,0),""=""&A36)","J36,A36,I36",
Transactions,L36,"=SUMIFS(J$4:OFFSET(J36,0,0),A$4:OFFSET(A36,0,0),""=""&A36,H$4:OFFSET(H36,0,0),""<>"")-SUMIFS(I$4:OFFSET(I36,0,0),A$4:OFFSET(A36,0,0),""=""&A36,H$4:OFFSET(H36,0,0),""<>"")","J36,A36,H36,I36",
Transactions,M36,"=SUM(OFFSET(M36,-1,0),J36,-I36)","M36,J36,I36",Transactions!M36
Transactions,A37,,,"Transactions!K37,Transactions!L37"
Transactions,B37,,,
Transactions,C37,,,
Transactions,D37,,,
Transactions,E37,,,
Transactions,F37,,,
Transactions,G37,,,
Transactions,H37,,,Transactions!L37
Transactions,I37,,,"Transactions!K37,Transactions!L37,Transactions!M37"
Transactions,J37,,,"Transactions!K37,Transactions!L37,Transactions!M37"
Transactions,K37,"=SUMIFS(J$4:OFFSET(J37,0,0),A$4:OFFSET(A37,0,0),""=""&A37)-SUMIFS(I$4:OFFSET(I37,0,0),A$4:OFFSET(A37,0,0),""=""&A37)","J37,A37,I37",
Transactions,L37,"=SUMIFS(J$4:OFFSET(J37,0,0),A$4:OFFSET(A37,0,0),""=""&A37,H$4:OFFSET(H37,0,0),""<>"")-SUMIFS(I$4:OFFSET(I37,0,0),A$4:OFFSET(A37,0,0),""=""&A37,H$4:OFFSET(H37,0,0),""<>"")","J37,A37,H37,I37",
Transactions,M37,"=SUM(OFFSET(M37,-1,0),J37,-I37)","M37,J37,I37",Transactions!M37
Transactions,A38,,,"Transactions!K38,Transactions!L38"
Transactions,B38,,,
Transactions,C38,,,
Transactions,D38,,,
Transactions,E38,,,
Transactions,F38,,,
Transactions,G38,,,
Transactions,H38,,,Transactions!L38
Transactions,I38,,,"Transactions!K38,Transactions!L38,Transactions!M38"
Transactions,J38,,,"Transactions!K38,Transactions!L38,Transactions!M38"
Transactions,K38,"=SUMIFS(J$4:OFFSET(J38,0,0),A$4:OFFSET(A38,0,0),""=""&A38)-SUMIFS(I$4:OFFSET(I38,0,0),A$4:OFFSET(A38,0,0),""=""&A38)","J38,A38,I38",
Transactions,L38,"=SUMIFS(J$4:OFFSET(J38,0,0),A$4:OFFSET(A38,0,0),""=""&A38,H$4:OFFSET(H38,0,0),""<>"")-SUMIFS(I$4:OFFSET(I38,0,0),A$4:OFFSET(A38,0,0),""=""&A38,H$4:OFFSET(H38,0,0),""<>"")","J38,A38,H38,I38",
Transactions,M38,"=SUM(OFFSET(M38,-1,0),J38,-I38)","M38,J38,I38",Transactions!M38
Transactions,A39,,,"Transactions!K39,Transactions!L39"
Transactions,B39,,,
Transactions,C39,,,
Transactions,D39,,,
Transactions,E39,,,
Transactions,F39,,,
Transactions,G39,,,
Transactions,H39,,,Transactions!L39
Transactions,I39,,,"Transactions!K39,Transactions!L39,Transactions!M39"
Transactions,J39,,,"Transactions!K39,Transactions!L39,Transactions!M39"
Transactions,K39,"=SUMIFS(J$4:OFFSET(J39,0,0),A$4:OFFSET(A39,0,0),""=""&A39)-SUMIFS(I$4:OFFSET(I39,0,0),A$4:OFFSET(A39,0,0),""=""&A39)","J39,A39,I39",
Transactions,L39,"=SUMIFS(J$4:OFFSET(J39,0,0),A$4:OFFSET(A39,0,0),""=""&A39,H$4:OFFSET(H39,0,0),""<>"")-SUMIFS(I$4:OFFSET(I39,0,0),A$4:OFFSET(A39,0,0),""=""&A39,H$4:OFFSET(H39,0,0),""<>"")","J39,A39,H39,I39",
Transactions,M39,"=SUM(OFFSET(M39,-1,0),J39,-I39)","M39,J39,I39",Transactions!M39
Transactions,A40,,,"Transactions!K40,Transactions!L40"
Transactions,B40,,,
Transactions,C40,,,
Transactions,D40,,,
Transactions,E40,,,
Transactions,F40,,,
Transactions,G40,,,
Transactions,H40,,,Transactions!L40
Transactions,I40,,,"Transactions!K40,Transactions!L40,Transactions!M40"
Transactions,J40,,,"Transactions!K40,Transactions!L40,Transactions!M40"
Transactions,K40,"=SUMIFS(J$4:OFFSET(J40,0,0),A$4:OFFSET(A40,0,0),""=""&A40)-SUMIFS(I$4:OFFSET(I40,0,0),A$4:OFFSET(A40,0,0),""=""&A40)","J40,A40,I40",
Transactions,L40,"=SUMIFS(J$4:OFFSET(J40,0,0),A$4:OFFSET(A40,0,0),""=""&A40,H$4:OFFSET(H40,0,0),""<>"")-SUMIFS(I$4:OFFSET(I40,0,0),A$4:OFFSET(A40,0,0),""=""&A40,H$4:OFFSET(H40,0,0),""<>"")","J40,A40,H40,I40",
Transactions,M40,"=SUM(OFFSET(M40,-1,0),J40,-I40)","M40,J40,I40",Transactions!M40
Transactions,A41,,,"Transactions!K41,Transactions!L41"
Transactions,B41,,,
Transactions,C41,,,
Transactions,D41,,,
Transactions,E41,,,
Transactions,F41,,,
Transactions,G41,,,
Transactions,H41,,,Transactions!L41
Transactions,I41,,,"Transactions!K41,Transactions!L41,Transactions!M41"
Transactions,J41,,,"Transactions!K41,Transactions!L41,Transactions!M41"
Transactions,K41,"=SUMIFS(J$4:OFFSET(J41,0,0),A$4:OFFSET(A41,0,0),""=""&A41)-SUMIFS(I$4:OFFSET(I41,0,0),A$4:OFFSET(A41,0,0),""=""&A41)","J41,A41,I41",
Transactions,L41,"=SUMIFS(J$4:OFFSET(J41,0,0),A$4:OFFSET(A41,0,0),""=""&A41,H$4:OFFSET(H41,0,0),""<>"")-SUMIFS(I$4:OFFSET(I41,0,0),A$4:OFFSET(A41,0,0),""=""&A41,H$4:OFFSET(H41,0,0),""<>"")","J41,A41,H41,I41",
Transactions,M41,"=SUM(OFFSET(M41,-1,0),J41,-I41)","M41,J41,I41",Transactions!M41
Transactions,A42,,,"Transactions!K42,Transactions!L42"
Transactions,B42,,,
Transactions,C42,,,
Transactions,D42,,,
Transactions,E42,,,
Transactions,F42,,,
Transactions,G42,,,
Transactions,H42,,,Transactions!L42
Transactions,I42,,,"Transactions!K42,Transactions!L42,Transactions!M42"
Transactions,J42,,,"Transactions!K42,Transactions!L42,Transactions!M42"
Transactions,K42,"=SUMIFS(J$4:OFFSET(J42,0,0),A$4:OFFSET(A42,0,0),""=""&A42)-SUMIFS(I$4:OFFSET(I42,0,0),A$4:OFFSET(A42,0,0),""=""&A42)","J42,A42,I42",
Transactions,L42,"=SUMIFS(J$4:OFFSET(J42,0,0),A$4:OFFSET(A42,0,0),""=""&A42,H$4:OFFSET(H42,0,0),""<>"")-SUMIFS(I$4:OFFSET(I42,0,0),A$4:OFFSET(A42,0,0),""=""&A42,H$4:OFFSET(H42,0,0),""<>"")","J42,A42,H42,I42",
Transactions,M42,"=SUM(OFFSET(M42,-1,0),J42,-I42)","M42,J42,I42",Transactions!M42
Transactions,A43,,,"Transactions!K43,Transactions!L43"
Transactions,B43,,,
Transactions,C43,,,
Transactions,D43,,,
Transactions,E43,,,
Transactions,F43,,,
Transactions,G43,,,
Transactions,H43,,,Transactions!L43
Transactions,I43,,,"Transactions!K43,Transactions!L43,Transactions!M43"
Transactions,J43,,,"Transactions!K43,Transactions!L43,Transactions!M43"
Transactions,K43,"=SUMIFS(J$4:OFFSET(J43,0,0),A$4:OFFSET(A43,0,0),""=""&A43)-SUMIFS(I$4:OFFSET(I43,0,0),A$4:OFFSET(A43,0,0),""=""&A43)","J43,A43,I43",
Transactions,L43,"=SUMIFS(J$4:OFFSET(J43,0,0),A$4:OFFSET(A43,0,0),""=""&A43,H$4:OFFSET(H43,0,0),""<>"")-SUMIFS(I$4:OFFSET(I43,0,0),A$4:OFFSET(A43,0,0),""=""&A43,H$4:OFFSET(H43,0,0),""<>"")","J43,A43,H43,I43",
Transactions,M43,"=SUM(OFFSET(M43,-1,0),J43,-I43)","M43,J43,I43",Transactions!M43
Transactions,A44,,,"Transactions!K44,Transactions!L44"
Transactions,B44,,,
Transactions,C44,,,
Transactions,D44,,,
Transactions,E44,,,
Transactions,F44,,,
Transactions,G44,,,
Transactions,H44,,,Transactions!L44
Transactions,I44,,,"Transactions!K44,Transactions!L44,Transactions!M44"
Transactions,J44,,,"Transactions!K44,Transactions!L44,Transactions!M44"
Transactions,K44,"=SUMIFS(J$4:OFFSET(J44,0,0),A$4:OFFSET(A44,0,0),""=""&A44)-SUMIFS(I$4:OFFSET(I44,0,0),A$4:OFFSET(A44,0,0),""=""&A44)","J44,A44,I44",
Transactions,L44,"=SUMIFS(J$4:OFFSET(J44,0,0),A$4:OFFSET(A44,0,0),""=""&A44,H$4:OFFSET(H44,0,0),""<>"")-SUMIFS(I$4:OFFSET(I44,0,0),A$4:OFFSET(A44,0,0),""=""&A44,H$4:OFFSET(H44,0,0),""<>"")","J44,A44,H44,I44",
Transactions,M44,"=SUM(OFFSET(M44,-1,0),J44,-I44)","M44,J44,I44",Transactions!M44
Transactions,A45,,,"Transactions!K45,Transactions!L45"
Transactions,B45,,,
Transactions,C45,,,
Transactions,D45,,,
Transactions,E45,,,
Transactions,F45,,,
Transactions,G45,,,
Transactions,H45,,,Transactions!L45
Transactions,I45,,,"Transactions!K45,Transactions!L45,Transactions!M45"
Transactions,J45,,,"Transactions!K45,Transactions!L45,Transactions!M45"
Transactions,K45,"=SUMIFS(J$4:OFFSET(J45,0,0),A$4:OFFSET(A45,0,0),""=""&A45)-SUMIFS(I$4:OFFSET(I45,0,0),A$4:OFFSET(A45,0,0),""=""&A45)","J45,A45,I45",
Transactions,L45,"=SUMIFS(J$4:OFFSET(J45,0,0),A$4:OFFSET(A45,0,0),""=""&A45,H$4:OFFSET(H45,0,0),""<>"")-SUMIFS(I$4:OFFSET(I45,0,0),A$4:OFFSET(A45,0,0),""=""&A45,H$4:OFFSET(H45,0,0),""<>"")","J45,A45,H45,I45",
Transactions,M45,"=SUM(OFFSET(M45,-1,0),J45,-I45)","M45,J45,I45",Transactions!M45
Transactions,A46,,,"Transactions!K46,Transactions!L46"
Transactions,B46,,,
Transactions,C46,,,
Transactions,D46,,,
Transactions,E46,,,
Transactions,F46,,,
Transactions,G46,,,
Transactions,H46,,,Transactions!L46
Transactions,I46,,,"Transactions!K46,Transactions!L46,Transactions!M46"
Transactions,J46,,,"Transactions!K46,Transactions!L46,Transactions!M46"
Transactions,K46,"=SUMIFS(J$4:OFFSET(J46,0,0),A$4:OFFSET(A46,0,0),""=""&A46)-SUMIFS(I$4:OFFSET(I46,0,0),A$4:OFFSET(A46,0,0),""=""&A46)","J46,A46,I46",
Transactions,L46,"=SUMIFS(J$4:OFFSET(J46,0,0),A$4:OFFSET(A46,0,0),""=""&A46,H$4:OFFSET(H46,0,0),""<>"")-SUMIFS(I$4:OFFSET(I46,0,0),A$4:OFFSET(A46,0,0),""=""&A46,H$4:OFFSET(H46,0,0),""<>"")","J46,A46,H46,I46",
Transactions,M46,"=SUM(OFFSET(M46,-1,0),J46,-I46)","M46,J46,I46",Transactions!M46
Transactions,A47,Insert more rows above this one and then copy formulas down.,,
Transactions,B47,,,
Transactions,C47,,,
Transactions,D47,,,
Transactions,E47,,,
Transactions,F47,,,
Transactions,G47,,,
Transactions,H47,,,
Transactions,I47,,,
Transactions,J47,,,
Transactions,K47,,,
Transactions,L47,,,
Transactions,M47,,,
Report,A1,"=IF(ytd,"" YEAR-TO-DATE BUDGET REPORT"","" MONTHLY BUDGET REPORT"")",,
Report,B1,,,
Report,C1,,,
Report,D1,,,
Report,E1,,,
Report,F1,,,
Report,G1,,,
Report,I1,,,
Report,K1,,,
Report,A2,HELP,,
Report,B2,,,
Report,C2,,,
Report,D2,,,
Report,E2,,,
Report,F2,© 2010-2019 Vertex42 LLC,,
Report,G2,,,
Report,I2, See the Help worksheet for more instructions.,,
Report,A3,,,
Report,F3,,,
Report,G3,,,
Report,I3,,,
Report,A4,Year Begins:,,
Report,B4,2019-01-01 00:00:00,,"Budget!C10,Report!F4"
Report,C4,,,
Report,E4,Begin:,,
Report,F4,"=IF(ytd,B4,DATE(YEAR(B4),MONTH(B4)+month-1,DAY(B4)))",B4,
Report,G4,,,
Report,H4,"=B6=""Yes""",B6,
Report,I4,Instructions,,
Report,K4,,,
Report,A5,Month:,,
Report,B5,1,,
Report,C5,,,
Report,E5,End:,,
Report,F5,"=IF(ytd,EDATE(date_begin,month),EDATE(date_begin,1))-1",,
Report,G5,,,
Report,H5,,,
Report,I5,This worksheet creates a report using the data from,,
Report,K5,,,
Report,A6,Year-To-Date:,,
Report,B6,No,,Report!H4
Report,G6,,,
Report,I6,the Budget and Transactions worksheet.,,
Report,K6,,,
Report,I7,,,
Report,K7,,,
Report,A8,BUDGET SUMMARY,,
Report,B8,,,
Report,C8,,,
Report,D8,,,
Report,E8,,,
Report,F8,,,
Report,G8,,,
Report,H8,,,
Report,I8,,,
Report,J8,,,
Report,A9,,,
Report,B9,Budget,,
Report,C9,,,
Report,D9,Actual,,
Report,E9,,,
Report,F9,Difference,,
Report,G9,,,
Report,I9,"1. In the Year Begins field, enter the date of the first day ",,
Report,K9,,,
Report,A10,Total Income,,
Report,B10,=B54,B54,"Report!F10,Report!B12"
Report,C10,,,
Report,D10,=D54,D54,"Report!F10,Report!D12"
Report,E10,,,
Report,F10,=D10-B10,"D10,B10",
Report,G10,,,
Report,I10,of the month corresponding to the first month in the ,,
Report,K10,,,
Report,A11,Total Expenses,,
Report,B11,=B157,B157,"Report!F11,Report!B12"
Report,C11,,,
Report,D11,=D157,D157,"Report!F11,Report!D12"
Report,E11,,,
Report,F11,=B11-D11,"B11,D11",
Report,G11,,,
Report,I11,"Budget worksheet. If your financial year starts in July, ",,
Report,K11,,,
Report,A12,NET,,
Report,B12,=B10-B11,"B10,B11",Report!F12
Report,C12,,,
Report,D12,=D10-D11,"D10,D11",Report!F12
Report,E12,,,
Report,F12,=D12-B12,"D12,B12",
Report,G12,,,
Report,I12,you would enter 7/1/2018.,,
Report,K12,,,
Report,I13,,,
Report,K13,,,
Report,I14,2. Use the Month field to display the budget report for a ,,
Report,K14,,,
Report,I15,"specific month. If your financial year starts in July, month 2",,
Report,K15,,,
Report,I16,would be August.,,
Report,K16,,,
Report,I17,,,
Report,I18,"3. Select ""Yes"" from the Year-To-Date drop-down box ",,
Report,I19,to see the Year-To-Date Budget Report.,,
Report,A23,INCOME,,Report!A54
Report,B23,Budget,,Report!B54
Report,C23,,,
Report,D23,Actual,,Report!D54
Report,E23,,,
Report,F23,Difference,,
Report,G23,,,
Report,I23,,,
Report,K23,,,
Report,A24,<openpyxl.worksheet.formula.ArrayFormula object at 0xffff8d0abb60>,,"Report!B24,Report!B24,Report!D24"
Report,B24,"=IF(A24="" - "",0,SUM(OFFSET(INDIRECT(""Budget!A""&MATCH(Report!A24,Budget!$A:$A,0)),0,IF(ytd,1,$B$5)+1,1,IF(ytd,$B$5,1))))","A24,Report!A24","Report!C24,Report!F24"
Report,C24,"=IF($B$54=0,"" - "",B24/$B$54)",B24,
Report,D24,"=IF(A24="" - "",0,SUMIFS(Transactions!$J:$J,Transactions!$G:$G,A24,Transactions!$B:$B,"">=""&date_begin,Transactions!$B:$B,""<=""&date_end)-SUMIFS(Transactions!$I:$I,Transactions!$G:$G,A24,Transactions!$B:$B,"">=""&date_begin,Transactions!$B:$B,""<=""&date_end))",A24,"Report!E24,Report!F24"
Report,E24,"=IF($D$54=0,"" - "",D24/$D$54)",D24,
Report,F24,=D24-B24,"D24,B24",
Report,G24,,,
Report,I24,,,
Report,A25,Financial Aid,,"Report!B25,Report!B25,Report!D25"
Report,B25,"=IF(A25="" - "",0,SUM(OFFSET(INDIRECT(""Budget!A""&MATCH(Report!A25,Budget!$A:$A,0)),0,IF(ytd,1,$B$5)+1,1,IF(ytd,$B$5,1))))","A25,Report!A25","Report!C25,Report!F25"
Report,C25,"=IF($B$54=0,"" - "",B25/$B$54)",B25,
Report,D25,"=IF(A25="" - "",0,SUMIFS(Transactions!$J:$J,Transactions!$G:$G,A25,Transactions!$B:$B,"">=""&date_begin,Transactions!$B:$B,""<=""&date_end)-SUMIFS(Transactions!$I:$I,Transactions!$G:$G,A25,Transactions!$B:$B,"">=""&date_begin,Transactions!$B:$B,""<=""&date_end))",A25,"Report!E25,Report!F25"
Report,E25,"=IF($D$54=0,"" - "",D25/$D$54)",D25,
Report,F25,=D25-B25,"D25,B25",
Report,G25,,,
Report,A26,Gifts Received,,"Report!B26,Report!B26,Report!D26"
Report,B26,"=IF(A26="" - "",0,SUM(OFFSET(INDIRECT(""Budget!A""&MATCH(Report!A26,Budget!$A:$A,0)),0,IF(ytd,1,$B$5)+1,1,IF(ytd,$B$5,1))))","A26,Report!A26","Report!C26,Report!F26"
Report,C26,"=IF($B$54=0,"" - "",B26/$B$54)",B26,
Report,D26,"=IF(A26="" - "",0,SUMIFS(Transactions!$J:$J,Transactions!$G:$G,A26,Transactions!$B:$B,"">=""&date_begin,Transactions!$B:$B,""<=""&date_end)-SUMIFS(Transactions!$I:$I,Transactions!$G:$G,A26,Transactions!$B:$B,"">=""&date_begin,Transactions!$B:$B,""<=""&date_end))",A26,"Report!E26,Report!F26"
Report,E26,"=IF($D$54=0,"" - "",D26/$D$54)",D26,
Report,F26,=D26-B26,"D26,B26",
Report,G26,,,
Report,I26,,,
Report,A27,Interest Income,,"Report!B27,Report!B27,Report!D27"
Report,B27,"=IF(A27="" - "",0,SUM(OFFSET(INDIRECT(""Budget!A""&MATCH(Report!A27,Budget!$A:$A,0)),0,IF(ytd,1,$B$5)+1,1,IF(ytd,$B$5,1))))","A27,Report!A27","Report!C27,Report!F27"
Report,C27,"=IF($B$54=0,"" - "",B27/$B$54)",B27,
Report,D27,"=IF(A27="" - "",0,SUMIFS(Transactions!$J:$J,Transactions!$G:$G,A27,Transactions!$B:$B,"">=""&date_begin,Transactions!$B:$B,""<=""&date_end)-SUMIFS(Transactions!$I:$I,Transactions!$G:$G,A27,Transactions!$B:$B,"">=""&date_begin,Transactions!$B:$B,""<=""&date_end))",A27,"Report!E27,Report!F27"
Report,E27,"=IF($D$54=0,"" - "",D27/$D$54)",D27,
Report,F27,=D27-B27,"D27,B27",
Report,G27,,,
Report,A28,Other Income,,"Report!B28,Report!B28,Report!D28"
Report,B28,"=IF(A28="" - "",0,SUM(OFFSET(INDIRECT(""Budget!A""&MATCH(Report!A28,Budget!$A:$A,0)),0,IF(ytd,1,$B$5)+1,1,IF(ytd,$B$5,1))))","A28,Report!A28","Report!C28,Report!F28"
Report,C28,"=IF($B$54=0,"" - "",B28/$B$54)",B28,
Report,D28,"=IF(A28="" - "",0,SUMIFS(Transactions!$J:$J,Transactions!$G:$G,A28,Transactions!$B:$B,"">=""&date_begin,Transactions!$B:$B,""<=""&date_end)-SUMIFS(Transactions!$I:$I,Transactions!$G:$G,A28,Transactions!$B:$B,"">=""&date_begin,Transactions!$B:$B,""<=""&date_end))",A28,"Report!E28,Report!F28"
Report,E28,"=IF($D$54=0,"" - "",D28/$D$54)",D28,
Report,F28,=D28-B28,"D28,B28",
Report,G28,,,
Report,A29,Refunds/Reimbursements,,"Report!B29,Report!B29,Report!D29"
Report,B29,"=IF(A29="" - "",0,SUM(OFFSET(INDIRECT(""Budget!A""&MATCH(Report!A29,Budget!$A:$A,0)),0,IF(ytd,1,$B$5)+1,1,IF(ytd,$B$5,1))))","A29,Report!A29","Report!C29,Report!F29"
Report,C29,"=IF($B$54=0,"" - "",B29/$B$54)",B29,
Report,D29,"=IF(A29="" - "",0,SUMIFS(Transactions!$J:$J,Transactions!$G:$G,A29,Transactions!$B:$B,"">=""&date_begin,Transactions!$B:$B,""<=""&date_end)-SUMIFS(Transactions!$I:$I,Transactions!$G:$G,A29,Transactions!$B:$B,"">=""&date_begin,Transactions!$B:$B,""<=""&date_end))",A29,"Report!E29,Report!F29"
Report,E29,"=IF($D$54=0,"" - "",D29/$D$54)",D29,
Report,F29,=D29-B29,"D29,B29",
Report,G29,,,
Report,A30,Rental Income,,"Report!B30,Report!B30,Report!D30"
Report,B30,"=IF(A30="" - "",0,SUM(OFFSET(INDIRECT(""Budget!A""&MATCH(Report!A30,Budget!$A:$A,0)),0,IF(ytd,1,$B$5)+1,1,IF(ytd,$B$5,1))))","A30,Report!A30","Report!C30,Report!F30"
Report,C30,"=IF($B$54=0,"" - "",B30/$B$54)",B30,
Report,D30,"=IF(A30="" - "",0,SUMIFS(Transactions!$J:$J,Transactions!$G:$G,A30,Transactions!$B:$B,"">=""&date_begin,Transactions!$B:$B,""<=""&date_end)-SUMIFS(Transactions!$I:$I,Transactions!$G:$G,A30,Transactions!$B:$B,"">=""&date_begin,Transactions!$B:$B,""<=""&date_end))",A30,"Report!E30,Report!F30"
Report,E30,"=IF($D$54=0,"" - "",D30/$D$54)",D30,
Report,F30,=D30-B30,"D30,B30",
Report,G30,,,
Report,A31,Wages & Tips,,"Report!B31,Report!B31,Report!D31"
Report,B31,"=IF(A31="" - "",0,SUM(OFFSET(INDIRECT(""Budget!A""&MATCH(Report!A31,Budget!$A:$A,0)),0,IF(ytd,1,$B$5)+1,1,IF(ytd,$B$5,1))))","A31,Report!A31","Report!C31,Report!F31"
Report,C31,"=IF($B$54=0,"" - "",B31/$B$54)",B31,
Report,D31,"=IF(A31="" - "",0,SUMIFS(Transactions!$J:$J,Transactions!$G:$G,A31,Transactions!$B:$B,"">=""&date_begin,Transactions!$B:$B,""<=""&date_end)-SUMIFS(Transactions!$I:$I,Transactions!$G:$G,A31,Transactions!$B:$B,"">=""&date_begin,Transactions!$B:$B,""<=""&date_end))",A31,"Report!E31,Report!F31"
Report,E31,"=IF($D$54=0,"" - "",D31/$D$54)",D31,
Report,F31,=D31-B31,"D31,B31",
Report,G31,,,
Report,A32, - ,,"Report!B32,Report!B32,Report!D32"
Report,B32,"=IF(A32="" - "",0,SUM(OFFSET(INDIRECT(""Budget!A""&MATCH(Report!A32,Budget!$A:$A,0)),0,IF(ytd,1,$B$5)+1,1,IF(ytd,$B$5,1))))","A32,Report!A32","Report!C32,Report!F32"
Report,C32,"=IF($B$54=0,"" - "",B32/$B$54)",B32,
Report,D32,"=IF(A32="" - "",0,SUMIFS(Transactions!$J:$J,Transactions!$G:$G,A32,Transactions!$B:$B,"">=""&date_begin,Transactions!$B:$B,""<=""&date_end)-SUMIFS(Transactions!$I:$I,Transactions!$G:$G,A32,Transactions!$B:$B,"">=""&date_begin,Transactions!$B:$B,""<=""&date_end))",A32,"Report!E32,Report!F32"
Report,E32,"=IF($D$54=0,"" - "",D32/$D$54)",D32,
Report,F32,=D32-B32,"D32,B32",
Report,G32,,,
Report,A33, - ,,"Report!B33,Report!B33,Report!D33"
Report,B33,"=IF(A33="" - "",0,SUM(OFFSET(INDIRECT(""Budget!A""&MATCH(Report!A33,Budget!$A:$A,0)),0,IF(ytd,1,$B$5)+1,1,IF(ytd,$B$5,1))))","A33,Report!A33","Report!C33,Report!F33"
Report,C33,"=IF($B$54=0,"" - "",B33/$B$54)",B33,
Report,D33,"=IF(A33="" - "",0,SUMIFS(Transactions!$J:$J,Transactions!$G:$G,A33,Transactions!$B:$B,"">=""&date_begin,Transactions!$B:$B,""<=""&date_end)-SUMIFS(Transactions!$I:$I,Transactions!$G:$G,A33,Transactions!$B:$B,"">=""&date_begin,Transactions!$B:$B,""<=""&date_end))",A33,"Report!E33,Report!F33"
Report,E33,"=IF($D$54=0,"" - "",D33/$D$54)",D33,
Report,F33,=D33-B33,"D33,B33",
Report,G33,,,
Report,A34, - ,,"Report!B34,Report!B34,Report!D34"
Report,B34,"=IF(A34="" - "",0,SUM(OFFSET(INDIRECT(""Budget!A""&MATCH(Report!A34,Budget!$A:$A,0)),0,IF(ytd,1,$B$5)+1,1,IF(ytd,$B$5,1))))","A34,Report!A34","Report!C34,Report!F34"
Report,C34,"=IF($B$54=0,"" - "",B34/$B$54)",B34,
Report,D34,"=IF(A34="" - "",0,SUMIFS(Transactions!$J:$J,Transactions!$G:$G,A34,Transactions!$B:$B,"">=""&date_begin,Transactions!$B:$B,""<=""&date_end)-SUMIFS(Transactions!$I:$I,Transactions!$G:$G,A34,Transactions!$B:$B,"">=""&date_begin,Transactions!$B:$B,""<=""&date_end))",A34,"Report!E34,Report!F34"
Report,E34,"=IF($D$54=0,"" - "",D34/$D$54)",D34,
Report,F34,=D34-B34,"D34,B34",
Report,G34,,,
Report,A35, - ,,"Report!B35,Report!B35,Report!D35"
Report,B35,"=IF(A35="" - "",0,SUM(OFFSET(INDIRECT(""Budget!A""&MATCH(Report!A35,Budget!$A:$A,0)),0,IF(ytd,1,$B$5)+1,1,IF(ytd,$B$5,1))))","A35,Report!A35","Report!C35,Report!F35"
Report,C35,"=IF($B$54=0,"" - "",B35/$B$54)",B35,
Report,D35,"=IF(A35="" - "",0,SUMIFS(Transactions!$J:$J,Transactions!$G:$G,A35,Transactions!$B:$B,"">=""&date_begin,Transactions!$B:$B,""<=""&date_end)-SUMIFS(Transactions!$I:$I,Transactions!$G:$G,A35,Transactions!$B:$B,"">=""&date_begin,Transactions!$B:$B,""<=""&date_end))",A35,"Report!E35,Report!F35"
Report,E35,"=IF($D$54=0,"" - "",D35/$D$54)",D35,
Report,F35,=D35-B35,"D35,B35",
Report,G35,,,
Report,A36, - ,,"Report!B36,Report!B36,Report!D36"
Report,B36,"=IF(A36="" - "",0,SUM(OFFSET(INDIRECT(""Budget!A""&MATCH(Report!A36,Budget!$A:$A,0)),0,IF(ytd,1,$B$5)+1,1,IF(ytd,$B$5,1))))","A36,Report!A36","Report!C36,Report!F36"
Report,C36,"=IF($B$54=0,"" - "",B36/$B$54)",B36,
Report,D36,"=IF(A36="" - "",0,SUMIFS(Transactions!$J:$J,Transactions!$G:$G,A36,Transactions!$B:$B,"">=""&date_begin,Transactions!$B:$B,""<=""&date_end)-SUMIFS(Transactions!$I:$I,Transactions!$G:$G,A36,Transactions!$B:$B,"">=""&date_begin,Transactions!$B:$B,""<=""&date_end))",A36,"Report!E36,Report!F36"
Report,E36,"=IF($D$54=0,"" - "",D36/$D$54)",D36,
Report,F36,=D36-B36,"D36,B36",
Report,G36,,,
Report,A37, - ,,"Report!B37,Report!B37,Report!D37"
Report,B37,"=IF(A37="" - "",0,SUM(OFFSET(INDIRECT(""Budget!A""&MATCH(Report!A37,Budget!$A:$A,0)),0,IF(ytd,1,$B$5)+1,1,IF(ytd,$B$5,1))))","A37,Report!A37","Report!C37,Report!F37"
Report,C37,"=IF($B$54=0,"" - "",B37/$B$54)",B37,
Report,D37,"=IF(A37="" - "",0,SUMIFS(Transactions!$J:$J,Transactions!$G:$G,A37,Transactions!$B:$B,"">=""&date_begin,Transactions!$B:$B,""<=""&date_end)-SUMIFS(Transactions!$I:$I,Transactions!$G:$G,A37,Transactions!$B:$B,"">=""&date_begin,Transactions!$B:$B,""<=""&date_end))",A37,"Report!E37,Report!F37"
Report,E37,"=IF($D$54=0,"" - "",D37/$D$54)",D37,
Report,F37,=D37-B37,"D37,B37",
Report,G37,,,
Report,A38, - ,,"Report!B38,Report!B38,Report!D38"
Report,B38,"=IF(A38="" - "",0,SUM(OFFSET(INDIRECT(""Budget!A""&MATCH(Report!A38,Budget!$A:$A,0)),0,IF(ytd,1,$B$5)+1,1,IF(ytd,$B$5,1))))","A38,Report!A38","Report!C38,Report!F38"
Report,C38,"=IF($B$54=0,"" - "",B38/$B$54)",B38,
Report,D38,"=IF(A38="" - "",0,SUMIFS(Transactions!$J:$J,Transactions!$G:$G,A38,Transactions!$B:$B,"">=""&date_begin,Transactions!$B:$B,""<=""&date_end)-SUMIFS(Transactions!$I:$I,Transactions!$G:$G,A38,Transactions!$B:$B,"">=""&date_begin,Transactions!$B:$B,""<=""&date_end))",A38,"Report!E38,Report!F38"
Report,E38,"=IF($D$54=0,"" - "",D38/$D$54)",D38,
Report,F38,=D38-B38,"D38,B38",
Report,G38,,,
Report,A39, - ,,"Report!B39,Report!B39,Report!D39"
Report,B39,"=IF(A39="" - "",0,SUM(OFFSET(INDIRECT(""Budget!A""&MATCH(Report!A39,Budget!$A:$A,0)),0,IF(ytd,1,$B$5)+1,1,IF(ytd,$B$5,1))))","A39,Report!A39","Report!C39,Report!F39"
Report,C39,"=IF($B$54=0,"" - "",B39/$B$54)",B39,
Report,D39,"=IF(A39="" - "",0,SUMIFS(Transactions!$J:$J,Transactions!$G:$G,A39,Transactions!$B:$B,"">=""&date_begin,Transactions!$B:$B,""<=""&date_end)-SUMIFS(Transactions!$I:$I,Transactions!$G:$G,A39,Transactions!$B:$B,"">=""&date_begin,Transactions!$B:$B,""<=""&date_end))",A39,"Report!E39,Report!F39"
Report,E39,"=IF($D$54=0,"" - "",D39/$D$54)",D39,
Report,F39,=D39-B39,"D39,B39",
Report,G39,,,
Report,A40, - ,,"Report!B40,Report!B40,Report!D40"
Report,B40,"=IF(A40="" - "",0,SUM(OFFSET(INDIRECT(""Budget!A""&MATCH(Report!A40,Budget!$A:$A,0)),0,IF(ytd,1,$B$5)+1,1,IF(ytd,$B$5,1))))","A40,Report!A40","Report!C40,Report!F40"
Report,C40,"=IF($B$54=0,"" - "",B40/$B$54)",B40,
Report,D40,"=IF(A40="" - "",0,SUMIFS(Transactions!$J:$J,Transactions!$G:$G,A40,Transactions!$B:$B,"">=""&date_begin,Transactions!$B:$B,""<=""&date_end)-SUMIFS(Transactions!$I:$I,Transactions!$G:$G,A40,Transactions!$B:$B,"">=""&date_begin,Transactions!$B:$B,""<=""&date_end))",A40,"Report!E40,Report!F40"
Report,E40,"=IF($D$54=0,"" - "",D40/$D$54)",D40,
Report,F40,=D40-B40,"D40,B40",
Report,G40,,,
Report,A41, - ,,"Report!B41,Report!B41,Report!D41"
Report,B41,"=IF(A41="" - "",0,SUM(OFFSET(INDIRECT(""Budget!A""&MATCH(Report!A41,Budget!$A:$A,0)),0,IF(ytd,1,$B$5)+1,1,IF(ytd,$B$5,1))))","A41,Report!A41","Report!C41,Report!F41"
Report,C41,"=IF($B$54=0,"" - "",B41/$B$54)",B41,
Report,D41,"=IF(A41="" - "",0,SUMIFS(Transactions!$J:$J,Transactions!$G:$G,A41,Transactions!$B:$B,"">=""&date_begin,Transactions!$B:$B,""<=""&date_end)-SUMIFS(Transactions!$I:$I,Transactions!$G:$G,A41,Transactions!$B:$B,"">=""&date_begin,Transactions!$B:$B,""<=""&date_end))",A41,"Report!E41,Report!F41"
Report,E41,"=IF($D$54=0,"" - "",D41/$D$54)",D41,
Report,F41,=D41-B41,"D41,B41",
Report,G41,,,
Report,A42, - ,,"Report!B42,Report!B42,Report!D42"
Report,B42,"=IF(A42="" - "",0,SUM(OFFSET(INDIRECT(""Budget!A""&MATCH(Report!A42,Budget!$A:$A,0)),0,IF(ytd,1,$B$5)+1,1,IF(ytd,$B$5,1))))","A42,Report!A42","Report!C42,Report!F42"
Report,C42,"=IF($B$54=0,"" - "",B42/$B$54)",B42,
Report,D42,"=IF(A42="" - "",0,SUMIFS(Transactions!$J:$J,Transactions!$G:$G,A42,Transactions!$B:$B,"">=""&date_begin,Transactions!$B:$B,""<=""&date_end)-SUMIFS(Transactions!$I:$I,Transactions!$G:$G,A42,Transactions!$B:$B,"">=""&date_begin,Transactions!$B:$B,""<=""&date_end))",A42,"Report!E42,Report!F42"
Report,E42,"=IF($D$54=0,"" - "",D42/$D$54)",D42,
Report,F42,=D42-B42,"D42,B42",
Report,G42,,,
Report,A43, - ,,"Report!B43,Report!B43,Report!D43"
Report,B43,"=IF(A43="" - "",0,SUM(OFFSET(INDIRECT(""Budget!A""&MATCH(Report!A43,Budget!$A:$A,0)),0,IF(ytd,1,$B$5)+1,1,IF(ytd,$B$5,1))))","A43,Report!A43","Report!C43,Report!F43"
Report,C43,"=IF($B$54=0,"" - "",B43/$B$54)",B43,
Report,D43,"=IF(A43="" - "",0,SUMIFS(Transactions!$J:$J,Transactions!$G:$G,A43,Transactions!$B:$B,"">=""&date_begin,Transactions!$B:$B,""<=""&date_end)-SUMIFS(Transactions!$I:$I,Transactions!$G:$G,A43,Transactions!$B:$B,"">=""&date_begin,Transactions!$B:$B,""<=""&date_end))",A43,"Report!E43,Report!F43"
Report,E43,"=IF($D$54=0,"" - "",D43/$D$54)",D43,
Report,F43,=D43-B43,"D43,B43",
Report,G43,,,
Report,A44, - ,,"Report!B44,Report!B44,Report!D44"
Report,B44,"=IF(A44="" - "",0,SUM(OFFSET(INDIRECT(""Budget!A""&MATCH(Report!A44,Budget!$A:$A,0)),0,IF(ytd,1,$B$5)+1,1,IF(ytd,$B$5,1))))","A44,Report!A44","Report!C44,Report!F44"
Report,C44,"=IF($B$54=0,"" - "",B44/$B$54)",B44,
Report,D44,"=IF(A44="" - "",0,SUMIFS(Transactions!$J:$J,Transactions!$G:$G,A44,Transactions!$B:$B,"">=""&date_begin,Transactions!$B:$B,""<=""&date_end)-SUMIFS(Transactions!$I:$I,Transactions!$G:$G,A44,Transactions!$B:$B,"">=""&date_begin,Transactions!$B:$B,""<=""&date_end))",A44,"Report!E44,Report!F44"
Report,E44,"=IF($D$54=0,"" - "",D44/$D$54)",D44,
Report,F44,=D44-B44,"D44,B44",
Report,G44,,,
Report,A45, - ,,"Report!B45,Report!B45,Report!D45"
Report,B45,"=IF(A45="" - "",0,SUM(OFFSET(INDIRECT(""Budget!A""&MATCH(Report!A45,Budget!$A:$A,0)),0,IF(ytd,1,$B$5)+1,1,IF(ytd,$B$5,1))))","A45,Report!A45","Report!C45,Report!F45"
Report,C45,"=IF($B$54=0,"" - "",B45/$B$54)",B45,
Report,D45,"=IF(A45="" - "",0,SUMIFS(Transactions!$J:$J,Transactions!$G:$G,A45,Transactions!$B:$B,"">=""&date_begin,Transactions!$B:$B,""<=""&date_end)-SUMIFS(Transactions!$I:$I,Transactions!$G:$G,A45,Transactions!$B:$B,"">=""&date_begin,Transactions!$B:$B,""<=""&date_end))",A45,"Report!E45,Report!F45"
Report,E45,"=IF($D$54=0,"" - "",D45/$D$54)",D45,
Report,F45,=D45-B45,"D45,B45",
Report,G45,,,
Report,A46, - ,,"Report!B46,Report!B46,Report!D46"
Report,B46,"=IF(A46="" - "",0,SUM(OFFSET(INDIRECT(""Budget!A""&MATCH(Report!A46,Budget!$A:$A,0)),0,IF(ytd,1,$B$5)+1,1,IF(ytd,$B$5,1))))","A46,Report!A46","Report!C46,Report!F46"
Report,C46,"=IF($B$54=0,"" - "",B46/$B$54)",B46,
Report,D46,"=IF(A46="" - "",0,SUMIFS(Transactions!$J:$J,Transactions!$G:$G,A46,Transactions!$B:$B,"">=""&date_begin,Transactions!$B:$B,""<=""&date_end)-SUMIFS(Transactions!$I:$I,Transactions!$G:$G,A46,Transactions!$B:$B,"">=""&date_begin,Transactions!$B:$B,""<=""&date_end))",A46,"Report!E46,Report!F46"
Report,E46,"=IF($D$54=0,"" - "",D46/$D$54)",D46,
Report,F46,=D46-B46,"D46,B46",
Report,G46,,,
Report,A47, - ,,"Report!B47,Report!B47,Report!D47"
Report,B47,"=IF(A47="" - "",0,SUM(OFFSET(INDIRECT(""Budget!A""&MATCH(Report!A47,Budget!$A:$A,0)),0,IF(ytd,1,$B$5)+1,1,IF(ytd,$B$5,1))))","A47,Report!A47","Report!C47,Report!F47"
Report,C47,"=IF($B$54=0,"" - "",B47/$B$54)",B47,
Report,D47,"=IF(A47="" - "",0,SUMIFS(Transactions!$J:$J,Transactions!$G:$G,A47,Transactions!$B:$B,"">=""&date_begin,Transactions!$B:$B,""<=""&date_end)-SUMIFS(Transactions!$I:$I,Transactions!$G:$G,A47,Transactions!$B:$B,"">=""&date_begin,Transactions!$B:$B,""<=""&date_end))",A47,"Report!E47,Report!F47"
Report,E47,"=IF($D$54=0,"" - "",D47/$D$54)",D47,
Report,F47,=D47-B47,"D47,B47",
Report,G47,,,
Report,A48, - ,,"Report!B48,Report!B48,Report!D48"
Report,B48,"=IF(A48="" - "",0,SUM(OFFSET(INDIRECT(""Budget!A""&MATCH(Report!A48,Budget!$A:$A,0)),0,IF(ytd,1,$B$5)+1,1,IF(ytd,$B$5,1))))","A48,Report!A48","Report!C48,Report!F48"
Report,C48,"=IF($B$54=0,"" - "",B48/$B$54)",B48,
Report,D48,"=IF(A48="" - "",0,SUMIFS(Transactions!$J:$J,Transactions!$G:$G,A48,Transactions!$B:$B,"">=""&date_begin,Transactions!$B:$B,""<=""&date_end)-SUMIFS(Transactions!$I:$I,Transactions!$G:$G,A48,Transactions!$B:$B,"">=""&date_begin,Transactions!$B:$B,""<=""&date_end))",A48,"Report!E48,Report!F48"
Report,E48,"=IF($D$54=0,"" - "",D48/$D$54)",D48,
Report,F48,=D48-B48,"D48,B48",
Report,G48,,,
Report,A49, - ,,"Report!B49,Report!B49,Report!D49"
Report,B49,"=IF(A49="" - "",0,SUM(OFFSET(INDIRECT(""Budget!A""&MATCH(Report!A49,Budget!$A:$A,0)),0,IF(ytd,1,$B$5)+1,1,IF(ytd,$B$5,1))))","A49,Report!A49","Report!C49,Report!F49"
Report,C49,"=IF($B$54=0,"" - "",B49/$B$54)",B49,
Report,D49,"=IF(A49="" - "",0,SUMIFS(Transactions!$J:$J,Transactions!$G:$G,A49,Transactions!$B:$B,"">=""&date_begin,Transactions!$B:$B,""<=""&date_end)-SUMIFS(Transactions!$I:$I,Transactions!$G:$G,A49,Transactions!$B:$B,"">=""&date_begin,Transactions!$B:$B,""<=""&date_end))",A49,"Report!E49,Report!F49"
Report,E49,"=IF($D$54=0,"" - "",D49/$D$54)",D49,
Report,F49,=D49-B49,"D49,B49",
Report,G49,,,
Report,A50, - ,,"Report!B50,Report!B50,Report!D50"
Report,B50,"=IF(A50="" - "",0,SUM(OFFSET(INDIRECT(""Budget!A""&MATCH(Report!A50,Budget!$A:$A,0)),0,IF(ytd,1,$B$5)+1,1,IF(ytd,$B$5,1))))","A50,Report!A50","Report!C50,Report!F50"
Report,C50,"=IF($B$54=0,"" - "",B50/$B$54)",B50,
Report,D50,"=IF(A50="" - "",0,SUMIFS(Transactions!$J:$J,Transactions!$G:$G,A50,Transactions!$B:$B,"">=""&date_begin,Transactions!$B:$B,""<=""&date_end)-SUMIFS(Transactions!$I:$I,Transactions!$G:$G,A50,Transactions!$B:$B,"">=""&date_begin,Transactions!$B:$B,""<=""&date_end))",A50,"Report!E50,Report!F50"
Report,E50,"=IF($D$54=0,"" - "",D50/$D$54)",D50,
Report,F50,=D50-B50,"D50,B50",
Report,G50,,,
Report,A51, - ,,"Report!B51,Report!B51,Report!D51"
Report,B51,"=IF(A51="" - "",0,SUM(OFFSET(INDIRECT(""Budget!A""&MATCH(Report!A51,Budget!$A:$A,0)),0,IF(ytd,1,$B$5)+1,1,IF(ytd,$B$5,1))))","A51,Report!A51","Report!C51,Report!F51"
Report,C51,"=IF($B$54=0,"" - "",B51/$B$54)",B51,
Report,D51,"=IF(A51="" - "",0,SUMIFS(Transactions!$J:$J,Transactions!$G:$G,A51,Transactions!$B:$B,"">=""&date_begin,Transactions!$B:$B,""<=""&date_end)-SUMIFS(Transactions!$I:$I,Transactions!$G:$G,A51,Transactions!$B:$B,"">=""&date_begin,Transactions!$B:$B,""<=""&date_end))",A51,"Report!E51,Report!F51"
Report,E51,"=IF($D$54=0,"" - "",D51/$D$54)",D51,
Report,F51,=D51-B51,"D51,B51",
Report,G51,,,
Report,A52, - ,,"Report!B52,Report!B52,Report!D52"
Report,B52,"=IF(A52="" - "",0,SUM(OFFSET(INDIRECT(""Budget!A""&MATCH(Report!A52,Budget!$A:$A,0)),0,IF(ytd,1,$B$5)+1,1,IF(ytd,$B$5,1))))","A52,Report!A52","Report!C52,Report!F52"
Report,C52,"=IF($B$54=0,"" - "",B52/$B$54)",B52,
Report,D52,"=IF(A52="" - "",0,SUMIFS(Transactions!$J:$J,Transactions!$G:$G,A52,Transactions!$B:$B,"">=""&date_begin,Transactions!$B:$B,""<=""&date_end)-SUMIFS(Transactions!$I:$I,Transactions!$G:$G,A52,Transactions!$B:$B,"">=""&date_begin,Transactions!$B:$B,""<=""&date_end))",A52,"Report!E52,Report!F52"
Report,E52,"=IF($D$54=0,"" - "",D52/$D$54)",D52,
Report,F52,=D52-B52,"D52,B52",
Report,G52,,,
Report,A53, - ,,"Report!B53,Report!B53,Report!D53"
Report,B53,"=IF(A53="" - "",0,SUM(OFFSET(INDIRECT(""Budget!A""&MATCH(Report!A53,Budget!$A:$A,0)),0,IF(ytd,1,$B$5)+1,1,IF(ytd,$B$5,1))))","A53,Report!A53","Report!C53,Report!F53,Report!B54"
Report,C53,"=IF($B$54=0,"" - "",B53/$B$54)",B53,
Report,D53,"=IF(A53="" - "",0,SUMIFS(Transactions!$J:$J,Transactions!$G:$G,A53,Transactions!$B:$B,"">=""&date_begin,Transactions!$B:$B,""<=""&date_end)-SUMIFS(Transactions!$I:$I,Transactions!$G:$G,A53,Transactions!$B:$B,"">=""&date_begin,Transactions!$B:$B,""<=""&date_end))",A53,"Report!E53,Report!F53,Report!D54"
Report,E53,"=IF($D$54=0,"" - "",D53/$D$54)",D53,
Report,F53,=D53-B53,"D53,B53",
Report,G53,,,
Report,A54,"=""Total ""&A23",A23,
Report,B54,=SUM(B23:B53),"B23,B53","Report!B10,Report!F54"
Report,C54,,,
Report,D54,=SUM(D23:D53),"D23,D53","Report!D10,Report!F54"
Report,E54,,,
Report,F54,=D54-B54,"D54,B54",
Report,G54,,,
Report,I54,,,
Report,A56,EXPENSES,,
Report,B56,Budget,,Report!B157
Report,C56,,,
Report,D56,Actual,,Report!D157
Report,E56,,,
Report,F56,Difference,,Report!F157
Report,G56,,,
Report,K56,,,
Report,A57,<openpyxl.worksheet.formula.ArrayFormula object at 0xffff8d0f3ed0>,,"Report!B57,Report!B57,Report!D57"
Report,B57,"=IF(A57="" - "",0,SUM(OFFSET(INDIRECT(""Budget!A""&MATCH(Report!A57,Budget!$A:$A,0)),0,IF(ytd,1,$B$5)+1,1,IF(ytd,$B$5,1))))","A57,Report!A57","Report!C57,Report!F57"
Report,C57,"=IF($B$157=0,"" - "",B57/$B$157)",B57,
Report,D57,"=IF(A57="" - "",0,-SUMIFS(Transactions!$J:$J,Transactions!$G:$G,A57,Transactions!$B:$B,"">=""&date_begin,Transactions!$B:$B,""<=""&date_end)+SUMIFS(Transactions!$I:$I,Transactions!$G:$G,A57,Transactions!$B:$B,"">=""&date_begin,Transactions!$B:$B,""<=""&date_end))",A57,"Report!E57,Report!F57"
Report,E57,"=IF($D$157=0,"" - "",D57/$D$157)",D57,
Report,F57,=B57-D57,"B57,D57",
Report,G57,,,
Report,A58,Car Insurance,,"Report!B58,Report!B58,Report!D58"
Report,B58,"=IF(A58="" - "",0,SUM(OFFSET(INDIRECT(""Budget!A""&MATCH(Report!A58,Budget!$A:$A,0)),0,IF(ytd,1,$B$5)+1,1,IF(ytd,$B$5,1))))","A58,Report!A58","Report!C58,Report!F58"
Report,C58,"=IF($B$157=0,"" - "",B58/$B$157)",B58,
Report,D58,"=IF(A58="" - "",0,-SUMIFS(Transactions!$J:$J,Transactions!$G:$G,A58,Transactions!$B:$B,"">=""&date_begin,Transactions!$B:$B,""<=""&date_end)+SUMIFS(Transactions!$I:$I,Transactions!$G:$G,A58,Transactions!$B:$B,"">=""&date_begin,Transactions!$B:$B,""<=""&date_end))",A58,"Report!E58,Report!F58"
Report,E58,"=IF($D$157=0,"" - "",D58/$D$157)",D58,
Report,F58,=B58-D58,"B58,D58",
Report,G58,,,
Report,A59,Car Payment,,"Report!B59,Report!B59,Report!D59"
Report,B59,"=IF(A59="" - "",0,SUM(OFFSET(INDIRECT(""Budget!A""&MATCH(Report!A59,Budget!$A:$A,0)),0,IF(ytd,1,$B$5)+1,1,IF(ytd,$B$5,1))))","A59,Report!A59","Report!C59,Report!F59"
Report,C59,"=IF($B$157=0,"" - "",B59/$B$157)",B59,
Report,D59,"=IF(A59="" - "",0,-SUMIFS(Transactions!$J:$J,Transactions!$G:$G,A59,Transactions!$B:$B,"">=""&date_begin,Transactions!$B:$B,""<=""&date_end)+SUMIFS(Transactions!$I:$I,Transactions!$G:$G,A59,Transactions!$B:$B,"">=""&date_begin,Transactions!$B:$B,""<=""&date_end))",A59,"Report!E59,Report!F59"
Report,E59,"=IF($D$157=0,"" - "",D59/$D$157)",D59,
Report,F59,=B59-D59,"B59,D59",
Report,G59,,,
Report,A60,Car Repair / Licenses,,"Report!B60,Report!B60,Report!D60"
Report,B60,"=IF(A60="" - "",0,SUM(OFFSET(INDIRECT(""Budget!A""&MATCH(Report!A60,Budget!$A:$A,0)),0,IF(ytd,1,$B$5)+1,1,IF(ytd,$B$5,1))))","A60,Report!A60","Report!C60,Report!F60"
Report,C60,"=IF($B$157=0,"" - "",B60/$B$157)",B60,
Report,D60,"=IF(A60="" - "",0,-SUMIFS(Transactions!$J:$J,Transactions!$G:$G,A60,Transactions!$B:$B,"">=""&date_begin,Transactions!$B:$B,""<=""&date_end)+SUMIFS(Transactions!$I:$I,Transactions!$G:$G,A60,Transactions!$B:$B,"">=""&date_begin,Transactions!$B:$B,""<=""&date_end))",A60,"Report!E60,Report!F60"
Report,E60,"=IF($D$157=0,"" - "",D60/$D$157)",D60,
Report,F60,=B60-D60,"B60,D60",
Report,G60,,,
Report,A61,Car Replacement Fund,,"Report!B61,Report!B61,Report!D61"
Report,B61,"=IF(A61="" - "",0,SUM(OFFSET(INDIRECT(""Budget!A""&MATCH(Report!A61,Budget!$A:$A,0)),0,IF(ytd,1,$B$5)+1,1,IF(ytd,$B$5,1))))","A61,Report!A61","Report!C61,Report!F61"
Report,C61,"=IF($B$157=0,"" - "",B61/$B$157)",B61,
Report,D61,"=IF(A61="" - "",0,-SUMIFS(Transactions!$J:$J,Transactions!$G:$G,A61,Transactions!$B:$B,"">=""&date_begin,Transactions!$B:$B,""<=""&date_end)+SUMIFS(Transactions!$I:$I,Transactions!$G:$G,A61,Transactions!$B:$B,"">=""&date_begin,Transactions!$B:$B,""<=""&date_end))",A61,"Report!E61,Report!F61"
Report,E61,"=IF($D$157=0,"" - "",D61/$D$157)",D61,
Report,F61,=B61-D61,"B61,D61",
Report,G61,,,
Report,A62,Charity,,"Report!B62,Report!B62,Report!D62"
Report,B62,"=IF(A62="" - "",0,SUM(OFFSET(INDIRECT(""Budget!A""&MATCH(Report!A62,Budget!$A:$A,0)),0,IF(ytd,1,$B$5)+1,1,IF(ytd,$B$5,1))))","A62,Report!A62","Report!C62,Report!F62"
Report,C62,"=IF($B$157=0,"" - "",B62/$B$157)",B62,
Report,D62,"=IF(A62="" - "",0,-SUMIFS(Transactions!$J:$J,Transactions!$G:$G,A62,Transactions!$B:$B,"">=""&date_begin,Transactions!$B:$B,""<=""&date_end)+SUMIFS(Transactions!$I:$I,Transactions!$G:$G,A62,Transactions!$B:$B,"">=""&date_begin,Transactions!$B:$B,""<=""&date_end))",A62,"Report!E62,Report!F62"
Report,E62,"=IF($D$157=0,"" - "",D62/$D$157)",D62,
Report,F62,=B62-D62,"B62,D62",
Report,G62,,,
Report,A63,Child Care,,"Report!B63,Report!B63,Report!D63"
Report,B63,"=IF(A63="" - "",0,SUM(OFFSET(INDIRECT(""Budget!A""&MATCH(Report!A63,Budget!$A:$A,0)),0,IF(ytd,1,$B$5)+1,1,IF(ytd,$B$5,1))))","A63,Report!A63","Report!C63,Report!F63"
Report,C63,"=IF($B$157=0,"" - "",B63/$B$157)",B63,
Report,D63,"=IF(A63="" - "",0,-SUMIFS(Transactions!$J:$J,Transactions!$G:$G,A63,Transactions!$B:$B,"">=""&date_begin,Transactions!$B:$B,""<=""&date_end)+SUMIFS(Transactions!$I:$I,Transactions!$G:$G,A63,Transactions!$B:$B,"">=""&date_begin,Transactions!$B:$B,""<=""&date_end))",A63,"Report!E63,Report!F63"
Report,E63,"=IF($D$157=0,"" - "",D63/$D$157)",D63,
Report,F63,=B63-D63,"B63,D63",
Report,G63,,,
Report,A64,Cleaning,,"Report!B64,Report!B64,Report!D64"
Report,B64,"=IF(A64="" - "",0,SUM(OFFSET(INDIRECT(""Budget!A""&MATCH(Report!A64,Budget!$A:$A,0)),0,IF(ytd,1,$B$5)+1,1,IF(ytd,$B$5,1))))","A64,Report!A64","Report!C64,Report!F64"
Report,C64,"=IF($B$157=0,"" - "",B64/$B$157)",B64,
Report,D64,"=IF(A64="" - "",0,-SUMIFS(Transactions!$J:$J,Transactions!$G:$G,A64,Transactions!$B:$B,"">=""&date_begin,Transactions!$B:$B,""<=""&date_end)+SUMIFS(Transactions!$I:$I,Transactions!$G:$G,A64,Transactions!$B:$B,"">=""&date_begin,Transactions!$B:$B,""<=""&date_end))",A64,"Report!E64,Report!F64"
Report,E64,"=IF($D$157=0,"" - "",D64/$D$157)",D64,
Report,F64,=B64-D64,"B64,D64",
Report,G64,,,
Report,A65,Clothing,,"Report!B65,Report!B65,Report!D65"
Report,B65,"=IF(A65="" - "",0,SUM(OFFSET(INDIRECT(""Budget!A""&MATCH(Report!A65,Budget!$A:$A,0)),0,IF(ytd,1,$B$5)+1,1,IF(ytd,$B$5,1))))","A65,Report!A65","Report!C65,Report!F65"
Report,C65,"=IF($B$157=0,"" - "",B65/$B$157)",B65,
Report,D65,"=IF(A65="" - "",0,-SUMIFS(Transactions!$J:$J,Transactions!$G:$G,A65,Transactions!$B:$B,"">=""&date_begin,Transactions!$B:$B,""<=""&date_end)+SUMIFS(Transactions!$I:$I,Transactions!$G:$G,A65,Transactions!$B:$B,"">=""&date_begin,Transactions!$B:$B,""<=""&date_end))",A65,"Report!E65,Report!F65"
Report,E65,"=IF($D$157=0,"" - "",D65/$D$157)",D65,
Report,F65,=B65-D65,"B65,D65",
Report,G65,,,
Report,A66,Debt,,"Report!B66,Report!B66,Report!D66"
Report,B66,"=IF(A66="" - "",0,SUM(OFFSET(INDIRECT(""Budget!A""&MATCH(Report!A66,Budget!$A:$A,0)),0,IF(ytd,1,$B$5)+1,1,IF(ytd,$B$5,1))))","A66,Report!A66","Report!C66,Report!F66"
Report,C66,"=IF($B$157=0,"" - "",B66/$B$157)",B66,
Report,D66,"=IF(A66="" - "",0,-SUMIFS(Transactions!$J:$J,Transactions!$G:$G,A66,Transactions!$B:$B,"">=""&date_begin,Transactions!$B:$B,""<=""&date_end)+SUMIFS(Transactions!$I:$I,Transactions!$G:$G,A66,Transactions!$B:$B,"">=""&date_begin,Transactions!$B:$B,""<=""&date_end))",A66,"Report!E66,Report!F66"
Report,E66,"=IF($D$157=0,"" - "",D66/$D$157)",D66,
Report,F66,=B66-D66,"B66,D66",
Report,G66,,,
Report,A67,Dining,,"Report!B67,Report!B67,Report!D67"
Report,B67,"=IF(A67="" - "",0,SUM(OFFSET(INDIRECT(""Budget!A""&MATCH(Report!A67,Budget!$A:$A,0)),0,IF(ytd,1,$B$5)+1,1,IF(ytd,$B$5,1))))","A67,Report!A67","Report!C67,Report!F67"
Report,C67,"=IF($B$157=0,"" - "",B67/$B$157)",B67,
Report,D67,"=IF(A67="" - "",0,-SUMIFS(Transactions!$J:$J,Transactions!$G:$G,A67,Transactions!$B:$B,"">=""&date_begin,Transactions!$B:$B,""<=""&date_end)+SUMIFS(Transactions!$I:$I,Transactions!$G:$G,A67,Transactions!$B:$B,"">=""&date_begin,Transactions!$B:$B,""<=""&date_end))",A67,"Report!E67,Report!F67"
Report,E67,"=IF($D$157=0,"" - "",D67/$D$157)",D67,
Report,F67,=B67-D67,"B67,D67",
Report,G67,,,
Report,A68,Discretionary,,"Report!B68,Report!B68,Report!D68"
Report,B68,"=IF(A68="" - "",0,SUM(OFFSET(INDIRECT(""Budget!A""&MATCH(Report!A68,Budget!$A:$A,0)),0,IF(ytd,1,$B$5)+1,1,IF(ytd,$B$5,1))))","A68,Report!A68","Report!C68,Report!F68"
Report,C68,"=IF($B$157=0,"" - "",B68/$B$157)",B68,
Report,D68,"=IF(A68="" - "",0,-SUMIFS(Transactions!$J:$J,Transactions!$G:$G,A68,Transactions!$B:$B,"">=""&date_begin,Transactions!$B:$B,""<=""&date_end)+SUMIFS(Transactions!$I:$I,Transactions!$G:$G,A68,Transactions!$B:$B,"">=""&date_begin,Transactions!$B:$B,""<=""&date_end))",A68,"Report!E68,Report!F68"
Report,E68,"=IF($D$157=0,"" - "",D68/$D$157)",D68,
Report,F68,=B68-D68,"B68,D68",
Report,G68,,,
Report,A69,Doctor / Dentist,,"Report!B69,Report!B69,Report!D69"
Report,B69,"=IF(A69="" - "",0,SUM(OFFSET(INDIRECT(""Budget!A""&MATCH(Report!A69,Budget!$A:$A,0)),0,IF(ytd,1,$B$5)+1,1,IF(ytd,$B$5,1))))","A69,Report!A69","Report!C69,Report!F69"
Report,C69,"=IF($B$157=0,"" - "",B69/$B$157)",B69,
Report,D69,"=IF(A69="" - "",0,-SUMIFS(Transactions!$J:$J,Transactions!$G:$G,A69,Transactions!$B:$B,"">=""&date_begin,Transactions!$B:$B,""<=""&date_end)+SUMIFS(Transactions!$I:$I,Transactions!$G:$G,A69,Transactions!$B:$B,"">=""&date_begin,Transactions!$B:$B,""<=""&date_end))",A69,"Report!E69,Report!F69"
Report,E69,"=IF($D$157=0,"" - "",D69/$D$157)",D69,
Report,F69,=B69-D69,"B69,D69",
Report,G69,,,
Report,A70,Education,,"Report!B70,Report!B70,Report!D70"
Report,B70,"=IF(A70="" - "",0,SUM(OFFSET(INDIRECT(""Budget!A""&MATCH(Report!A70,Budget!$A:$A,0)),0,IF(ytd,1,$B$5)+1,1,IF(ytd,$B$5,1))))","A70,Report!A70","Report!C70,Report!F70"
Report,C70,"=IF($B$157=0,"" - "",B70/$B$157)",B70,
Report,D70,"=IF(A70="" - "",0,-SUMIFS(Transactions!$J:$J,Transactions!$G:$G,A70,Transactions!$B:$B,"">=""&date_begin,Transactions!$B:$B,""<=""&date_end)+SUMIFS(Transactions!$I:$I,Transactions!$G:$G,A70,Transactions!$B:$B,"">=""&date_begin,Transactions!$B:$B,""<=""&date_end))",A70,"Report!E70,Report!F70"
Report,E70,"=IF($D$157=0,"" - "",D70/$D$157)",D70,
Report,F70,=B70-D70,"B70,D70",
Report,G70,,,
Report,K70,,,
Report,A71,Emergency Fund,,"Report!B71,Report!B71,Report!D71"
Report,B71,"=IF(A71="" - "",0,SUM(OFFSET(INDIRECT(""Budget!A""&MATCH(Report!A71,Budget!$A:$A,0)),0,IF(ytd,1,$B$5)+1,1,IF(ytd,$B$5,1))))","A71,Report!A71","Report!C71,Report!F71"
Report,C71,"=IF($B$157=0,"" - "",B71/$B$157)",B71,
Report,D71,"=IF(A71="" - "",0,-SUMIFS(Transactions!$J:$J,Transactions!$G:$G,A71,Transactions!$B:$B,"">=""&date_begin,Transactions!$B:$B,""<=""&date_end)+SUMIFS(Transactions!$I:$I,Transactions!$G:$G,A71,Transactions!$B:$B,"">=""&date_begin,Transactions!$B:$B,""<=""&date_end))",A71,"Report!E71,Report!F71"
Report,E71,"=IF($D$157=0,"" - "",D71/$D$157)",D71,
Report,F71,=B71-D71,"B71,D71",
Report,G71,,,
Report,J71,,,
Report,A72,Fuel,,"Report!B72,Report!B72,Report!D72"
Report,B72,"=IF(A72="" - "",0,SUM(OFFSET(INDIRECT(""Budget!A""&MATCH(Report!A72,Budget!$A:$A,0)),0,IF(ytd,1,$B$5)+1,1,IF(ytd,$B$5,1))))","A72,Report!A72","Report!C72,Report!F72"
Report,C72,"=IF($B$157=0,"" - "",B72/$B$157)",B72,
Report,D72,"=IF(A72="" - "",0,-SUMIFS(Transactions!$J:$J,Transactions!$G:$G,A72,Transactions!$B:$B,"">=""&date_begin,Transactions!$B:$B,""<=""&date_end)+SUMIFS(Transactions!$I:$I,Transactions!$G:$G,A72,Transactions!$B:$B,"">=""&date_begin,Transactions!$B:$B,""<=""&date_end))",A72,"Report!E72,Report!F72"
Report,E72,"=IF($D$157=0,"" - "",D72/$D$157)",D72,
Report,F72,=B72-D72,"B72,D72",
Report,G72,,,
Report,A73,Fun / Entertainment,,"Report!B73,Report!B73,Report!D73"
Report,B73,"=IF(A73="" - "",0,SUM(OFFSET(INDIRECT(""Budget!A""&MATCH(Report!A73,Budget!$A:$A,0)),0,IF(ytd,1,$B$5)+1,1,IF(ytd,$B$5,1))))","A73,Report!A73","Report!C73,Report!F73"
Report,C73,"=IF($B$157=0,"" - "",B73/$B$157)",B73,
Report,D73,"=IF(A73="" - "",0,-SUMIFS(Transactions!$J:$J,Transactions!$G:$G,A73,Transactions!$B:$B,"">=""&date_begin,Transactions!$B:$B,""<=""&date_end)+SUMIFS(Transactions!$I:$I,Transactions!$G:$G,A73,Transactions!$B:$B,"">=""&date_begin,Transactions!$B:$B,""<=""&date_end))",A73,"Report!E73,Report!F73"
Report,E73,"=IF($D$157=0,"" - "",D73/$D$157)",D73,
Report,F73,=B73-D73,"B73,D73",
Report,G73,,,
Report,J73,,,
Report,K73,,,
Report,A74,Furniture / Appliances,,"Report!B74,Report!B74,Report!D74"
Report,B74,"=IF(A74="" - "",0,SUM(OFFSET(INDIRECT(""Budget!A""&MATCH(Report!A74,Budget!$A:$A,0)),0,IF(ytd,1,$B$5)+1,1,IF(ytd,$B$5,1))))","A74,Report!A74","Report!C74,Report!F74"
Report,C74,"=IF($B$157=0,"" - "",B74/$B$157)",B74,
Report,D74,"=IF(A74="" - "",0,-SUMIFS(Transactions!$J:$J,Transactions!$G:$G,A74,Transactions!$B:$B,"">=""&date_begin,Transactions!$B:$B,""<=""&date_end)+SUMIFS(Transactions!$I:$I,Transactions!$G:$G,A74,Transactions!$B:$B,"">=""&date_begin,Transactions!$B:$B,""<=""&date_end))",A74,"Report!E74,Report!F74"
Report,E74,"=IF($D$157=0,"" - "",D74/$D$157)",D74,
Report,F74,=B74-D74,"B74,D74",
Report,G74,,,
Report,A75,Gifts Given,,"Report!B75,Report!B75,Report!D75"
Report,B75,"=IF(A75="" - "",0,SUM(OFFSET(INDIRECT(""Budget!A""&MATCH(Report!A75,Budget!$A:$A,0)),0,IF(ytd,1,$B$5)+1,1,IF(ytd,$B$5,1))))","A75,Report!A75","Report!C75,Report!F75"
Report,C75,"=IF($B$157=0,"" - "",B75/$B$157)",B75,
Report,D75,"=IF(A75="" - "",0,-SUMIFS(Transactions!$J:$J,Transactions!$G:$G,A75,Transactions!$B:$B,"">=""&date_begin,Transactions!$B:$B,""<=""&date_end)+SUMIFS(Transactions!$I:$I,Transactions!$G:$G,A75,Transactions!$B:$B,"">=""&date_begin,Transactions!$B:$B,""<=""&date_end))",A75,"Report!E75,Report!F75"
Report,E75,"=IF($D$157=0,"" - "",D75/$D$157)",D75,
Report,F75,=B75-D75,"B75,D75",
Report,G75,,,
Report,A76,Groceries,,"Report!B76,Report!B76,Report!D76"
Report,B76,"=IF(A76="" - "",0,SUM(OFFSET(INDIRECT(""Budget!A""&MATCH(Report!A76,Budget!$A:$A,0)),0,IF(ytd,1,$B$5)+1,1,IF(ytd,$B$5,1))))","A76,Report!A76","Report!C76,Report!F76"
Report,C76,"=IF($B$157=0,"" - "",B76/$B$157)",B76,
Report,D76,"=IF(A76="" - "",0,-SUMIFS(Transactions!$J:$J,Transactions!$G:$G,A76,Transactions!$B:$B,"">=""&date_begin,Transactions!$B:$B,""<=""&date_end)+SUMIFS(Transactions!$I:$I,Transactions!$G:$G,A76,Transactions!$B:$B,"">=""&date_begin,Transactions!$B:$B,""<=""&date_end))",A76,"Report!E76,Report!F76"
Report,E76,"=IF($D$157=0,"" - "",D76/$D$157)",D76,
Report,F76,=B76-D76,"B76,D76",
Report,G76,,,
Report,A77,Health Insurance,,"Report!B77,Report!B77,Report!D77"
Report,B77,"=IF(A77="" - "",0,SUM(OFFSET(INDIRECT(""Budget!A""&MATCH(Report!A77,Budget!$A:$A,0)),0,IF(ytd,1,$B$5)+1,1,IF(ytd,$B$5,1))))","A77,Report!A77","Report!C77,Report!F77"
Report,C77,"=IF($B$157=0,"" - "",B77/$B$157)",B77,
Report,D77,"=IF(A77="" - "",0,-SUMIFS(Transactions!$J:$J,Transactions!$G:$G,A77,Transactions!$B:$B,"">=""&date_begin,Transactions!$B:$B,""<=""&date_end)+SUMIFS(Transactions!$I:$I,Transactions!$G:$G,A77,Transactions!$B:$B,"">=""&date_begin,Transactions!$B:$B,""<=""&date_end))",A77,"Report!E77,Report!F77"
Report,E77,"=IF($D$157=0,"" - "",D77/$D$157)",D77,
Report,F77,=B77-D77,"B77,D77",
Report,G77,,,
Report,K77,,,
Report,A78,Home Insurance,,"Report!B78,Report!B78,Report!D78"
Report,B78,"=IF(A78="" - "",0,SUM(OFFSET(INDIRECT(""Budget!A""&MATCH(Report!A78,Budget!$A:$A,0)),0,IF(ytd,1,$B$5)+1,1,IF(ytd,$B$5,1))))","A78,Report!A78","Report!C78,Report!F78"
Report,C78,"=IF($B$157=0,"" - "",B78/$B$157)",B78,
Report,D78,"=IF(A78="" - "",0,-SUMIFS(Transactions!$J:$J,Transactions!$G:$G,A78,Transactions!$B:$B,"">=""&date_begin,Transactions!$B:$B,""<=""&date_end)+SUMIFS(Transactions!$I:$I,Transactions!$G:$G,A78,Transactions!$B:$B,"">=""&date_begin,Transactions!$B:$B,""<=""&date_end))",A78,"Report!E78,Report!F78"
Report,E78,"=IF($D$157=0,"" - "",D78/$D$157)",D78,
Report,F78,=B78-D78,"B78,D78",
Report,G78,,,
Report,J78,,,
Report,A79,Home Supplies,,"Report!B79,Report!B79,Report!D79"
Report,B79,"=IF(A79="" - "",0,SUM(OFFSET(INDIRECT(""Budget!A""&MATCH(Report!A79,Budget!$A:$A,0)),0,IF(ytd,1,$B$5)+1,1,IF(ytd,$B$5,1))))","A79,Report!A79","Report!C79,Report!F79"
Report,C79,"=IF($B$157=0,"" - "",B79/$B$157)",B79,
Report,D79,"=IF(A79="" - "",0,-SUMIFS(Transactions!$J:$J,Transactions!$G:$G,A79,Transactions!$B:$B,"">=""&date_begin,Transactions!$B:$B,""<=""&date_end)+SUMIFS(Transactions!$I:$I,Transactions!$G:$G,A79,Transactions!$B:$B,"">=""&date_begin,Transactions!$B:$B,""<=""&date_end))",A79,"Report!E79,Report!F79"
Report,E79,"=IF($D$157=0,"" - "",D79/$D$157)",D79,
Report,F79,=B79-D79,"B79,D79",
Report,G79,,,
Report,A80,Interest Expense,,"Report!B80,Report!B80,Report!D80"
Report,B80,"=IF(A80="" - "",0,SUM(OFFSET(INDIRECT(""Budget!A""&MATCH(Report!A80,Budget!$A:$A,0)),0,IF(ytd,1,$B$5)+1,1,IF(ytd,$B$5,1))))","A80,Report!A80","Report!C80,Report!F80"
Report,C80,"=IF($B$157=0,"" - "",B80/$B$157)",B80,
Report,D80,"=IF(A80="" - "",0,-SUMIFS(Transactions!$J:$J,Transactions!$G:$G,A80,Transactions!$B:$B,"">=""&date_begin,Transactions!$B:$B,""<=""&date_end)+SUMIFS(Transactions!$I:$I,Transactions!$G:$G,A80,Transactions!$B:$B,"">=""&date_begin,Transactions!$B:$B,""<=""&date_end))",A80,"Report!E80,Report!F80"
Report,E80,"=IF($D$157=0,"" - "",D80/$D$157)",D80,
Report,F80,=B80-D80,"B80,D80",
Report,G80,,,
Report,J80,,,
Report,K80,,,
Report,A81,Life Insurance,,"Report!B81,Report!B81,Report!D81"
Report,B81,"=IF(A81="" - "",0,SUM(OFFSET(INDIRECT(""Budget!A""&MATCH(Report!A81,Budget!$A:$A,0)),0,IF(ytd,1,$B$5)+1,1,IF(ytd,$B$5,1))))","A81,Report!A81","Report!C81,Report!F81"
Report,C81,"=IF($B$157=0,"" - "",B81/$B$157)",B81,
Report,D81,"=IF(A81="" - "",0,-SUMIFS(Transactions!$J:$J,Transactions!$G:$G,A81,Transactions!$B:$B,"">=""&date_begin,Transactions!$B:$B,""<=""&date_end)+SUMIFS(Transactions!$I:$I,Transactions!$G:$G,A81,Transactions!$B:$B,"">=""&date_begin,Transactions!$B:$B,""<=""&date_end))",A81,"Report!E81,Report!F81"
Report,E81,"=IF($D$157=0,"" - "",D81/$D$157)",D81,
Report,F81,=B81-D81,"B81,D81",
Report,G81,,,
Report,A82,Medicine,,"Report!B82,Report!B82,Report!D82"
Report,B82,"=IF(A82="" - "",0,SUM(OFFSET(INDIRECT(""Budget!A""&MATCH(Report!A82,Budget!$A:$A,0)),0,IF(ytd,1,$B$5)+1,1,IF(ytd,$B$5,1))))","A82,Report!A82","Report!C82,Report!F82"
Report,C82,"=IF($B$157=0,"" - "",B82/$B$157)",B82,
Report,D82,"=IF(A82="" - "",0,-SUMIFS(Transactions!$J:$J,Transactions!$G:$G,A82,Transactions!$B:$B,"">=""&date_begin,Transactions!$B:$B,""<=""&date_end)+SUMIFS(Transactions!$I:$I,Transactions!$G:$G,A82,Transactions!$B:$B,"">=""&date_begin,Transactions!$B:$B,""<=""&date_end))",A82,"Report!E82,Report!F82"
Report,E82,"=IF($D$157=0,"" - "",D82/$D$157)",D82,
Report,F82,=B82-D82,"B82,D82",
Report,G82,,,
Report,A83,Miscellaneous,,"Report!B83,Report!B83,Report!D83"
Report,B83,"=IF(A83="" - "",0,SUM(OFFSET(INDIRECT(""Budget!A""&MATCH(Report!A83,Budget!$A:$A,0)),0,IF(ytd,1,$B$5)+1,1,IF(ytd,$B$5,1))))","A83,Report!A83","Report!C83,Report!F83"
Report,C83,"=IF($B$157=0,"" - "",B83/$B$157)",B83,
Report,D83,"=IF(A83="" - "",0,-SUMIFS(Transactions!$J:$J,Transactions!$G:$G,A83,Transactions!$B:$B,"">=""&date_begin,Transactions!$B:$B,""<=""&date_end)+SUMIFS(Transactions!$I:$I,Transactions!$G:$G,A83,Transactions!$B:$B,"">=""&date_begin,Transactions!$B:$B,""<=""&date_end))",A83,"Report!E83,Report!F83"
Report,E83,"=IF($D$157=0,"" - "",D83/$D$157)",D83,
Report,F83,=B83-D83,"B83,D83",
Report,G83,,,
Report,A84,Mortgage / Rent,,"Report!B84,Report!B84,Report!D84"
Report,B84,"=IF(A84="" - "",0,SUM(OFFSET(INDIRECT(""Budget!A""&MATCH(Report!A84,Budget!$A:$A,0)),0,IF(ytd,1,$B$5)+1,1,IF(ytd,$B$5,1))))","A84,Report!A84","Report!C84,Report!F84"
Report,C84,"=IF($B$157=0,"" - "",B84/$B$157)",B84,
Report,D84,"=IF(A84="" - "",0,-SUMIFS(Transactions!$J:$J,Transactions!$G:$G,A84,Transactions!$B:$B,"">=""&date_begin,Transactions!$B:$B,""<=""&date_end)+SUMIFS(Transactions!$I:$I,Transactions!$G:$G,A84,Transactions!$B:$B,"">=""&date_begin,Transactions!$B:$B,""<=""&date_end))",A84,"Report!E84,Report!F84"
Report,E84,"=IF($D$157=0,"" - "",D84/$D$157)",D84,
Report,F84,=B84-D84,"B84,D84",
Report,G84,,,
Report,A85,Other Savings,,"Report!B85,Report!B85,Report!D85"
Report,B85,"=IF(A85="" - "",0,SUM(OFFSET(INDIRECT(""Budget!A""&MATCH(Report!A85,Budget!$A:$A,0)),0,IF(ytd,1,$B$5)+1,1,IF(ytd,$B$5,1))))","A85,Report!A85","Report!C85,Report!F85"
Report,C85,"=IF($B$157=0,"" - "",B85/$B$157)",B85,
Report,D85,"=IF(A85="" - "",0,-SUMIFS(Transactions!$J:$J,Transactions!$G:$G,A85,Transactions!$B:$B,"">=""&date_begin,Transactions!$B:$B,""<=""&date_end)+SUMIFS(Transactions!$I:$I,Transactions!$G:$G,A85,Transactions!$B:$B,"">=""&date_begin,Transactions!$B:$B,""<=""&date_end))",A85,"Report!E85,Report!F85"
Report,E85,"=IF($D$157=0,"" - "",D85/$D$157)",D85,
Report,F85,=B85-D85,"B85,D85",
Report,G85,,,
Report,A86,Other_1,,"Report!B86,Report!B86,Report!D86"
Report,B86,"=IF(A86="" - "",0,SUM(OFFSET(INDIRECT(""Budget!A""&MATCH(Report!A86,Budget!$A:$A,0)),0,IF(ytd,1,$B$5)+1,1,IF(ytd,$B$5,1))))","A86,Report!A86","Report!C86,Report!F86"
Report,C86,"=IF($B$157=0,"" - "",B86/$B$157)",B86,
Report,D86,"=IF(A86="" - "",0,-SUMIFS(Transactions!$J:$J,Transactions!$G:$G,A86,Transactions!$B:$B,"">=""&date_begin,Transactions!$B:$B,""<=""&date_end)+SUMIFS(Transactions!$I:$I,Transactions!$G:$G,A86,Transactions!$B:$B,"">=""&date_begin,Transactions!$B:$B,""<=""&date_end))",A86,"Report!E86,Report!F86"
Report,E86,"=IF($D$157=0,"" - "",D86/$D$157)",D86,
Report,F86,=B86-D86,"B86,D86",
Report,G86,,,
Report,A87,Other_2,,"Report!B87,Report!B87,Report!D87"
Report,B87,"=IF(A87="" - "",0,SUM(OFFSET(INDIRECT(""Budget!A""&MATCH(Report!A87,Budget!$A:$A,0)),0,IF(ytd,1,$B$5)+1,1,IF(ytd,$B$5,1))))","A87,Report!A87","Report!C87,Report!F87"
Report,C87,"=IF($B$157=0,"" - "",B87/$B$157)",B87,
Report,D87,"=IF(A87="" - "",0,-SUMIFS(Transactions!$J:$J,Transactions!$G:$G,A87,Transactions!$B:$B,"">=""&date_begin,Transactions!$B:$B,""<=""&date_end)+SUMIFS(Transactions!$I:$I,Transactions!$G:$G,A87,Transactions!$B:$B,"">=""&date_begin,Transactions!$B:$B,""<=""&date_end))",A87,"Report!E87,Report!F87"
Report,E87,"=IF($D$157=0,"" - "",D87/$D$157)",D87,
Report,F87,=B87-D87,"B87,D87",
Report,G87,,,
Report,A88,Other_3,,"Report!B88,Report!B88,Report!D88"
Report,B88,"=IF(A88="" - "",0,SUM(OFFSET(INDIRECT(""Budget!A""&MATCH(Report!A88,Budget!$A:$A,0)),0,IF(ytd,1,$B$5)+1,1,IF(ytd,$B$5,1))))","A88,Report!A88","Report!C88,Report!F88"
Report,C88,"=IF($B$157=0,"" - "",B88/$B$157)",B88,
Report,D88,"=IF(A88="" - "",0,-SUMIFS(Transactions!$J:$J,Transactions!$G:$G,A88,Transactions!$B:$B,"">=""&date_begin,Transactions!$B:$B,""<=""&date_end)+SUMIFS(Transactions!$I:$I,Transactions!$G:$G,A88,Transactions!$B:$B,"">=""&date_begin,Transactions!$B:$B,""<=""&date_end))",A88,"Report!E88,Report!F88"
Report,E88,"=IF($D$157=0,"" - "",D88/$D$157)",D88,
Report,F88,=B88-D88,"B88,D88",
Report,G88,,,
Report,A89,Other_4,,"Report!B89,Report!B89,Report!D89"
Report,B89,"=IF(A89="" - "",0,SUM(OFFSET(INDIRECT(""Budget!A""&MATCH(Report!A89,Budget!$A:$A,0)),0,IF(ytd,1,$B$5)+1,1,IF(ytd,$B$5,1))))","A89,Report!A89","Report!C89,Report!F89"
Report,C89,"=IF($B$157=0,"" - "",B89/$B$157)",B89,
Report,D89,"=IF(A89="" - "",0,-SUMIFS(Transactions!$J:$J,Transactions!$G:$G,A89,Transactions!$B:$B,"">=""&date_begin,Transactions!$B:$B,""<=""&date_end)+SUMIFS(Transactions!$I:$I,Transactions!$G:$G,A89,Transactions!$B:$B,"">=""&date_begin,Transactions!$B:$B,""<=""&date_end))",A89,"Report!E89,Report!F89"
Report,E89,"=IF($D$157=0,"" - "",D89/$D$157)",D89,
Report,F89,=B89-D89,"B89,D89",
Report,G89,,,
Report,A90,Other_5,,"Report!B90,Report!B90,Report!D90"
Report,B90,"=IF(A90="" - "",0,SUM(OFFSET(INDIRECT(""Budget!A""&MATCH(Report!A90,Budget!$A:$A,0)),0,IF(ytd,1,$B$5)+1,1,IF(ytd,$B$5,1))))","A90,Report!A90","Report!C90,Report!F90"
Report,C90,"=IF($B$157=0,"" - "",B90/$B$157)",B90,
Report,D90,"=IF(A90="" - "",0,-SUMIFS(Transactions!$J:$J,Transactions!$G:$G,A90,Transactions!$B:$B,"">=""&date_begin,Transactions!$B:$B,""<=""&date_end)+SUMIFS(Transactions!$I:$I,Transactions!$G:$G,A90,Transactions!$B:$B,"">=""&date_begin,Transactions!$B:$B,""<=""&date_end))",A90,"Report!E90,Report!F90"
Report,E90,"=IF($D$157=0,"" - "",D90/$D$157)",D90,
Report,F90,=B90-D90,"B90,D90",
Report,G90,,,
Report,A91,Personal Supplies,,"Report!B91,Report!B91,Report!D91"
Report,B91,"=IF(A91="" - "",0,SUM(OFFSET(INDIRECT(""Budget!A""&MATCH(Report!A91,Budget!$A:$A,0)),0,IF(ytd,1,$B$5)+1,1,IF(ytd,$B$5,1))))","A91,Report!A91","Report!C91,Report!F91"
Report,C91,"=IF($B$157=0,"" - "",B91/$B$157)",B91,
Report,D91,"=IF(A91="" - "",0,-SUMIFS(Transactions!$J:$J,Transactions!$G:$G,A91,Transactions!$B:$B,"">=""&date_begin,Transactions!$B:$B,""<=""&date_end)+SUMIFS(Transactions!$I:$I,Transactions!$G:$G,A91,Transactions!$B:$B,"">=""&date_begin,Transactions!$B:$B,""<=""&date_end))",A91,"Report!E91,Report!F91"
Report,E91,"=IF($D$157=0,"" - "",D91/$D$157)",D91,
Report,F91,=B91-D91,"B91,D91",
Report,G91,,,
Report,A92,Retirement Fund,,"Report!B92,Report!B92,Report!D92"
Report,B92,"=IF(A92="" - "",0,SUM(OFFSET(INDIRECT(""Budget!A""&MATCH(Report!A92,Budget!$A:$A,0)),0,IF(ytd,1,$B$5)+1,1,IF(ytd,$B$5,1))))","A92,Report!A92","Report!C92,Report!F92"
Report,C92,"=IF($B$157=0,"" - "",B92/$B$157)",B92,
Report,D92,"=IF(A92="" - "",0,-SUMIFS(Transactions!$J:$J,Transactions!$G:$G,A92,Transactions!$B:$B,"">=""&date_begin,Transactions!$B:$B,""<=""&date_end)+SUMIFS(Transactions!$I:$I,Transactions!$G:$G,A92,Transactions!$B:$B,"">=""&date_begin,Transactions!$B:$B,""<=""&date_end))",A92,"Report!E92,Report!F92"
Report,E92,"=IF($D$157=0,"" - "",D92/$D$157)",D92,
Report,F92,=B92-D92,"B92,D92",
Report,G92,,,
Report,A93,Subscriptions/Dues,,"Report!B93,Report!B93,Report!D93"
Report,B93,"=IF(A93="" - "",0,SUM(OFFSET(INDIRECT(""Budget!A""&MATCH(Report!A93,Budget!$A:$A,0)),0,IF(ytd,1,$B$5)+1,1,IF(ytd,$B$5,1))))","A93,Report!A93","Report!C93,Report!F93"
Report,C93,"=IF($B$157=0,"" - "",B93/$B$157)",B93,
Report,D93,"=IF(A93="" - "",0,-SUMIFS(Transactions!$J:$J,Transactions!$G:$G,A93,Transactions!$B:$B,"">=""&date_begin,Transactions!$B:$B,""<=""&date_end)+SUMIFS(Transactions!$I:$I,Transactions!$G:$G,A93,Transactions!$B:$B,"">=""&date_begin,Transactions!$B:$B,""<=""&date_end))",A93,"Report!E93,Report!F93"
Report,E93,"=IF($D$157=0,"" - "",D93/$D$157)",D93,
Report,F93,=B93-D93,"B93,D93",
Report,G93,,,
Report,A94,Taxes,,"Report!B94,Report!B94,Report!D94"
Report,B94,"=IF(A94="" - "",0,SUM(OFFSET(INDIRECT(""Budget!A""&MATCH(Report!A94,Budget!$A:$A,0)),0,IF(ytd,1,$B$5)+1,1,IF(ytd,$B$5,1))))","A94,Report!A94","Report!C94,Report!F94"
Report,C94,"=IF($B$157=0,"" - "",B94/$B$157)",B94,
Report,D94,"=IF(A94="" - "",0,-SUMIFS(Transactions!$J:$J,Transactions!$G:$G,A94,Transactions!$B:$B,"">=""&date_begin,Transactions!$B:$B,""<=""&date_end)+SUMIFS(Transactions!$I:$I,Transactions!$G:$G,A94,Transactions!$B:$B,"">=""&date_begin,Transactions!$B:$B,""<=""&date_end))",A94,"Report!E94,Report!F94"
Report,E94,"=IF($D$157=0,"" - "",D94/$D$157)",D94,
Report,F94,=B94-D94,"B94,D94",
Report,G94,,,
Report,A95,Util. Electricity,,"Report!B95,Report!B95,Report!D95"
Report,B95,"=IF(A95="" - "",0,SUM(OFFSET(INDIRECT(""Budget!A""&MATCH(Report!A95,Budget!$A:$A,0)),0,IF(ytd,1,$B$5)+1,1,IF(ytd,$B$5,1))))","A95,Report!A95","Report!C95,Report!F95"
Report,C95,"=IF($B$157=0,"" - "",B95/$B$157)",B95,
Report,D95,"=IF(A95="" - "",0,-SUMIFS(Transactions!$J:$J,Transactions!$G:$G,A95,Transactions!$B:$B,"">=""&date_begin,Transactions!$B:$B,""<=""&date_end)+SUMIFS(Transactions!$I:$I,Transactions!$G:$G,A95,Transactions!$B:$B,"">=""&date_begin,Transactions!$B:$B,""<=""&date_end))",A95,"Report!E95,Report!F95"
Report,E95,"=IF($D$157=0,"" - "",D95/$D$157)",D95,
Report,F95,=B95-D95,"B95,D95",
Report,G95,,,
Report,A96,Util. Gas,,"Report!B96,Report!B96,Report!D96"
Report,B96,"=IF(A96="" - "",0,SUM(OFFSET(INDIRECT(""Budget!A""&MATCH(Report!A96,Budget!$A:$A,0)),0,IF(ytd,1,$B$5)+1,1,IF(ytd,$B$5,1))))","A96,Report!A96","Report!C96,Report!F96"
Report,C96,"=IF($B$157=0,"" - "",B96/$B$157)",B96,
Report,D96,"=IF(A96="" - "",0,-SUMIFS(Transactions!$J:$J,Transactions!$G:$G,A96,Transactions!$B:$B,"">=""&date_begin,Transactions!$B:$B,""<=""&date_end)+SUMIFS(Transactions!$I:$I,Transactions!$G:$G,A96,Transactions!$B:$B,"">=""&date_begin,Transactions!$B:$B,""<=""&date_end))",A96,"Report!E96,Report!F96"
Report,E96,"=IF($D$157=0,"" - "",D96/$D$157)",D96,
Report,F96,=B96-D96,"B96,D96",
Report,G96,,,
Report,A97,Util. Phone(s),,"Report!B97,Report!B97,Report!D97"
Report,B97,"=IF(A97="" - "",0,SUM(OFFSET(INDIRECT(""Budget!A""&MATCH(Report!A97,Budget!$A:$A,0)),0,IF(ytd,1,$B$5)+1,1,IF(ytd,$B$5,1))))","A97,Report!A97","Report!C97,Report!F97"
Report,C97,"=IF($B$157=0,"" - "",B97/$B$157)",B97,
Report,D97,"=IF(A97="" - "",0,-SUMIFS(Transactions!$J:$J,Transactions!$G:$G,A97,Transactions!$B:$B,"">=""&date_begin,Transactions!$B:$B,""<=""&date_end)+SUMIFS(Transactions!$I:$I,Transactions!$G:$G,A97,Transactions!$B:$B,"">=""&date_begin,Transactions!$B:$B,""<=""&date_end))",A97,"Report!E97,Report!F97"
Report,E97,"=IF($D$157=0,"" - "",D97/$D$157)",D97,
Report,F97,=B97-D97,"B97,D97",
Report,G97,,,
Report,A98,Util. TV / Internet,,"Report!B98,Report!B98,Report!D98"
Report,B98,"=IF(A98="" - "",0,SUM(OFFSET(INDIRECT(""Budget!A""&MATCH(Report!A98,Budget!$A:$A,0)),0,IF(ytd,1,$B$5)+1,1,IF(ytd,$B$5,1))))","A98,Report!A98","Report!C98,Report!F98"
Report,C98,"=IF($B$157=0,"" - "",B98/$B$157)",B98,
Report,D98,"=IF(A98="" - "",0,-SUMIFS(Transactions!$J:$J,Transactions!$G:$G,A98,Transactions!$B:$B,"">=""&date_begin,Transactions!$B:$B,""<=""&date_end)+SUMIFS(Transactions!$I:$I,Transactions!$G:$G,A98,Transactions!$B:$B,"">=""&date_begin,Transactions!$B:$B,""<=""&date_end))",A98,"Report!E98,Report!F98"
Report,E98,"=IF($D$157=0,"" - "",D98/$D$157)",D98,
Report,F98,=B98-D98,"B98,D98",
Report,G98,,,
Report,A99,Util. Water,,"Report!B99,Report!B99,Report!D99"
Report,B99,"=IF(A99="" - "",0,SUM(OFFSET(INDIRECT(""Budget!A""&MATCH(Report!A99,Budget!$A:$A,0)),0,IF(ytd,1,$B$5)+1,1,IF(ytd,$B$5,1))))","A99,Report!A99","Report!C99,Report!F99"
Report,C99,"=IF($B$157=0,"" - "",B99/$B$157)",B99,
Report,D99,"=IF(A99="" - "",0,-SUMIFS(Transactions!$J:$J,Transactions!$G:$G,A99,Transactions!$B:$B,"">=""&date_begin,Transactions!$B:$B,""<=""&date_end)+SUMIFS(Transactions!$I:$I,Transactions!$G:$G,A99,Transactions!$B:$B,"">=""&date_begin,Transactions!$B:$B,""<=""&date_end))",A99,"Report!E99,Report!F99"
Report,E99,"=IF($D$157=0,"" - "",D99/$D$157)",D99,
Report,F99,=B99-D99,"B99,D99",
Report,G99,,,
Report,A100, - ,,"Report!B100,Report!B100,Report!D100"
Report,B100,"=IF(A100="" - "",0,SUM(OFFSET(INDIRECT(""Budget!A""&MATCH(Report!A100,Budget!$A:$A,0)),0,IF(ytd,1,$B$5)+1,1,IF(ytd,$B$5,1))))","A100,Report!A100","Report!C100,Report!F100"
Report,C100,"=IF($B$157=0,"" - "",B100/$B$157)",B100,
Report,D100,"=IF(A100="" - "",0,-SUMIFS(Transactions!$J:$J,Transactions!$G:$G,A100,Transactions!$B:$B,"">=""&date_begin,Transactions!$B:$B,""<=""&date_end)+SUMIFS(Transactions!$I:$I,Transactions!$G:$G,A100,Transactions!$B:$B,"">=""&date_begin,Transactions!$B:$B,""<=""&date_end))",A100,"Report!E100,Report!F100"
Report,E100,"=IF($D$157=0,"" - "",D100/$D$157)",D100,
Report,F100,=B100-D100,"B100,D100",
Report,G100,,,
Report,A101, - ,,"Report!B101,Report!B101,Report!D101"
Report,B101,"=IF(A101="" - "",0,SUM(OFFSET(INDIRECT(""Budget!A""&MATCH(Report!A101,Budget!$A:$A,0)),0,IF(ytd,1,$B$5)+1,1,IF(ytd,$B$5,1))))","A101,Report!A101","Report!C101,Report!F101"
Report,C101,"=IF($B$157=0,"" - "",B101/$B$157)",B101,
Report,D101,"=IF(A101="" - "",0,-SUMIFS(Transactions!$J:$J,Transactions!$G:$G,A101,Transactions!$B:$B,"">=""&date_begin,Transactions!$B:$B,""<=""&date_end)+SUMIFS(Transactions!$I:$I,Transactions!$G:$G,A101,Transactions!$B:$B,"">=""&date_begin,Transactions!$B:$B,""<=""&date_end))",A101,"Report!E101,Report!F101"
Report,E101,"=IF($D$157=0,"" - "",D101/$D$157)",D101,
Report,F101,=B101-D101,"B101,D101",
Report,G101,,,
Report,A102, - ,,"Report!B102,Report!B102,Report!D102"
Report,B102,"=IF(A102="" - "",0,SUM(OFFSET(INDIRECT(""Budget!A""&MATCH(Report!A102,Budget!$A:$A,0)),0,IF(ytd,1,$B$5)+1,1,IF(ytd,$B$5,1))))","A102,Report!A102","Report!C102,Report!F102"
Report,C102,"=IF($B$157=0,"" - "",B102/$B$157)",B102,
Report,D102,"=IF(A102="" - "",0,-SUMIFS(Transactions!$J:$J,Transactions!$G:$G,A102,Transactions!$B:$B,"">=""&date_begin,Transactions!$B:$B,""<=""&date_end)+SUMIFS(Transactions!$I:$I,Transactions!$G:$G,A102,Transactions!$B:$B,"">=""&date_begin,Transactions!$B:$B,""<=""&date_end))",A102,"Report!E102,Report!F102"
Report,E102,"=IF($D$157=0,"" - "",D102/$D$157)",D102,
Report,F102,=B102-D102,"B102,D102",
Report,G102,,,
Report,A103, - ,,"Report!B103,Report!B103,Report!D103"
Report,B103,"=IF(A103="" - "",0,SUM(OFFSET(INDIRECT(""Budget!A""&MATCH(Report!A103,Budget!$A:$A,0)),0,IF(ytd,1,$B$5)+1,1,IF(ytd,$B$5,1))))","A103,Report!A103","Report!C103,Report!F103"
Report,C103,"=IF($B$157=0,"" - "",B103/$B$157)",B103,
Report,D103,"=IF(A103="" - "",0,-SUMIFS(Transactions!$J:$J,Transactions!$G:$G,A103,Transactions!$B:$B,"">=""&date_begin,Transactions!$B:$B,""<=""&date_end)+SUMIFS(Transactions!$I:$I,Transactions!$G:$G,A103,Transactions!$B:$B,"">=""&date_begin,Transactions!$B:$B,""<=""&date_end))",A103,"Report!E103,Report!F103"
Report,E103,"=IF($D$157=0,"" - "",D103/$D$157)",D103,
Report,F103,=B103-D103,"B103,D103",
Report,G103,,,
Report,A104, - ,,"Report!B104,Report!B104,Report!D104"
Report,B104,"=IF(A104="" - "",0,SUM(OFFSET(INDIRECT(""Budget!A""&MATCH(Report!A104,Budget!$A:$A,0)),0,IF(ytd,1,$B$5)+1,1,IF(ytd,$B$5,1))))","A104,Report!A104","Report!C104,Report!F104"
Report,C104,"=IF($B$157=0,"" - "",B104/$B$157)",B104,
Report,D104,"=IF(A104="" - "",0,-SUMIFS(Transactions!$J:$J,Transactions!$G:$G,A104,Transactions!$B:$B,"">=""&date_begin,Transactions!$B:$B,""<=""&date_end)+SUMIFS(Transactions!$I:$I,Transactions!$G:$G,A104,Transactions!$B:$B,"">=""&date_begin,Transactions!$B:$B,""<=""&date_end))",A104,"Report!E104,Report!F104"
Report,E104,"=IF($D$157=0,"" - "",D104/$D$157)",D104,
Report,F104,=B104-D104,"B104,D104",
Report,G104,,,
Report,A105, - ,,"Report!B105,Report!B105,Report!D105"
Report,B105,"=IF(A105="" - "",0,SUM(OFFSET(INDIRECT(""Budget!A""&MATCH(Report!A105,Budget!$A:$A,0)),0,IF(ytd,1,$B$5)+1,1,IF(ytd,$B$5,1))))","A105,Report!A105","Report!C105,Report!F105"
Report,C105,"=IF($B$157=0,"" - "",B105/$B$157)",B105,
Report,D105,"=IF(A105="" - "",0,-SUMIFS(Transactions!$J:$J,Transactions!$G:$G,A105,Transactions!$B:$B,"">=""&date_begin,Transactions!$B:$B,""<=""&date_end)+SUMIFS(Transactions!$I:$I,Transactions!$G:$G,A105,Transactions!$B:$B,"">=""&date_begin,Transactions!$B:$B,""<=""&date_end))",A105,"Report!E105,Report!F105"
Report,E105,"=IF($D$157=0,"" - "",D105/$D$157)",D105,
Report,F105,=B105-D105,"B105,D105",
Report,G105,,,
Report,A106, - ,,"Report!B106,Report!B106,Report!D106"
Report,B106,"=IF(A106="" - "",0,SUM(OFFSET(INDIRECT(""Budget!A""&MATCH(Report!A106,Budget!$A:$A,0)),0,IF(ytd,1,$B$5)+1,1,IF(ytd,$B$5,1))))","A106,Report!A106","Report!C106,Report!F106"
Report,C106,"=IF($B$157=0,"" - "",B106/$B$157)",B106,
Report,D106,"=IF(A106="" - "",0,-SUMIFS(Transactions!$J:$J,Transactions!$G:$G,A106,Transactions!$B:$B,"">=""&date_begin,Transactions!$B:$B,""<=""&date_end)+SUMIFS(Transactions!$I:$I,Transactions!$G:$G,A106,Transactions!$B:$B,"">=""&date_begin,Transactions!$B:$B,""<=""&date_end))",A106,"Report!E106,Report!F106"
Report,E106,"=IF($D$157=0,"" - "",D106/$D$157)",D106,
Report,F106,=B106-D106,"B106,D106",
Report,G106,,,
Report,A107, - ,,"Report!B107,Report!B107,Report!D107"
Report,B107,"=IF(A107="" - "",0,SUM(OFFSET(INDIRECT(""Budget!A""&MATCH(Report!A107,Budget!$A:$A,0)),0,IF(ytd,1,$B$5)+1,1,IF(ytd,$B$5,1))))","A107,Report!A107","Report!C107,Report!F107"
Report,C107,"=IF($B$157=0,"" - "",B107/$B$157)",B107,
Report,D107,"=IF(A107="" - "",0,-SUMIFS(Transactions!$J:$J,Transactions!$G:$G,A107,Transactions!$B:$B,"">=""&date_begin,Transactions!$B:$B,""<=""&date_end)+SUMIFS(Transactions!$I:$I,Transactions!$G:$G,A107,Transactions!$B:$B,"">=""&date_begin,Transactions!$B:$B,""<=""&date_end))",A107,"Report!E107,Report!F107"
Report,E107,"=IF($D$157=0,"" - "",D107/$D$157)",D107,
Report,F107,=B107-D107,"B107,D107",
Report,G107,,,
Report,A108, - ,,"Report!B108,Report!B108,Report!D108"
Report,B108,"=IF(A108="" - "",0,SUM(OFFSET(INDIRECT(""Budget!A""&MATCH(Report!A108,Budget!$A:$A,0)),0,IF(ytd,1,$B$5)+1,1,IF(ytd,$B$5,1))))","A108,Report!A108","Report!C108,Report!F108"
Report,C108,"=IF($B$157=0,"" - "",B108/$B$157)",B108,
Report,D108,"=IF(A108="" - "",0,-SUMIFS(Transactions!$J:$J,Transactions!$G:$G,A108,Transactions!$B:$B,"">=""&date_begin,Transactions!$B:$B,""<=""&date_end)+SUMIFS(Transactions!$I:$I,Transactions!$G:$G,A108,Transactions!$B:$B,"">=""&date_begin,Transactions!$B:$B,""<=""&date_end))",A108,"Report!E108,Report!F108"
Report,E108,"=IF($D$157=0,"" - "",D108/$D$157)",D108,
Report,F108,=B108-D108,"B108,D108",
Report,G108,,,
Report,A109, - ,,"Report!B109,Report!B109,Report!D109"
Report,B109,"=IF(A109="" - "",0,SUM(OFFSET(INDIRECT(""Budget!A""&MATCH(Report!A109,Budget!$A:$A,0)),0,IF(ytd,1,$B$5)+1,1,IF(ytd,$B$5,1))))","A109,Report!A109","Report!C109,Report!F109"
Report,C109,"=IF($B$157=0,"" - "",B109/$B$157)",B109,
Report,D109,"=IF(A109="" - "",0,-SUMIFS(Transactions!$J:$J,Transactions!$G:$G,A109,Transactions!$B:$B,"">=""&date_begin,Transactions!$B:$B,""<=""&date_end)+SUMIFS(Transactions!$I:$I,Transactions!$G:$G,A109,Transactions!$B:$B,"">=""&date_begin,Transactions!$B:$B,""<=""&date_end))",A109,"Report!E109,Report!F109"
Report,E109,"=IF($D$157=0,"" - "",D109/$D$157)",D109,
Report,F109,=B109-D109,"B109,D109",
Report,G109,,,
Report,A110, - ,,"Report!B110,Report!B110,Report!D110"
Report,B110,"=IF(A110="" - "",0,SUM(OFFSET(INDIRECT(""Budget!A""&MATCH(Report!A110,Budget!$A:$A,0)),0,IF(ytd,1,$B$5)+1,1,IF(ytd,$B$5,1))))","A110,Report!A110","Report!C110,Report!F110"
Report,C110,"=IF($B$157=0,"" - "",B110/$B$157)",B110,
Report,D110,"=IF(A110="" - "",0,-SUMIFS(Transactions!$J:$J,Transactions!$G:$G,A110,Transactions!$B:$B,"">=""&date_begin,Transactions!$B:$B,""<=""&date_end)+SUMIFS(Transactions!$I:$I,Transactions!$G:$G,A110,Transactions!$B:$B,"">=""&date_begin,Transactions!$B:$B,""<=""&date_end))",A110,"Report!E110,Report!F110"
Report,E110,"=IF($D$157=0,"" - "",D110/$D$157)",D110,
Report,F110,=B110-D110,"B110,D110",
Report,G110,,,
Report,A111, - ,,"Report!B111,Report!B111,Report!D111"
Report,B111,"=IF(A111="" - "",0,SUM(OFFSET(INDIRECT(""Budget!A""&MATCH(Report!A111,Budget!$A:$A,0)),0,IF(ytd,1,$B$5)+1,1,IF(ytd,$B$5,1))))","A111,Report!A111","Report!C111,Report!F111"
Report,C111,"=IF($B$157=0,"" - "",B111/$B$157)",B111,
Report,D111,"=IF(A111="" - "",0,-SUMIFS(Transactions!$J:$J,Transactions!$G:$G,A111,Transactions!$B:$B,"">=""&date_begin,Transactions!$B:$B,""<=""&date_end)+SUMIFS(Transactions!$I:$I,Transactions!$G:$G,A111,Transactions!$B:$B,"">=""&date_begin,Transactions!$B:$B,""<=""&date_end))",A111,"Report!E111,Report!F111"
Report,E111,"=IF($D$157=0,"" - "",D111/$D$157)",D111,
Report,F111,=B111-D111,"B111,D111",
Report,G111,,,
Report,A112, - ,,"Report!B112,Report!B112,Report!D112"
Report,B112,"=IF(A112="" - "",0,SUM(OFFSET(INDIRECT(""Budget!A""&MATCH(Report!A112,Budget!$A:$A,0)),0,IF(ytd,1,$B$5)+1,1,IF(ytd,$B$5,1))))","A112,Report!A112","Report!C112,Report!F112"
Report,C112,"=IF($B$157=0,"" - "",B112/$B$157)",B112,
Report,D112,"=IF(A112="" - "",0,-SUMIFS(Transactions!$J:$J,Transactions!$G:$G,A112,Transactions!$B:$B,"">=""&date_begin,Transactions!$B:$B,""<=""&date_end)+SUMIFS(Transactions!$I:$I,Transactions!$G:$G,A112,Transactions!$B:$B,"">=""&date_begin,Transactions!$B:$B,""<=""&date_end))",A112,"Report!E112,Report!F112"
Report,E112,"=IF($D$157=0,"" - "",D112/$D$157)",D112,
Report,F112,=B112-D112,"B112,D112",
Report,G112,,,
Report,A113, - ,,"Report!B113,Report!B113,Report!D113"
Report,B113,"=IF(A113="" - "",0,SUM(OFFSET(INDIRECT(""Budget!A""&MATCH(Report!A113,Budget!$A:$A,0)),0,IF(ytd,1,$B$5)+1,1,IF(ytd,$B$5,1))))","A113,Report!A113","Report!C113,Report!F113"
Report,C113,"=IF($B$157=0,"" - "",B113/$B$157)",B113,
Report,D113,"=IF(A113="" - "",0,-SUMIFS(Transactions!$J:$J,Transactions!$G:$G,A113,Transactions!$B:$B,"">=""&date_begin,Transactions!$B:$B,""<=""&date_end)+SUMIFS(Transactions!$I:$I,Transactions!$G:$G,A113,Transactions!$B:$B,"">=""&date_begin,Transactions!$B:$B,""<=""&date_end))",A113,"Report!E113,Report!F113"
Report,E113,"=IF($D$157=0,"" - "",D113/$D$157)",D113,
Report,F113,=B113-D113,"B113,D113",
Report,G113,,,
Report,A114, - ,,"Report!B114,Report!B114,Report!D114"
Report,B114,"=IF(A114="" - "",0,SUM(OFFSET(INDIRECT(""Budget!A""&MATCH(Report!A114,Budget!$A:$A,0)),0,IF(ytd,1,$B$5)+1,1,IF(ytd,$B$5,1))))","A114,Report!A114","Report!C114,Report!F114"
Report,C114,"=IF($B$157=0,"" - "",B114/$B$157)",B114,
Report,D114,"=IF(A114="" - "",0,-SUMIFS(Transactions!$J:$J,Transactions!$G:$G,A114,Transactions!$B:$B,"">=""&date_begin,Transactions!$B:$B,""<=""&date_end)+SUMIFS(Transactions!$I:$I,Transactions!$G:$G,A114,Transactions!$B:$B,"">=""&date_begin,Transactions!$B:$B,""<=""&date_end))",A114,"Report!E114,Report!F114"
Report,E114,"=IF($D$157=0,"" - "",D114/$D$157)",D114,
Report,F114,=B114-D114,"B114,D114",
Report,G114,,,
Report,A115, - ,,"Report!B115,Report!B115,Report!D115"
Report,B115,"=IF(A115="" - "",0,SUM(OFFSET(INDIRECT(""Budget!A""&MATCH(Report!A115,Budget!$A:$A,0)),0,IF(ytd,1,$B$5)+1,1,IF(ytd,$B$5,1))))","A115,Report!A115","Report!C115,Report!F115"
Report,C115,"=IF($B$157=0,"" - "",B115/$B$157)",B115,
Report,D115,"=IF(A115="" - "",0,-SUMIFS(Transactions!$J:$J,Transactions!$G:$G,A115,Transactions!$B:$B,"">=""&date_begin,Transactions!$B:$B,""<=""&date_end)+SUMIFS(Transactions!$I:$I,Transactions!$G:$G,A115,Transactions!$B:$B,"">=""&date_begin,Transactions!$B:$B,""<=""&date_end))",A115,"Report!E115,Report!F115"
Report,E115,"=IF($D$157=0,"" - "",D115/$D$157)",D115,
Report,F115,=B115-D115,"B115,D115",
Report,G115,,,
Report,A116, - ,,"Report!B116,Report!B116,Report!D116"
Report,B116,"=IF(A116="" - "",0,SUM(OFFSET(INDIRECT(""Budget!A""&MATCH(Report!A116,Budget!$A:$A,0)),0,IF(ytd,1,$B$5)+1,1,IF(ytd,$B$5,1))))","A116,Report!A116","Report!C116,Report!F116"
Report,C116,"=IF($B$157=0,"" - "",B116/$B$157)",B116,
Report,D116,"=IF(A116="" - "",0,-SUMIFS(Transactions!$J:$J,Transactions!$G:$G,A116,Transactions!$B:$B,"">=""&date_begin,Transactions!$B:$B,""<=""&date_end)+SUMIFS(Transactions!$I:$I,Transactions!$G:$G,A116,Transactions!$B:$B,"">=""&date_begin,Transactions!$B:$B,""<=""&date_end))",A116,"Report!E116,Report!F116"
Report,E116,"=IF($D$157=0,"" - "",D116/$D$157)",D116,
Report,F116,=B116-D116,"B116,D116",
Report,G116,,,
Report,A117, - ,,"Report!B117,Report!B117,Report!D117"
Report,B117,"=IF(A117="" - "",0,SUM(OFFSET(INDIRECT(""Budget!A""&MATCH(Report!A117,Budget!$A:$A,0)),0,IF(ytd,1,$B$5)+1,1,IF(ytd,$B$5,1))))","A117,Report!A117","Report!C117,Report!F117"
Report,C117,"=IF($B$157=0,"" - "",B117/$B$157)",B117,
Report,D117,"=IF(A117="" - "",0,-SUMIFS(Transactions!$J:$J,Transactions!$G:$G,A117,Transactions!$B:$B,"">=""&date_begin,Transactions!$B:$B,""<=""&date_end)+SUMIFS(Transactions!$I:$I,Transactions!$G:$G,A117,Transactions!$B:$B,"">=""&date_begin,Transactions!$B:$B,""<=""&date_end))",A117,"Report!E117,Report!F117"
Report,E117,"=IF($D$157=0,"" - "",D117/$D$157)",D117,
Report,F117,=B117-D117,"B117,D117",
Report,G117,,,
Report,A118, - ,,"Report!B118,Report!B118,Report!D118"
Report,B118,"=IF(A118="" - "",0,SUM(OFFSET(INDIRECT(""Budget!A""&MATCH(Report!A118,Budget!$A:$A,0)),0,IF(ytd,1,$B$5)+1,1,IF(ytd,$B$5,1))))","A118,Report!A118","Report!C118,Report!F118"
Report,C118,"=IF($B$157=0,"" - "",B118/$B$157)",B118,
Report,D118,"=IF(A118="" - "",0,-SUMIFS(Transactions!$J:$J,Transactions!$G:$G,A118,Transactions!$B:$B,"">=""&date_begin,Transactions!$B:$B,""<=""&date_end)+SUMIFS(Transactions!$I:$I,Transactions!$G:$G,A118,Transactions!$B:$B,"">=""&date_begin,Transactions!$B:$B,""<=""&date_end))",A118,"Report!E118,Report!F118"
Report,E118,"=IF($D$157=0,"" - "",D118/$D$157)",D118,
Report,F118,=B118-D118,"B118,D118",
Report,G118,,,
Report,A119, - ,,"Report!B119,Report!B119,Report!D119"
Report,B119,"=IF(A119="" - "",0,SUM(OFFSET(INDIRECT(""Budget!A""&MATCH(Report!A119,Budget!$A:$A,0)),0,IF(ytd,1,$B$5)+1,1,IF(ytd,$B$5,1))))","A119,Report!A119","Report!C119,Report!F119"
Report,C119,"=IF($B$157=0,"" - "",B119/$B$157)",B119,
Report,D119,"=IF(A119="" - "",0,-SUMIFS(Transactions!$J:$J,Transactions!$G:$G,A119,Transactions!$B:$B,"">=""&date_begin,Transactions!$B:$B,""<=""&date_end)+SUMIFS(Transactions!$I:$I,Transactions!$G:$G,A119,Transactions!$B:$B,"">=""&date_begin,Transactions!$B:$B,""<=""&date_end))",A119,"Report!E119,Report!F119"
Report,E119,"=IF($D$157=0,"" - "",D119/$D$157)",D119,
Report,F119,=B119-D119,"B119,D119",
Report,G119,,,
Report,A120, - ,,"Report!B120,Report!B120,Report!D120"
Report,B120,"=IF(A120="" - "",0,SUM(OFFSET(INDIRECT(""Budget!A""&MATCH(Report!A120,Budget!$A:$A,0)),0,IF(ytd,1,$B$5)+1,1,IF(ytd,$B$5,1))))","A120,Report!A120","Report!C120,Report!F120"
Report,C120,"=IF($B$157=0,"" - "",B120/$B$157)",B120,
Report,D120,"=IF(A120="" - "",0,-SUMIFS(Transactions!$J:$J,Transactions!$G:$G,A120,Transactions!$B:$B,"">=""&date_begin,Transactions!$B:$B,""<=""&date_end)+SUMIFS(Transactions!$I:$I,Transactions!$G:$G,A120,Transactions!$B:$B,"">=""&date_begin,Transactions!$B:$B,""<=""&date_end))",A120,"Report!E120,Report!F120"
Report,E120,"=IF($D$157=0,"" - "",D120/$D$157)",D120,
Report,F120,=B120-D120,"B120,D120",
Report,G120,,,
Report,A121, - ,,"Report!B121,Report!B121,Report!D121"
Report,B121,"=IF(A121="" - "",0,SUM(OFFSET(INDIRECT(""Budget!A""&MATCH(Report!A121,Budget!$A:$A,0)),0,IF(ytd,1,$B$5)+1,1,IF(ytd,$B$5,1))))","A121,Report!A121","Report!C121,Report!F121"
Report,C121,"=IF($B$157=0,"" - "",B121/$B$157)",B121,
Report,D121,"=IF(A121="" - "",0,-SUMIFS(Transactions!$J:$J,Transactions!$G:$G,A121,Transactions!$B:$B,"">=""&date_begin,Transactions!$B:$B,""<=""&date_end)+SUMIFS(Transactions!$I:$I,Transactions!$G:$G,A121,Transactions!$B:$B,"">=""&date_begin,Transactions!$B:$B,""<=""&date_end))",A121,"Report!E121,Report!F121"
Report,E121,"=IF($D$157=0,"" - "",D121/$D$157)",D121,
Report,F121,=B121-D121,"B121,D121",
Report,G121,,,
Report,A122, - ,,"Report!B122,Report!B122,Report!D122"
Report,B122,"=IF(A122="" - "",0,SUM(OFFSET(INDIRECT(""Budget!A""&MATCH(Report!A122,Budget!$A:$A,0)),0,IF(ytd,1,$B$5)+1,1,IF(ytd,$B$5,1))))","A122,Report!A122","Report!C122,Report!F122"
Report,C122,"=IF($B$157=0,"" - "",B122/$B$157)",B122,
Report,D122,"=IF(A122="" - "",0,-SUMIFS(Transactions!$J:$J,Transactions!$G:$G,A122,Transactions!$B:$B,"">=""&date_begin,Transactions!$B:$B,""<=""&date_end)+SUMIFS(Transactions!$I:$I,Transactions!$G:$G,A122,Transactions!$B:$B,"">=""&date_begin,Transactions!$B:$B,""<=""&date_end))",A122,"Report!E122,Report!F122"
Report,E122,"=IF($D$157=0,"" - "",D122/$D$157)",D122,
Report,F122,=B122-D122,"B122,D122",
Report,G122,,,
Report,A123, - ,,"Report!B123,Report!B123,Report!D123"
Report,B123,"=IF(A123="" - "",0,SUM(OFFSET(INDIRECT(""Budget!A""&MATCH(Report!A123,Budget!$A:$A,0)),0,IF(ytd,1,$B$5)+1,1,IF(ytd,$B$5,1))))","A123,Report!A123","Report!C123,Report!F123"
Report,C123,"=IF($B$157=0,"" - "",B123/$B$157)",B123,
Report,D123,"=IF(A123="" - "",0,-SUMIFS(Transactions!$J:$J,Transactions!$G:$G,A123,Transactions!$B:$B,"">=""&date_begin,Transactions!$B:$B,""<=""&date_end)+SUMIFS(Transactions!$I:$I,Transactions!$G:$G,A123,Transactions!$B:$B,"">=""&date_begin,Transactions!$B:$B,""<=""&date_end))",A123,"Report!E123,Report!F123"
Report,E123,"=IF($D$157=0,"" - "",D123/$D$157)",D123,
Report,F123,=B123-D123,"B123,D123",
Report,G123,,,
Report,A124, - ,,"Report!B124,Report!B124,Report!D124"
Report,B124,"=IF(A124="" - "",0,SUM(OFFSET(INDIRECT(""Budget!A""&MATCH(Report!A124,Budget!$A:$A,0)),0,IF(ytd,1,$B$5)+1,1,IF(ytd,$B$5,1))))","A124,Report!A124","Report!C124,Report!F124"
Report,C124,"=IF($B$157=0,"" - "",B124/$B$157)",B124,
Report,D124,"=IF(A124="" - "",0,-SUMIFS(Transactions!$J:$J,Transactions!$G:$G,A124,Transactions!$B:$B,"">=""&date_begin,Transactions!$B:$B,""<=""&date_end)+SUMIFS(Transactions!$I:$I,Transactions!$G:$G,A124,Transactions!$B:$B,"">=""&date_begin,Transactions!$B:$B,""<=""&date_end))",A124,"Report!E124,Report!F124"
Report,E124,"=IF($D$157=0,"" - "",D124/$D$157)",D124,
Report,F124,=B124-D124,"B124,D124",
Report,G124,,,
Report,A125, - ,,"Report!B125,Report!B125,Report!D125"
Report,B125,"=IF(A125="" - "",0,SUM(OFFSET(INDIRECT(""Budget!A""&MATCH(Report!A125,Budget!$A:$A,0)),0,IF(ytd,1,$B$5)+1,1,IF(ytd,$B$5,1))))","A125,Report!A125","Report!C125,Report!F125"
Report,C125,"=IF($B$157=0,"" - "",B125/$B$157)",B125,
Report,D125,"=IF(A125="" - "",0,-SUMIFS(Transactions!$J:$J,Transactions!$G:$G,A125,Transactions!$B:$B,"">=""&date_begin,Transactions!$B:$B,""<=""&date_end)+SUMIFS(Transactions!$I:$I,Transactions!$G:$G,A125,Transactions!$B:$B,"">=""&date_begin,Transactions!$B:$B,""<=""&date_end))",A125,"Report!E125,Report!F125"
Report,E125,"=IF($D$157=0,"" - "",D125/$D$157)",D125,
Report,F125,=B125-D125,"B125,D125",
Report,G125,,,
Report,A126, - ,,"Report!B126,Report!B126,Report!D126"
Report,B126,"=IF(A126="" - "",0,SUM(OFFSET(INDIRECT(""Budget!A""&MATCH(Report!A126,Budget!$A:$A,0)),0,IF(ytd,1,$B$5)+1,1,IF(ytd,$B$5,1))))","A126,Report!A126","Report!C126,Report!F126"
Report,C126,"=IF($B$157=0,"" - "",B126/$B$157)",B126,
Report,D126,"=IF(A126="" - "",0,-SUMIFS(Transactions!$J:$J,Transactions!$G:$G,A126,Transactions!$B:$B,"">=""&date_begin,Transactions!$B:$B,""<=""&date_end)+SUMIFS(Transactions!$I:$I,Transactions!$G:$G,A126,Transactions!$B:$B,"">=""&date_begin,Transactions!$B:$B,""<=""&date_end))",A126,"Report!E126,Report!F126"
Report,E126,"=IF($D$157=0,"" - "",D126/$D$157)",D126,
Report,F126,=B126-D126,"B126,D126",
Report,G126,,,
Report,A127, - ,,"Report!B127,Report!B127,Report!D127"
Report,B127,"=IF(A127="" - "",0,SUM(OFFSET(INDIRECT(""Budget!A""&MATCH(Report!A127,Budget!$A:$A,0)),0,IF(ytd,1,$B$5)+1,1,IF(ytd,$B$5,1))))","A127,Report!A127","Report!C127,Report!F127"
Report,C127,"=IF($B$157=0,"" - "",B127/$B$157)",B127,
Report,D127,"=IF(A127="" - "",0,-SUMIFS(Transactions!$J:$J,Transactions!$G:$G,A127,Transactions!$B:$B,"">=""&date_begin,Transactions!$B:$B,""<=""&date_end)+SUMIFS(Transactions!$I:$I,Transactions!$G:$G,A127,Transactions!$B:$B,"">=""&date_begin,Transactions!$B:$B,""<=""&date_end))",A127,"Report!E127,Report!F127"
Report,E127,"=IF($D$157=0,"" - "",D127/$D$157)",D127,
Report,F127,=B127-D127,"B127,D127",
Report,G127,,,
Report,A128, - ,,"Report!B128,Report!B128,Report!D128"
Report,B128,"=IF(A128="" - "",0,SUM(OFFSET(INDIRECT(""Budget!A""&MATCH(Report!A128,Budget!$A:$A,0)),0,IF(ytd,1,$B$5)+1,1,IF(ytd,$B$5,1))))","A128,Report!A128","Report!C128,Report!F128"
Report,C128,"=IF($B$157=0,"" - "",B128/$B$157)",B128,
Report,D128,"=IF(A128="" - "",0,-SUMIFS(Transactions!$J:$J,Transactions!$G:$G,A128,Transactions!$B:$B,"">=""&date_begin,Transactions!$B:$B,""<=""&date_end)+SUMIFS(Transactions!$I:$I,Transactions!$G:$G,A128,Transactions!$B:$B,"">=""&date_begin,Transactions!$B:$B,""<=""&date_end))",A128,"Report!E128,Report!F128"
Report,E128,"=IF($D$157=0,"" - "",D128/$D$157)",D128,
Report,F128,=B128-D128,"B128,D128",
Report,G128,,,
Report,A129, - ,,"Report!B129,Report!B129,Report!D129"
Report,B129,"=IF(A129="" - "",0,SUM(OFFSET(INDIRECT(""Budget!A""&MATCH(Report!A129,Budget!$A:$A,0)),0,IF(ytd,1,$B$5)+1,1,IF(ytd,$B$5,1))))","A129,Report!A129","Report!C129,Report!F129"
Report,C129,"=IF($B$157=0,"" - "",B129/$B$157)",B129,
Report,D129,"=IF(A129="" - "",0,-SUMIFS(Transactions!$J:$J,Transactions!$G:$G,A129,Transactions!$B:$B,"">=""&date_begin,Transactions!$B:$B,""<=""&date_end)+SUMIFS(Transactions!$I:$I,Transactions!$G:$G,A129,Transactions!$B:$B,"">=""&date_begin,Transactions!$B:$B,""<=""&date_end))",A129,"Report!E129,Report!F129"
Report,E129,"=IF($D$157=0,"" - "",D129/$D$157)",D129,
Report,F129,=B129-D129,"B129,D129",
Report,G129,,,
Report,A130, - ,,"Report!B130,Report!B130,Report!D130"
Report,B130,"=IF(A130="" - "",0,SUM(OFFSET(INDIRECT(""Budget!A""&MATCH(Report!A130,Budget!$A:$A,0)),0,IF(ytd,1,$B$5)+1,1,IF(ytd,$B$5,1))))","A130,Report!A130","Report!C130,Report!F130"
Report,C130,"=IF($B$157=0,"" - "",B130/$B$157)",B130,
Report,D130,"=IF(A130="" - "",0,-SUMIFS(Transactions!$J:$J,Transactions!$G:$G,A130,Transactions!$B:$B,"">=""&date_begin,Transactions!$B:$B,""<=""&date_end)+SUMIFS(Transactions!$I:$I,Transactions!$G:$G,A130,Transactions!$B:$B,"">=""&date_begin,Transactions!$B:$B,""<=""&date_end))",A130,"Report!E130,Report!F130"
Report,E130,"=IF($D$157=0,"" - "",D130/$D$157)",D130,
Report,F130,=B130-D130,"B130,D130",
Report,G130,,,
Report,A131, - ,,"Report!B131,Report!B131,Report!D131"
Report,B131,"=IF(A131="" - "",0,SUM(OFFSET(INDIRECT(""Budget!A""&MATCH(Report!A131,Budget!$A:$A,0)),0,IF(ytd,1,$B$5)+1,1,IF(ytd,$B$5,1))))","A131,Report!A131","Report!C131,Report!F131"
Report,C131,"=IF($B$157=0,"" - "",B131/$B$157)",B131,
Report,D131,"=IF(A131="" - "",0,-SUMIFS(Transactions!$J:$J,Transactions!$G:$G,A131,Transactions!$B:$B,"">=""&date_begin,Transactions!$B:$B,""<=""&date_end)+SUMIFS(Transactions!$I:$I,Transactions!$G:$G,A131,Transactions!$B:$B,"">=""&date_begin,Transactions!$B:$B,""<=""&date_end))",A131,"Report!E131,Report!F131"
Report,E131,"=IF($D$157=0,"" - "",D131/$D$157)",D131,
Report,F131,=B131-D131,"B131,D131",
Report,G131,,,
Report,A132, - ,,"Report!B132,Report!B132,Report!D132"
Report,B132,"=IF(A132="" - "",0,SUM(OFFSET(INDIRECT(""Budget!A""&MATCH(Report!A132,Budget!$A:$A,0)),0,IF(ytd,1,$B$5)+1,1,IF(ytd,$B$5,1))))","A132,Report!A132","Report!C132,Report!F132"
Report,C132,"=IF($B$157=0,"" - "",B132/$B$157)",B132,
Report,D132,"=IF(A132="" - "",0,-SUMIFS(Transactions!$J:$J,Transactions!$G:$G,A132,Transactions!$B:$B,"">=""&date_begin,Transactions!$B:$B,""<=""&date_end)+SUMIFS(Transactions!$I:$I,Transactions!$G:$G,A132,Transactions!$B:$B,"">=""&date_begin,Transactions!$B:$B,""<=""&date_end))",A132,"Report!E132,Report!F132"
Report,E132,"=IF($D$157=0,"" - "",D132/$D$157)",D132,
Report,F132,=B132-D132,"B132,D132",
Report,G132,,,
Report,A133, - ,,"Report!B133,Report!B133,Report!D133"
Report,B133,"=IF(A133="" - "",0,SUM(OFFSET(INDIRECT(""Budget!A""&MATCH(Report!A133,Budget!$A:$A,0)),0,IF(ytd,1,$B$5)+1,1,IF(ytd,$B$5,1))))","A133,Report!A133","Report!C133,Report!F133"
Report,C133,"=IF($B$157=0,"" - "",B133/$B$157)",B133,
Report,D133,"=IF(A133="" - "",0,-SUMIFS(Transactions!$J:$J,Transactions!$G:$G,A133,Transactions!$B:$B,"">=""&date_begin,Transactions!$B:$B,""<=""&date_end)+SUMIFS(Transactions!$I:$I,Transactions!$G:$G,A133,Transactions!$B:$B,"">=""&date_begin,Transactions!$B:$B,""<=""&date_end))",A133,"Report!E133,Report!F133"
Report,E133,"=IF($D$157=0,"" - "",D133/$D$157)",D133,
Report,F133,=B133-D133,"B133,D133",
Report,G133,,,
Report,A134, - ,,"Report!B134,Report!B134,Report!D134"
Report,B134,"=IF(A134="" - "",0,SUM(OFFSET(INDIRECT(""Budget!A""&MATCH(Report!A134,Budget!$A:$A,0)),0,IF(ytd,1,$B$5)+1,1,IF(ytd,$B$5,1))))","A134,Report!A134","Report!C134,Report!F134"
Report,C134,"=IF($B$157=0,"" - "",B134/$B$157)",B134,
Report,D134,"=IF(A134="" - "",0,-SUMIFS(Transactions!$J:$J,Transactions!$G:$G,A134,Transactions!$B:$B,"">=""&date_begin,Transactions!$B:$B,""<=""&date_end)+SUMIFS(Transactions!$I:$I,Transactions!$G:$G,A134,Transactions!$B:$B,"">=""&date_begin,Transactions!$B:$B,""<=""&date_end))",A134,"Report!E134,Report!F134"
Report,E134,"=IF($D$157=0,"" - "",D134/$D$157)",D134,
Report,F134,=B134-D134,"B134,D134",
Report,G134,,,
Report,A135, - ,,"Report!B135,Report!B135,Report!D135"
Report,B135,"=IF(A135="" - "",0,SUM(OFFSET(INDIRECT(""Budget!A""&MATCH(Report!A135,Budget!$A:$A,0)),0,IF(ytd,1,$B$5)+1,1,IF(ytd,$B$5,1))))","A135,Report!A135","Report!C135,Report!F135"
Report,C135,"=IF($B$157=0,"" - "",B135/$B$157)",B135,
Report,D135,"=IF(A135="" - "",0,-SUMIFS(Transactions!$J:$J,Transactions!$G:$G,A135,Transactions!$B:$B,"">=""&date_begin,Transactions!$B:$B,""<=""&date_end)+SUMIFS(Transactions!$I:$I,Transactions!$G:$G,A135,Transactions!$B:$B,"">=""&date_begin,Transactions!$B:$B,""<=""&date_end))",A135,"Report!E135,Report!F135"
Report,E135,"=IF($D$157=0,"" - "",D135/$D$157)",D135,
Report,F135,=B135-D135,"B135,D135",
Report,G135,,,
Report,A136, - ,,"Report!B136,Report!B136,Report!D136"
Report,B136,"=IF(A136="" - "",0,SUM(OFFSET(INDIRECT(""Budget!A""&MATCH(Report!A136,Budget!$A:$A,0)),0,IF(ytd,1,$B$5)+1,1,IF(ytd,$B$5,1))))","A136,Report!A136","Report!C136,Report!F136"
Report,C136,"=IF($B$157=0,"" - "",B136/$B$157)",B136,
Report,D136,"=IF(A136="" - "",0,-SUMIFS(Transactions!$J:$J,Transactions!$G:$G,A136,Transactions!$B:$B,"">=""&date_begin,Transactions!$B:$B,""<=""&date_end)+SUMIFS(Transactions!$I:$I,Transactions!$G:$G,A136,Transactions!$B:$B,"">=""&date_begin,Transactions!$B:$B,""<=""&date_end))",A136,"Report!E136,Report!F136"
Report,E136,"=IF($D$157=0,"" - "",D136/$D$157)",D136,
Report,F136,=B136-D136,"B136,D136",
Report,G136,,,
Report,A137, - ,,"Report!B137,Report!B137,Report!D137"
Report,B137,"=IF(A137="" - "",0,SUM(OFFSET(INDIRECT(""Budget!A""&MATCH(Report!A137,Budget!$A:$A,0)),0,IF(ytd,1,$B$5)+1,1,IF(ytd,$B$5,1))))","A137,Report!A137","Report!C137,Report!F137"
Report,C137,"=IF($B$157=0,"" - "",B137/$B$157)",B137,
Report,D137,"=IF(A137="" - "",0,-SUMIFS(Transactions!$J:$J,Transactions!$G:$G,A137,Transactions!$B:$B,"">=""&date_begin,Transactions!$B:$B,""<=""&date_end)+SUMIFS(Transactions!$I:$I,Transactions!$G:$G,A137,Transactions!$B:$B,"">=""&date_begin,Transactions!$B:$B,""<=""&date_end))",A137,"Report!E137,Report!F137"
Report,E137,"=IF($D$157=0,"" - "",D137/$D$157)",D137,
Report,F137,=B137-D137,"B137,D137",
Report,G137,,,
Report,A138, - ,,"Report!B138,Report!B138,Report!D138"
Report,B138,"=IF(A138="" - "",0,SUM(OFFSET(INDIRECT(""Budget!A""&MATCH(Report!A138,Budget!$A:$A,0)),0,IF(ytd,1,$B$5)+1,1,IF(ytd,$B$5,1))))","A138,Report!A138","Report!C138,Report!F138"
Report,C138,"=IF($B$157=0,"" - "",B138/$B$157)",B138,
Report,D138,"=IF(A138="" - "",0,-SUMIFS(Transactions!$J:$J,Transactions!$G:$G,A138,Transactions!$B:$B,"">=""&date_begin,Transactions!$B:$B,""<=""&date_end)+SUMIFS(Transactions!$I:$I,Transactions!$G:$G,A138,Transactions!$B:$B,"">=""&date_begin,Transactions!$B:$B,""<=""&date_end))",A138,"Report!E138,Report!F138"
Report,E138,"=IF($D$157=0,"" - "",D138/$D$157)",D138,
Report,F138,=B138-D138,"B138,D138",
Report,G138,,,
Report,A139, - ,,"Report!B139,Report!B139,Report!D139"
Report,B139,"=IF(A139="" - "",0,SUM(OFFSET(INDIRECT(""Budget!A""&MATCH(Report!A139,Budget!$A:$A,0)),0,IF(ytd,1,$B$5)+1,1,IF(ytd,$B$5,1))))","A139,Report!A139","Report!C139,Report!F139"
Report,C139,"=IF($B$157=0,"" - "",B139/$B$157)",B139,
Report,D139,"=IF(A139="" - "",0,-SUMIFS(Transactions!$J:$J,Transactions!$G:$G,A139,Transactions!$B:$B,"">=""&date_begin,Transactions!$B:$B,""<=""&date_end)+SUMIFS(Transactions!$I:$I,Transactions!$G:$G,A139,Transactions!$B:$B,"">=""&date_begin,Transactions!$B:$B,""<=""&date_end))",A139,"Report!E139,Report!F139"
Report,E139,"=IF($D$157=0,"" - "",D139/$D$157)",D139,
Report,F139,=B139-D139,"B139,D139",
Report,G139,,,
Report,A140, - ,,"Report!B140,Report!B140,Report!D140"
Report,B140,"=IF(A140="" - "",0,SUM(OFFSET(INDIRECT(""Budget!A""&MATCH(Report!A140,Budget!$A:$A,0)),0,IF(ytd,1,$B$5)+1,1,IF(ytd,$B$5,1))))","A140,Report!A140","Report!C140,Report!F140"
Report,C140,"=IF($B$157=0,"" - "",B140/$B$157)",B140,
Report,D140,"=IF(A140="" - "",0,-SUMIFS(Transactions!$J:$J,Transactions!$G:$G,A140,Transactions!$B:$B,"">=""&date_begin,Transactions!$B:$B,""<=""&date_end)+SUMIFS(Transactions!$I:$I,Transactions!$G:$G,A140,Transactions!$B:$B,"">=""&date_begin,Transactions!$B:$B,""<=""&date_end))",A140,"Report!E140,Report!F140"
Report,E140,"=IF($D$157=0,"" - "",D140/$D$157)",D140,
Report,F140,=B140-D140,"B140,D140",
Report,G140,,,
Report,A141, - ,,"Report!B141,Report!B141,Report!D141"
Report,B141,"=IF(A141="" - "",0,SUM(OFFSET(INDIRECT(""Budget!A""&MATCH(Report!A141,Budget!$A:$A,0)),0,IF(ytd,1,$B$5)+1,1,IF(ytd,$B$5,1))))","A141,Report!A141","Report!C141,Report!F141"
Report,C141,"=IF($B$157=0,"" - "",B141/$B$157)",B141,
Report,D141,"=IF(A141="" - "",0,-SUMIFS(Transactions!$J:$J,Transactions!$G:$G,A141,Transactions!$B:$B,"">=""&date_begin,Transactions!$B:$B,""<=""&date_end)+SUMIFS(Transactions!$I:$I,Transactions!$G:$G,A141,Transactions!$B:$B,"">=""&date_begin,Transactions!$B:$B,""<=""&date_end))",A141,"Report!E141,Report!F141"
Report,E141,"=IF($D$157=0,"" - "",D141/$D$157)",D141,
Report,F141,=B141-D141,"B141,D141",
Report,G141,,,
Report,A142, - ,,"Report!B142,Report!B142,Report!D142"
Report,B142,"=IF(A142="" - "",0,SUM(OFFSET(INDIRECT(""Budget!A""&MATCH(Report!A142,Budget!$A:$A,0)),0,IF(ytd,1,$B$5)+1,1,IF(ytd,$B$5,1))))","A142,Report!A142","Report!C142,Report!F142"
Report,C142,"=IF($B$157=0,"" - "",B142/$B$157)",B142,
Report,D142,"=IF(A142="" - "",0,-SUMIFS(Transactions!$J:$J,Transactions!$G:$G,A142,Transactions!$B:$B,"">=""&date_begin,Transactions!$B:$B,""<=""&date_end)+SUMIFS(Transactions!$I:$I,Transactions!$G:$G,A142,Transactions!$B:$B,"">=""&date_begin,Transactions!$B:$B,""<=""&date_end))",A142,"Report!E142,Report!F142"
Report,E142,"=IF($D$157=0,"" - "",D142/$D$157)",D142,
Report,F142,=B142-D142,"B142,D142",
Report,G142,,,
Report,A143, - ,,"Report!B143,Report!B143,Report!D143"
Report,B143,"=IF(A143="" - "",0,SUM(OFFSET(INDIRECT(""Budget!A""&MATCH(Report!A143,Budget!$A:$A,0)),0,IF(ytd,1,$B$5)+1,1,IF(ytd,$B$5,1))))","A143,Report!A143","Report!C143,Report!F143"
Report,C143,"=IF($B$157=0,"" - "",B143/$B$157)",B143,
Report,D143,"=IF(A143="" - "",0,-SUMIFS(Transactions!$J:$J,Transactions!$G:$G,A143,Transactions!$B:$B,"">=""&date_begin,Transactions!$B:$B,""<=""&date_end)+SUMIFS(Transactions!$I:$I,Transactions!$G:$G,A143,Transactions!$B:$B,"">=""&date_begin,Transactions!$B:$B,""<=""&date_end))",A143,"Report!E143,Report!F143"
Report,E143,"=IF($D$157=0,"" - "",D143/$D$157)",D143,
Report,F143,=B143-D143,"B143,D143",
Report,G143,,,
Report,A144, - ,,"Report!B144,Report!B144,Report!D144"
Report,B144,"=IF(A144="" - "",0,SUM(OFFSET(INDIRECT(""Budget!A""&MATCH(Report!A144,Budget!$A:$A,0)),0,IF(ytd,1,$B$5)+1,1,IF(ytd,$B$5,1))))","A144,Report!A144","Report!C144,Report!F144"
Report,C144,"=IF($B$157=0,"" - "",B144/$B$157)",B144,
Report,D144,"=IF(A144="" - "",0,-SUMIFS(Transactions!$J:$J,Transactions!$G:$G,A144,Transactions!$B:$B,"">=""&date_begin,Transactions!$B:$B,""<=""&date_end)+SUMIFS(Transactions!$I:$I,Transactions!$G:$G,A144,Transactions!$B:$B,"">=""&date_begin,Transactions!$B:$B,""<=""&date_end))",A144,"Report!E144,Report!F144"
Report,E144,"=IF($D$157=0,"" - "",D144/$D$157)",D144,
Report,F144,=B144-D144,"B144,D144",
Report,G144,,,
Report,A145, - ,,"Report!B145,Report!B145,Report!D145"
Report,B145,"=IF(A145="" - "",0,SUM(OFFSET(INDIRECT(""Budget!A""&MATCH(Report!A145,Budget!$A:$A,0)),0,IF(ytd,1,$B$5)+1,1,IF(ytd,$B$5,1))))","A145,Report!A145","Report!C145,Report!F145"
Report,C145,"=IF($B$157=0,"" - "",B145/$B$157)",B145,
Report,D145,"=IF(A145="" - "",0,-SUMIFS(Transactions!$J:$J,Transactions!$G:$G,A145,Transactions!$B:$B,"">=""&date_begin,Transactions!$B:$B,""<=""&date_end)+SUMIFS(Transactions!$I:$I,Transactions!$G:$G,A145,Transactions!$B:$B,"">=""&date_begin,Transactions!$B:$B,""<=""&date_end))",A145,"Report!E145,Report!F145"
Report,E145,"=IF($D$157=0,"" - "",D145/$D$157)",D145,
Report,F145,=B145-D145,"B145,D145",
Report,G145,,,
Report,A146, - ,,"Report!B146,Report!B146,Report!D146"
Report,B146,"=IF(A146="" - "",0,SUM(OFFSET(INDIRECT(""Budget!A""&MATCH(Report!A146,Budget!$A:$A,0)),0,IF(ytd,1,$B$5)+1,1,IF(ytd,$B$5,1))))","A146,Report!A146","Report!C146,Report!F146"
Report,C146,"=IF($B$157=0,"" - "",B146/$B$157)",B146,
Report,D146,"=IF(A146="" - "",0,-SUMIFS(Transactions!$J:$J,Transactions!$G:$G,A146,Transactions!$B:$B,"">=""&date_begin,Transactions!$B:$B,""<=""&date_end)+SUMIFS(Transactions!$I:$I,Transactions!$G:$G,A146,Transactions!$B:$B,"">=""&date_begin,Transactions!$B:$B,""<=""&date_end))",A146,"Report!E146,Report!F146"
Report,E146,"=IF($D$157=0,"" - "",D146/$D$157)",D146,
Report,F146,=B146-D146,"B146,D146",
Report,G146,,,
Report,A147, - ,,"Report!B147,Report!B147,Report!D147"
Report,B147,"=IF(A147="" - "",0,SUM(OFFSET(INDIRECT(""Budget!A""&MATCH(Report!A147,Budget!$A:$A,0)),0,IF(ytd,1,$B$5)+1,1,IF(ytd,$B$5,1))))","A147,Report!A147","Report!C147,Report!F147"
Report,C147,"=IF($B$157=0,"" - "",B147/$B$157)",B147,
Report,D147,"=IF(A147="" - "",0,-SUMIFS(Transactions!$J:$J,Transactions!$G:$G,A147,Transactions!$B:$B,"">=""&date_begin,Transactions!$B:$B,""<=""&date_end)+SUMIFS(Transactions!$I:$I,Transactions!$G:$G,A147,Transactions!$B:$B,"">=""&date_begin,Transactions!$B:$B,""<=""&date_end))",A147,"Report!E147,Report!F147"
Report,E147,"=IF($D$157=0,"" - "",D147/$D$157)",D147,
Report,F147,=B147-D147,"B147,D147",
Report,G147,,,
Report,A148, - ,,"Report!B148,Report!B148,Report!D148"
Report,B148,"=IF(A148="" - "",0,SUM(OFFSET(INDIRECT(""Budget!A""&MATCH(Report!A148,Budget!$A:$A,0)),0,IF(ytd,1,$B$5)+1,1,IF(ytd,$B$5,1))))","A148,Report!A148","Report!C148,Report!F148"
Report,C148,"=IF($B$157=0,"" - "",B148/$B$157)",B148,
Report,D148,"=IF(A148="" - "",0,-SUMIFS(Transactions!$J:$J,Transactions!$G:$G,A148,Transactions!$B:$B,"">=""&date_begin,Transactions!$B:$B,""<=""&date_end)+SUMIFS(Transactions!$I:$I,Transactions!$G:$G,A148,Transactions!$B:$B,"">=""&date_begin,Transactions!$B:$B,""<=""&date_end))",A148,"Report!E148,Report!F148"
Report,E148,"=IF($D$157=0,"" - "",D148/$D$157)",D148,
Report,F148,=B148-D148,"B148,D148",
Report,G148,,,
Report,A149, - ,,"Report!B149,Report!B149,Report!D149"
Report,B149,"=IF(A149="" - "",0,SUM(OFFSET(INDIRECT(""Budget!A""&MATCH(Report!A149,Budget!$A:$A,0)),0,IF(ytd,1,$B$5)+1,1,IF(ytd,$B$5,1))))","A149,Report!A149","Report!C149,Report!F149"
Report,C149,"=IF($B$157=0,"" - "",B149/$B$157)",B149,
Report,D149,"=IF(A149="" - "",0,-SUMIFS(Transactions!$J:$J,Transactions!$G:$G,A149,Transactions!$B:$B,"">=""&date_begin,Transactions!$B:$B,""<=""&date_end)+SUMIFS(Transactions!$I:$I,Transactions!$G:$G,A149,Transactions!$B:$B,"">=""&date_begin,Transactions!$B:$B,""<=""&date_end))",A149,"Report!E149,Report!F149"
Report,E149,"=IF($D$157=0,"" - "",D149/$D$157)",D149,
Report,F149,=B149-D149,"B149,D149",
Report,G149,,,
Report,A150, - ,,"Report!B150,Report!B150,Report!D150"
Report,B150,"=IF(A150="" - "",0,SUM(OFFSET(INDIRECT(""Budget!A""&MATCH(Report!A150,Budget!$A:$A,0)),0,IF(ytd,1,$B$5)+1,1,IF(ytd,$B$5,1))))","A150,Report!A150","Report!C150,Report!F150"
Report,C150,"=IF($B$157=0,"" - "",B150/$B$157)",B150,
Report,D150,"=IF(A150="" - "",0,-SUMIFS(Transactions!$J:$J,Transactions!$G:$G,A150,Transactions!$B:$B,"">=""&date_begin,Transactions!$B:$B,""<=""&date_end)+SUMIFS(Transactions!$I:$I,Transactions!$G:$G,A150,Transactions!$B:$B,"">=""&date_begin,Transactions!$B:$B,""<=""&date_end))",A150,"Report!E150,Report!F150"
Report,E150,"=IF($D$157=0,"" - "",D150/$D$157)",D150,
Report,F150,=B150-D150,"B150,D150",
Report,G150,,,
Report,A151, - ,,"Report!B151,Report!B151,Report!D151"
Report,B151,"=IF(A151="" - "",0,SUM(OFFSET(INDIRECT(""Budget!A""&MATCH(Report!A151,Budget!$A:$A,0)),0,IF(ytd,1,$B$5)+1,1,IF(ytd,$B$5,1))))","A151,Report!A151","Report!C151,Report!F151"
Report,C151,"=IF($B$157=0,"" - "",B151/$B$157)",B151,
Report,D151,"=IF(A151="" - "",0,-SUMIFS(Transactions!$J:$J,Transactions!$G:$G,A151,Transactions!$B:$B,"">=""&date_begin,Transactions!$B:$B,""<=""&date_end)+SUMIFS(Transactions!$I:$I,Transactions!$G:$G,A151,Transactions!$B:$B,"">=""&date_begin,Transactions!$B:$B,""<=""&date_end))",A151,"Report!E151,Report!F151"
Report,E151,"=IF($D$157=0,"" - "",D151/$D$157)",D151,
Report,F151,=B151-D151,"B151,D151",
Report,G151,,,
Report,A152, - ,,"Report!B152,Report!B152,Report!D152"
Report,B152,"=IF(A152="" - "",0,SUM(OFFSET(INDIRECT(""Budget!A""&MATCH(Report!A152,Budget!$A:$A,0)),0,IF(ytd,1,$B$5)+1,1,IF(ytd,$B$5,1))))","A152,Report!A152","Report!C152,Report!F152"
Report,C152,"=IF($B$157=0,"" - "",B152/$B$157)",B152,
Report,D152,"=IF(A152="" - "",0,-SUMIFS(Transactions!$J:$J,Transactions!$G:$G,A152,Transactions!$B:$B,"">=""&date_begin,Transactions!$B:$B,""<=""&date_end)+SUMIFS(Transactions!$I:$I,Transactions!$G:$G,A152,Transactions!$B:$B,"">=""&date_begin,Transactions!$B:$B,""<=""&date_end))",A152,"Report!E152,Report!F152"
Report,E152,"=IF($D$157=0,"" - "",D152/$D$157)",D152,
Report,F152,=B152-D152,"B152,D152",
Report,G152,,,
Report,A153, - ,,"Report!B153,Report!B153,Report!D153"
Report,B153,"=IF(A153="" - "",0,SUM(OFFSET(INDIRECT(""Budget!A""&MATCH(Report!A153,Budget!$A:$A,0)),0,IF(ytd,1,$B$5)+1,1,IF(ytd,$B$5,1))))","A153,Report!A153","Report!C153,Report!F153"
Report,C153,"=IF($B$157=0,"" - "",B153/$B$157)",B153,
Report,D153,"=IF(A153="" - "",0,-SUMIFS(Transactions!$J:$J,Transactions!$G:$G,A153,Transactions!$B:$B,"">=""&date_begin,Transactions!$B:$B,""<=""&date_end)+SUMIFS(Transactions!$I:$I,Transactions!$G:$G,A153,Transactions!$B:$B,"">=""&date_begin,Transactions!$B:$B,""<=""&date_end))",A153,"Report!E153,Report!F153"
Report,E153,"=IF($D$157=0,"" - "",D153/$D$157)",D153,
Report,F153,=B153-D153,"B153,D153",
Report,G153,,,
Report,A154, - ,,"Report!B154,Report!B154,Report!D154"
Report,B154,"=IF(A154="" - "",0,SUM(OFFSET(INDIRECT(""Budget!A""&MATCH(Report!A154,Budget!$A:$A,0)),0,IF(ytd,1,$B$5)+1,1,IF(ytd,$B$5,1))))","A154,Report!A154","Report!C154,Report!F154"
Report,C154,"=IF($B$157=0,"" - "",B154/$B$157)",B154,
Report,D154,"=IF(A154="" - "",0,-SUMIFS(Transactions!$J:$J,Transactions!$G:$G,A154,Transactions!$B:$B,"">=""&date_begin,Transactions!$B:$B,""<=""&date_end)+SUMIFS(Transactions!$I:$I,Transactions!$G:$G,A154,Transactions!$B:$B,"">=""&date_begin,Transactions!$B:$B,""<=""&date_end))",A154,"Report!E154,Report!F154"
Report,E154,"=IF($D$157=0,"" - "",D154/$D$157)",D154,
Report,F154,=B154-D154,"B154,D154",
Report,G154,,,
Report,A155, - ,,"Report!B155,Report!B155,Report!D155"
Report,B155,"=IF(A155="" - "",0,SUM(OFFSET(INDIRECT(""Budget!A""&MATCH(Report!A155,Budget!$A:$A,0)),0,IF(ytd,1,$B$5)+1,1,IF(ytd,$B$5,1))))","A155,Report!A155","Report!C155,Report!F155"
Report,C155,"=IF($B$157=0,"" - "",B155/$B$157)",B155,
Report,D155,"=IF(A155="" - "",0,-SUMIFS(Transactions!$J:$J,Transactions!$G:$G,A155,Transactions!$B:$B,"">=""&date_begin,Transactions!$B:$B,""<=""&date_end)+SUMIFS(Transactions!$I:$I,Transactions!$G:$G,A155,Transactions!$B:$B,"">=""&date_begin,Transactions!$B:$B,""<=""&date_end))",A155,"Report!E155,Report!F155"
Report,E155,"=IF($D$157=0,"" - "",D155/$D$157)",D155,
Report,F155,=B155-D155,"B155,D155",
Report,G155,,,
Report,A156, - ,,"Report!B156,Report!B156,Report!D156"
Report,B156,"=IF(A156="" - "",0,SUM(OFFSET(INDIRECT(""Budget!A""&MATCH(Report!A156,Budget!$A:$A,0)),0,IF(ytd,1,$B$5)+1,1,IF(ytd,$B$5,1))))","A156,Report!A156","Report!C156,Report!F156,Report!B157"
Report,C156,"=IF($B$157=0,"" - "",B156/$B$157)",B156,
Report,D156,"=IF(A156="" - "",0,-SUMIFS(Transactions!$J:$J,Transactions!$G:$G,A156,Transactions!$B:$B,"">=""&date_begin,Transactions!$B:$B,""<=""&date_end)+SUMIFS(Transactions!$I:$I,Transactions!$G:$G,A156,Transactions!$B:$B,"">=""&date_begin,Transactions!$B:$B,""<=""&date_end))",A156,"Report!E156,Report!F156,Report!D157"
Report,E156,"=IF($D$157=0,"" - "",D156/$D$157)",D156,
Report,F156,=B156-D156,"B156,D156",Report!F157
Report,G156,,,
Report,A157,Total Expenses,,
Report,B157,=SUM(B56:B156),"B56,B156",Report!B11
Report,C157,,,
Report,D157,=SUM(D56:D156),"D56,D156",Report!D11
Report,E157,,,
Report,F157,=SUM(F56:F156),"F56,F156",
Report,G157,,,
YearlyReport,A1, YEARLY INCOME & EXPENSE REPORT,,
YearlyReport,B1,,,
YearlyReport,C1,,,
YearlyReport,D1,,,
YearlyReport,E1,,,
YearlyReport,F1,,,
YearlyReport,G1,,,
YearlyReport,H1,,,
YearlyReport,I1,,,
YearlyReport,J1,,,
YearlyReport,K1,,,
YearlyReport,L1,,,
YearlyReport,M1,,,
YearlyReport,N1,,,
YearlyReport,O1,,,
YearlyReport,P1,,,
YearlyReport,R1,Instructions,,
YearlyReport,A2,HELP,,
YearlyReport,B2,,,
YearlyReport,C2,,,
YearlyReport,D2,,,
YearlyReport,E2,Start Year ,,
YearlyReport,F2,2019,,YearlyReport!C11
YearlyReport,G2,,,
YearlyReport,H2,Start Month ,,
YearlyReport,I2,1,,YearlyReport!C11
YearlyReport,J2,,,
YearlyReport,K2,,,
YearlyReport,L2,,,
YearlyReport,M2,,,
YearlyReport,N2,,,
YearlyReport,O2,,,
YearlyReport,P2,© 2010-2019 Vertex42 LLC,,
YearlyReport,R2,◄ Update the starting Year and Month,,
YearlyReport,A4,,,
YearlyReport,B4,Starting Balance,,
YearlyReport,C4,0,,YearlyReport!C8
YearlyReport,N4,[42],,
YearlyReport,O4,Total,,
YearlyReport,P4,Average,,
YearlyReport,R4,◄ Update the Starting Balance,,
YearlyReport,A5,,,
YearlyReport,B5,Total Income,,
YearlyReport,C5,=C45,C45,"YearlyReport!O5,YearlyReport!P5,YearlyReport!C7"
YearlyReport,D5,=D45,D45,YearlyReport!D7
YearlyReport,E5,=E45,E45,YearlyReport!E7
YearlyReport,F5,=F45,F45,YearlyReport!F7
YearlyReport,G5,=G45,G45,YearlyReport!G7
YearlyReport,H5,=H45,H45,YearlyReport!H7
YearlyReport,I5,=I45,I45,YearlyReport!I7
YearlyReport,J5,=J45,J45,YearlyReport!J7
YearlyReport,K5,=K45,K45,YearlyReport!K7
YearlyReport,L5,=L45,L45,YearlyReport!L7
YearlyReport,M5,=M45,M45,YearlyReport!M7
YearlyReport,N5,=N45,N45,"YearlyReport!O5,YearlyReport!P5,YearlyReport!N7"
YearlyReport,O5,=SUM(C5:N5),"C5,N5",YearlyReport!P5
YearlyReport,P5,=O5/COLUMNS(C5:N5),"O5,C5,N5",
YearlyReport,R5,,,
YearlyReport,A6,,,
YearlyReport,B6,Total Expenses,,
YearlyReport,C6,=C148,C148,"YearlyReport!O6,YearlyReport!P6,YearlyReport!C7"
YearlyReport,D6,=D148,D148,YearlyReport!D7
YearlyReport,E6,=E148,E148,YearlyReport!E7
YearlyReport,F6,=F148,F148,YearlyReport!F7
YearlyReport,G6,=G148,G148,YearlyReport!G7
YearlyReport,H6,=H148,H148,YearlyReport!H7
YearlyReport,I6,=I148,I148,YearlyReport!I7
YearlyReport,J6,=J148,J148,YearlyReport!J7
YearlyReport,K6,=K148,K148,YearlyReport!K7
YearlyReport,L6,=L148,L148,YearlyReport!L7
YearlyReport,M6,=M148,M148,YearlyReport!M7
YearlyReport,N6,=N148,N148,"YearlyReport!O6,YearlyReport!P6,YearlyReport!N7"
YearlyReport,O6,=SUM(C6:N6),"C6,N6",YearlyReport!P6
YearlyReport,P6,=O6/COLUMNS(C6:N6),"O6,C6,N6",
YearlyReport,R6,This worksheet creates an income and expense,,
YearlyReport,A7,,,
YearlyReport,B7,NET (Income - Expenses),,
YearlyReport,C7,=C5-C6,"C5,C6","YearlyReport!O7,YearlyReport!P7,YearlyReport!C8"
YearlyReport,D7,=D5-D6,"D5,D6",YearlyReport!D8
YearlyReport,E7,=E5-E6,"E5,E6",YearlyReport!E8
YearlyReport,F7,=F5-F6,"F5,F6",YearlyReport!F8
YearlyReport,G7,=G5-G6,"G5,G6",YearlyReport!G8
YearlyReport,H7,=H5-H6,"H5,H6",YearlyReport!H8
YearlyReport,I7,=I5-I6,"I5,I6",YearlyReport!I8
YearlyReport,J7,=J5-J6,"J5,J6",YearlyReport!J8
YearlyReport,K7,=K5-K6,"K5,K6",YearlyReport!K8
YearlyReport,L7,=L5-L6,"L5,L6",YearlyReport!L8
YearlyReport,M7,=M5-M6,"M5,M6",YearlyReport!M8
YearlyReport,N7,=N5-N6,"N5,N6","YearlyReport!O7,YearlyReport!P7,YearlyReport!N8"
YearlyReport,O7,=SUM(C7:N7),"C7,N7",YearlyReport!P7
YearlyReport,P7,=O7/COLUMNS(C7:N7),"O7,C7,N7",
YearlyReport,R7,report from the data in the Transactions worksheet.,,
YearlyReport,A8,,,
YearlyReport,B8,End Balance,,
YearlyReport,C8,=C4+C7,"C4,C7",YearlyReport!D8
YearlyReport,D8,=C8+D7,"C8,D7",YearlyReport!E8
YearlyReport,E8,=D8+E7,"D8,E7",YearlyReport!F8
YearlyReport,F8,=E8+F7,"E8,F7",YearlyReport!G8
YearlyReport,G8,=F8+G7,"F8,G7",YearlyReport!H8
YearlyReport,H8,=G8+H7,"G8,H7",YearlyReport!I8
YearlyReport,I8,=H8+I7,"H8,I7",YearlyReport!J8
YearlyReport,J8,=I8+J7,"I8,J7",YearlyReport!K8
YearlyReport,K8,=J8+K7,"J8,K7",YearlyReport!L8
YearlyReport,L8,=K8+L7,"K8,L7",YearlyReport!M8
YearlyReport,M8,=L8+M7,"L8,M7",YearlyReport!N8
YearlyReport,N8,=M8+N7,"M8,N7",
YearlyReport,O8,,,
YearlyReport,P8,,,
YearlyReport,R8,,,
YearlyReport,A9,,,
YearlyReport,C9,,,
YearlyReport,D9,,,
YearlyReport,E9,,,
YearlyReport,F9,,,
YearlyReport,G9,,,
YearlyReport,H9,,,
YearlyReport,I9,,,
YearlyReport,J9,,,
YearlyReport,K9,,,
YearlyReport,L9,,,
YearlyReport,M9,,,
YearlyReport,N9,,,
YearlyReport,O9,,,
YearlyReport,P9,,,
YearlyReport,R9,,,
YearlyReport,A10,,,
YearlyReport,B10,,,
YearlyReport,C10,=C11,C11,
YearlyReport,D10,=D11,D11,
YearlyReport,E10,=E11,E11,
YearlyReport,F10,=F11,F11,
YearlyReport,G10,=G11,G11,
YearlyReport,H10,=H11,H11,
YearlyReport,I10,=I11,I11,
YearlyReport,J10,=J11,J11,
YearlyReport,K10,=K11,K11,
YearlyReport,L10,=L11,L11,
YearlyReport,M10,=M11,M11,
YearlyReport,N10,=N11,N11,
YearlyReport,O10,,,
YearlyReport,P10,,,
YearlyReport,R10,,,
YearlyReport,A11,,,
YearlyReport,B11,Date Begin,,
YearlyReport,C11,"=DATE(F2,I2,1)","F2,I2","YearlyReport!C10,YearlyReport!D11,YearlyReport!C12"
YearlyReport,D11,"=DATE(YEAR(C11+35),MONTH(C11+35),1)",C11,"YearlyReport!D10,YearlyReport!E11,YearlyReport!D12"
YearlyReport,E11,"=DATE(YEAR(D11+35),MONTH(D11+35),1)",D11,"YearlyReport!E10,YearlyReport!F11,YearlyReport!E12"
YearlyReport,F11,"=DATE(YEAR(E11+35),MONTH(E11+35),1)",E11,"YearlyReport!F10,YearlyReport!G11,YearlyReport!F12"
YearlyReport,G11,"=DATE(YEAR(F11+35),MONTH(F11+35),1)",F11,"YearlyReport!G10,YearlyReport!H11,YearlyReport!G12"
YearlyReport,H11,"=DATE(YEAR(G11+35),MONTH(G11+35),1)",G11,"YearlyReport!H10,YearlyReport!I11,YearlyReport!H12"
YearlyReport,I11,"=DATE(YEAR(H11+35),MONTH(H11+35),1)",H11,"YearlyReport!I10,YearlyReport!J11,YearlyReport!I12"
YearlyReport,J11,"=DATE(YEAR(I11+35),MONTH(I11+35),1)",I11,"YearlyReport!J10,YearlyReport!K11,YearlyReport!J12"
YearlyReport,K11,"=DATE(YEAR(J11+35),MONTH(J11+35),1)",J11,"YearlyReport!K10,YearlyReport!L11,YearlyReport!K12"
YearlyReport,L11,"=DATE(YEAR(K11+35),MONTH(K11+35),1)",K11,"YearlyReport!L10,YearlyReport!M11,YearlyReport!L12"
YearlyReport,M11,"=DATE(YEAR(L11+35),MONTH(L11+35),1)",L11,"YearlyReport!M10,YearlyReport!N11,YearlyReport!M12"
YearlyReport,N11,"=DATE(YEAR(M11+35),MONTH(M11+35),1)",M11,"YearlyReport!N10,YearlyReport!N12"
YearlyReport,O11,,,
YearlyReport,P11,,,
YearlyReport,A12,,,
YearlyReport,B12,Date End,,
YearlyReport,C12,"=DATE(YEAR(C11+35),MONTH(C11+35),1)-1",C11,
YearlyReport,D12,"=DATE(YEAR(D11+35),MONTH(D11+35),1)-1",D11,
YearlyReport,E12,"=DATE(YEAR(E11+35),MONTH(E11+35),1)-1",E11,
YearlyReport,F12,"=DATE(YEAR(F11+35),MONTH(F11+35),1)-1",F11,
YearlyReport,G12,"=DATE(YEAR(G11+35),MONTH(G11+35),1)-1",G11,
YearlyReport,H12,"=DATE(YEAR(H11+35),MONTH(H11+35),1)-1",H11,
YearlyReport,I12,"=DATE(YEAR(I11+35),MONTH(I11+35),1)-1",I11,
YearlyReport,J12,"=DATE(YEAR(J11+35),MONTH(J11+35),1)-1",J11,
YearlyReport,K12,"=DATE(YEAR(K11+35),MONTH(K11+35),1)-1",K11,
YearlyReport,L12,"=DATE(YEAR(L11+35),MONTH(L11+35),1)-1",L11,
YearlyReport,M12,"=DATE(YEAR(M11+35),MONTH(M11+35),1)-1",M11,
YearlyReport,N12,"=DATE(YEAR(N11+35),MONTH(N11+35),1)-1",N11,
YearlyReport,O12,,,
YearlyReport,P12,,,
YearlyReport,A13,,,
YearlyReport,C13,,,
YearlyReport,D13,,,
YearlyReport,E13,,,
YearlyReport,F13,,,
YearlyReport,G13,,,
YearlyReport,H13,,,
YearlyReport,I13,,,
YearlyReport,J13,,,
YearlyReport,K13,,,
YearlyReport,L13,,,
YearlyReport,M13,,,
YearlyReport,N13,,,
YearlyReport,O13,,,
YearlyReport,P13,,,
YearlyReport,A14,INCOME,,
YearlyReport,B14,,,
YearlyReport,C14,,,YearlyReport!C45
YearlyReport,D14,,,YearlyReport!D45
YearlyReport,E14,,,YearlyReport!E45
YearlyReport,F14,,,YearlyReport!F45
YearlyReport,G14,,,YearlyReport!G45
YearlyReport,H14,,,YearlyReport!H45
YearlyReport,I14,,,YearlyReport!I45
YearlyReport,J14,,,YearlyReport!J45
YearlyReport,K14,,,YearlyReport!K45
YearlyReport,L14,,,YearlyReport!L45
YearlyReport,M14,,,YearlyReport!M45
YearlyReport,N14,,,YearlyReport!N45
YearlyReport,O14,Total,,
YearlyReport,P14,Average,,
YearlyReport,R14,,,
YearlyReport,A15,<openpyxl.worksheet.formula.ArrayFormula object at 0xffff8d0f3d90>,,"YearlyReport!C15,YearlyReport!D15,YearlyReport!E15,YearlyReport!F15,YearlyReport!G15,YearlyReport!H15,YearlyReport!I15,YearlyReport!J15,YearlyReport!K15,YearlyReport!L15,YearlyReport!M15,YearlyReport!N15"
YearlyReport,B15,,,
YearlyReport,C15,"=SUMIFS(Transactions!$J:$J,Transactions!$G:$G,$A15,Transactions!$B:$B,"">=""&C$11,Transactions!$B:$B,""<=""&C$12)-SUMIFS(Transactions!$I:$I,Transactions!$G:$G,$A15,Transactions!$B:$B,"">=""&C$11,Transactions!$B:$B,""<=""&C$12)",A15,"YearlyReport!O15,YearlyReport!P15"
YearlyReport,D15,"=SUMIFS(Transactions!$J:$J,Transactions!$G:$G,$A15,Transactions!$B:$B,"">=""&D$11,Transactions!$B:$B,""<=""&D$12)-SUMIFS(Transactions!$I:$I,Transactions!$G:$G,$A15,Transactions!$B:$B,"">=""&D$11,Transactions!$B:$B,""<=""&D$12)",A15,
YearlyReport,E15,"=SUMIFS(Transactions!$J:$J,Transactions!$G:$G,$A15,Transactions!$B:$B,"">=""&E$11,Transactions!$B:$B,""<=""&E$12)-SUMIFS(Transactions!$I:$I,Transactions!$G:$G,$A15,Transactions!$B:$B,"">=""&E$11,Transactions!$B:$B,""<=""&E$12)",A15,
YearlyReport,F15,"=SUMIFS(Transactions!$J:$J,Transactions!$G:$G,$A15,Transactions!$B:$B,"">=""&F$11,Transactions!$B:$B,""<=""&F$12)-SUMIFS(Transactions!$I:$I,Transactions!$G:$G,$A15,Transactions!$B:$B,"">=""&F$11,Transactions!$B:$B,""<=""&F$12)",A15,
YearlyReport,G15,"=SUMIFS(Transactions!$J:$J,Transactions!$G:$G,$A15,Transactions!$B:$B,"">=""&G$11,Transactions!$B:$B,""<=""&G$12)-SUMIFS(Transactions!$I:$I,Transactions!$G:$G,$A15,Transactions!$B:$B,"">=""&G$11,Transactions!$B:$B,""<=""&G$12)",A15,
YearlyReport,H15,"=SUMIFS(Transactions!$J:$J,Transactions!$G:$G,$A15,Transactions!$B:$B,"">=""&H$11,Transactions!$B:$B,""<=""&H$12)-SUMIFS(Transactions!$I:$I,Transactions!$G:$G,$A15,Transactions!$B:$B,"">=""&H$11,Transactions!$B:$B,""<=""&H$12)",A15,
YearlyReport,I15,"=SUMIFS(Transactions!$J:$J,Transactions!$G:$G,$A15,Transactions!$B:$B,"">=""&I$11,Transactions!$B:$B,""<=""&I$12)-SUMIFS(Transactions!$I:$I,Transactions!$G:$G,$A15,Transactions!$B:$B,"">=""&I$11,Transactions!$B:$B,""<=""&I$12)",A15,
YearlyReport,J15,"=SUMIFS(Transactions!$J:$J,Transactions!$G:$G,$A15,Transactions!$B:$B,"">=""&J$11,Transactions!$B:$B,""<=""&J$12)-SUMIFS(Transactions!$I:$I,Transactions!$G:$G,$A15,Transactions!$B:$B,"">=""&J$11,Transactions!$B:$B,""<=""&J$12)",A15,
YearlyReport,K15,"=SUMIFS(Transactions!$J:$J,Transactions!$G:$G,$A15,Transactions!$B:$B,"">=""&K$11,Transactions!$B:$B,""<=""&K$12)-SUMIFS(Transactions!$I:$I,Transactions!$G:$G,$A15,Transactions!$B:$B,"">=""&K$11,Transactions!$B:$B,""<=""&K$12)",A15,
YearlyReport,L15,"=SUMIFS(Transactions!$J:$J,Transactions!$G:$G,$A15,Transactions!$B:$B,"">=""&L$11,Transactions!$B:$B,""<=""&L$12)-SUMIFS(Transactions!$I:$I,Transactions!$G:$G,$A15,Transactions!$B:$B,"">=""&L$11,Transactions!$B:$B,""<=""&L$12)",A15,
YearlyReport,M15,"=SUMIFS(Transactions!$J:$J,Transactions!$G:$G,$A15,Transactions!$B:$B,"">=""&M$11,Transactions!$B:$B,""<=""&M$12)-SUMIFS(Transactions!$I:$I,Transactions!$G:$G,$A15,Transactions!$B:$B,"">=""&M$11,Transactions!$B:$B,""<=""&M$12)",A15,
YearlyReport,N15,"=SUMIFS(Transactions!$J:$J,Transactions!$G:$G,$A15,Transactions!$B:$B,"">=""&N$11,Transactions!$B:$B,""<=""&N$12)-SUMIFS(Transactions!$I:$I,Transactions!$G:$G,$A15,Transactions!$B:$B,"">=""&N$11,Transactions!$B:$B,""<=""&N$12)",A15,"YearlyReport!O15,YearlyReport!P15"
YearlyReport,O15,=SUM(C15:N15),"C15,N15",YearlyReport!P15
YearlyReport,P15,=O15/COLUMNS(C15:N15),"O15,C15,N15",
YearlyReport,R15,,,
YearlyReport,A16,Financial Aid,,"YearlyReport!C16,YearlyReport!D16,YearlyReport!E16,YearlyReport!F16,YearlyReport!G16,YearlyReport!H16,YearlyReport!I16,YearlyReport!J16,YearlyReport!K16,YearlyReport!L16,YearlyReport!M16,YearlyReport!N16"
YearlyReport,B16,,,
YearlyReport,C16,"=SUMIFS(Transactions!$J:$J,Transactions!$G:$G,$A16,Transactions!$B:$B,"">=""&C$11,Transactions!$B:$B,""<=""&C$12)-SUMIFS(Transactions!$I:$I,Transactions!$G:$G,$A16,Transactions!$B:$B,"">=""&C$11,Transactions!$B:$B,""<=""&C$12)",A16,"YearlyReport!O16,YearlyReport!P16"
YearlyReport,D16,"=SUMIFS(Transactions!$J:$J,Transactions!$G:$G,$A16,Transactions!$B:$B,"">=""&D$11,Transactions!$B:$B,""<=""&D$12)-SUMIFS(Transactions!$I:$I,Transactions!$G:$G,$A16,Transactions!$B:$B,"">=""&D$11,Transactions!$B:$B,""<=""&D$12)",A16,
YearlyReport,E16,"=SUMIFS(Transactions!$J:$J,Transactions!$G:$G,$A16,Transactions!$B:$B,"">=""&E$11,Transactions!$B:$B,""<=""&E$12)-SUMIFS(Transactions!$I:$I,Transactions!$G:$G,$A16,Transactions!$B:$B,"">=""&E$11,Transactions!$B:$B,""<=""&E$12)",A16,
YearlyReport,F16,"=SUMIFS(Transactions!$J:$J,Transactions!$G:$G,$A16,Transactions!$B:$B,"">=""&F$11,Transactions!$B:$B,""<=""&F$12)-SUMIFS(Transactions!$I:$I,Transactions!$G:$G,$A16,Transactions!$B:$B,"">=""&F$11,Transactions!$B:$B,""<=""&F$12)",A16,
YearlyReport,G16,"=SUMIFS(Transactions!$J:$J,Transactions!$G:$G,$A16,Transactions!$B:$B,"">=""&G$11,Transactions!$B:$B,""<=""&G$12)-SUMIFS(Transactions!$I:$I,Transactions!$G:$G,$A16,Transactions!$B:$B,"">=""&G$11,Transactions!$B:$B,""<=""&G$12)",A16,
YearlyReport,H16,"=SUMIFS(Transactions!$J:$J,Transactions!$G:$G,$A16,Transactions!$B:$B,"">=""&H$11,Transactions!$B:$B,""<=""&H$12)-SUMIFS(Transactions!$I:$I,Transactions!$G:$G,$A16,Transactions!$B:$B,"">=""&H$11,Transactions!$B:$B,""<=""&H$12)",A16,
YearlyReport,I16,"=SUMIFS(Transactions!$J:$J,Transactions!$G:$G,$A16,Transactions!$B:$B,"">=""&I$11,Transactions!$B:$B,""<=""&I$12)-SUMIFS(Transactions!$I:$I,Transactions!$G:$G,$A16,Transactions!$B:$B,"">=""&I$11,Transactions!$B:$B,""<=""&I$12)",A16,
YearlyReport,J16,"=SUMIFS(Transactions!$J:$J,Transactions!$G:$G,$A16,Transactions!$B:$B,"">=""&J$11,Transactions!$B:$B,""<=""&J$12)-SUMIFS(Transactions!$I:$I,Transactions!$G:$G,$A16,Transactions!$B:$B,"">=""&J$11,Transactions!$B:$B,""<=""&J$12)",A16,
YearlyReport,K16,"=SUMIFS(Transactions!$J:$J,Transactions!$G:$G,$A16,Transactions!$B:$B,"">=""&K$11,Transactions!$B:$B,""<=""&K$12)-SUMIFS(Transactions!$I:$I,Transactions!$G:$G,$A16,Transactions!$B:$B,"">=""&K$11,Transactions!$B:$B,""<=""&K$12)",A16,
YearlyReport,L16,"=SUMIFS(Transactions!$J:$J,Transactions!$G:$G,$A16,Transactions!$B:$B,"">=""&L$11,Transactions!$B:$B,""<=""&L$12)-SUMIFS(Transactions!$I:$I,Transactions!$G:$G,$A16,Transactions!$B:$B,"">=""&L$11,Transactions!$B:$B,""<=""&L$12)",A16,
YearlyReport,M16,"=SUMIFS(Transactions!$J:$J,Transactions!$G:$G,$A16,Transactions!$B:$B,"">=""&M$11,Transactions!$B:$B,""<=""&M$12)-SUMIFS(Transactions!$I:$I,Transactions!$G:$G,$A16,Transactions!$B:$B,"">=""&M$11,Transactions!$B:$B,""<=""&M$12)",A16,
YearlyReport,N16,"=SUMIFS(Transactions!$J:$J,Transactions!$G:$G,$A16,Transactions!$B:$B,"">=""&N$11,Transactions!$B:$B,""<=""&N$12)-SUMIFS(Transactions!$I:$I,Transactions!$G:$G,$A16,Transactions!$B:$B,"">=""&N$11,Transactions!$B:$B,""<=""&N$12)",A16,"YearlyReport!O16,YearlyReport!P16"
YearlyReport,O16,=SUM(C16:N16),"C16,N16",YearlyReport!P16
YearlyReport,P16,=O16/COLUMNS(C16:N16),"O16,C16,N16",
YearlyReport,R16,,,
YearlyReport,A17,Gifts Received,,"YearlyReport!C17,YearlyReport!D17,YearlyReport!E17,YearlyReport!F17,YearlyReport!G17,YearlyReport!H17,YearlyReport!I17,YearlyReport!J17,YearlyReport!K17,YearlyReport!L17,YearlyReport!M17,YearlyReport!N17"
YearlyReport,B17,,,
YearlyReport,C17,"=SUMIFS(Transactions!$J:$J,Transactions!$G:$G,$A17,Transactions!$B:$B,"">=""&C$11,Transactions!$B:$B,""<=""&C$12)-SUMIFS(Transactions!$I:$I,Transactions!$G:$G,$A17,Transactions!$B:$B,"">=""&C$11,Transactions!$B:$B,""<=""&C$12)",A17,"YearlyReport!O17,YearlyReport!P17"
YearlyReport,D17,"=SUMIFS(Transactions!$J:$J,Transactions!$G:$G,$A17,Transactions!$B:$B,"">=""&D$11,Transactions!$B:$B,""<=""&D$12)-SUMIFS(Transactions!$I:$I,Transactions!$G:$G,$A17,Transactions!$B:$B,"">=""&D$11,Transactions!$B:$B,""<=""&D$12)",A17,
YearlyReport,E17,"=SUMIFS(Transactions!$J:$J,Transactions!$G:$G,$A17,Transactions!$B:$B,"">=""&E$11,Transactions!$B:$B,""<=""&E$12)-SUMIFS(Transactions!$I:$I,Transactions!$G:$G,$A17,Transactions!$B:$B,"">=""&E$11,Transactions!$B:$B,""<=""&E$12)",A17,
YearlyReport,F17,"=SUMIFS(Transactions!$J:$J,Transactions!$G:$G,$A17,Transactions!$B:$B,"">=""&F$11,Transactions!$B:$B,""<=""&F$12)-SUMIFS(Transactions!$I:$I,Transactions!$G:$G,$A17,Transactions!$B:$B,"">=""&F$11,Transactions!$B:$B,""<=""&F$12)",A17,
YearlyReport,G17,"=SUMIFS(Transactions!$J:$J,Transactions!$G:$G,$A17,Transactions!$B:$B,"">=""&G$11,Transactions!$B:$B,""<=""&G$12)-SUMIFS(Transactions!$I:$I,Transactions!$G:$G,$A17,Transactions!$B:$B,"">=""&G$11,Transactions!$B:$B,""<=""&G$12)",A17,
YearlyReport,H17,"=SUMIFS(Transactions!$J:$J,Transactions!$G:$G,$A17,Transactions!$B:$B,"">=""&H$11,Transactions!$B:$B,""<=""&H$12)-SUMIFS(Transactions!$I:$I,Transactions!$G:$G,$A17,Transactions!$B:$B,"">=""&H$11,Transactions!$B:$B,""<=""&H$12)",A17,
YearlyReport,I17,"=SUMIFS(Transactions!$J:$J,Transactions!$G:$G,$A17,Transactions!$B:$B,"">=""&I$11,Transactions!$B:$B,""<=""&I$12)-SUMIFS(Transactions!$I:$I,Transactions!$G:$G,$A17,Transactions!$B:$B,"">=""&I$11,Transactions!$B:$B,""<=""&I$12)",A17,
YearlyReport,J17,"=SUMIFS(Transactions!$J:$J,Transactions!$G:$G,$A17,Transactions!$B:$B,"">=""&J$11,Transactions!$B:$B,""<=""&J$12)-SUMIFS(Transactions!$I:$I,Transactions!$G:$G,$A17,Transactions!$B:$B,"">=""&J$11,Transactions!$B:$B,""<=""&J$12)",A17,
YearlyReport,K17,"=SUMIFS(Transactions!$J:$J,Transactions!$G:$G,$A17,Transactions!$B:$B,"">=""&K$11,Transactions!$B:$B,""<=""&K$12)-SUMIFS(Transactions!$I:$I,Transactions!$G:$G,$A17,Transactions!$B:$B,"">=""&K$11,Transactions!$B:$B,""<=""&K$12)",A17,
YearlyReport,L17,"=SUMIFS(Transactions!$J:$J,Transactions!$G:$G,$A17,Transactions!$B:$B,"">=""&L$11,Transactions!$B:$B,""<=""&L$12)-SUMIFS(Transactions!$I:$I,Transactions!$G:$G,$A17,Transactions!$B:$B,"">=""&L$11,Transactions!$B:$B,""<=""&L$12)",A17,
YearlyReport,M17,"=SUMIFS(Transactions!$J:$J,Transactions!$G:$G,$A17,Transactions!$B:$B,"">=""&M$11,Transactions!$B:$B,""<=""&M$12)-SUMIFS(Transactions!$I:$I,Transactions!$G:$G,$A17,Transactions!$B:$B,"">=""&M$11,Transactions!$B:$B,""<=""&M$12)",A17,
YearlyReport,N17,"=SUMIFS(Transactions!$J:$J,Transactions!$G:$G,$A17,Transactions!$B:$B,"">=""&N$11,Transactions!$B:$B,""<=""&N$12)-SUMIFS(Transactions!$I:$I,Transactions!$G:$G,$A17,Transactions!$B:$B,"">=""&N$11,Transactions!$B:$B,""<=""&N$12)",A17,"YearlyReport!O17,YearlyReport!P17"
YearlyReport,O17,=SUM(C17:N17),"C17,N17",YearlyReport!P17
YearlyReport,P17,=O17/COLUMNS(C17:N17),"O17,C17,N17",
YearlyReport,R17,,,
YearlyReport,A18,Interest Income,,"YearlyReport!C18,YearlyReport!D18,YearlyReport!E18,YearlyReport!F18,YearlyReport!G18,YearlyReport!H18,YearlyReport!I18,YearlyReport!J18,YearlyReport!K18,YearlyReport!L18,YearlyReport!M18,YearlyReport!N18"
YearlyReport,B18,,,
YearlyReport,C18,"=SUMIFS(Transactions!$J:$J,Transactions!$G:$G,$A18,Transactions!$B:$B,"">=""&C$11,Transactions!$B:$B,""<=""&C$12)-SUMIFS(Transactions!$I:$I,Transactions!$G:$G,$A18,Transactions!$B:$B,"">=""&C$11,Transactions!$B:$B,""<=""&C$12)",A18,"YearlyReport!O18,YearlyReport!P18"
YearlyReport,D18,"=SUMIFS(Transactions!$J:$J,Transactions!$G:$G,$A18,Transactions!$B:$B,"">=""&D$11,Transactions!$B:$B,""<=""&D$12)-SUMIFS(Transactions!$I:$I,Transactions!$G:$G,$A18,Transactions!$B:$B,"">=""&D$11,Transactions!$B:$B,""<=""&D$12)",A18,
YearlyReport,E18,"=SUMIFS(Transactions!$J:$J,Transactions!$G:$G,$A18,Transactions!$B:$B,"">=""&E$11,Transactions!$B:$B,""<=""&E$12)-SUMIFS(Transactions!$I:$I,Transactions!$G:$G,$A18,Transactions!$B:$B,"">=""&E$11,Transactions!$B:$B,""<=""&E$12)",A18,
YearlyReport,F18,"=SUMIFS(Transactions!$J:$J,Transactions!$G:$G,$A18,Transactions!$B:$B,"">=""&F$11,Transactions!$B:$B,""<=""&F$12)-SUMIFS(Transactions!$I:$I,Transactions!$G:$G,$A18,Transactions!$B:$B,"">=""&F$11,Transactions!$B:$B,""<=""&F$12)",A18,
YearlyReport,G18,"=SUMIFS(Transactions!$J:$J,Transactions!$G:$G,$A18,Transactions!$B:$B,"">=""&G$11,Transactions!$B:$B,""<=""&G$12)-SUMIFS(Transactions!$I:$I,Transactions!$G:$G,$A18,Transactions!$B:$B,"">=""&G$11,Transactions!$B:$B,""<=""&G$12)",A18,
YearlyReport,H18,"=SUMIFS(Transactions!$J:$J,Transactions!$G:$G,$A18,Transactions!$B:$B,"">=""&H$11,Transactions!$B:$B,""<=""&H$12)-SUMIFS(Transactions!$I:$I,Transactions!$G:$G,$A18,Transactions!$B:$B,"">=""&H$11,Transactions!$B:$B,""<=""&H$12)",A18,
YearlyReport,I18,"=SUMIFS(Transactions!$J:$J,Transactions!$G:$G,$A18,Transactions!$B:$B,"">=""&I$11,Transactions!$B:$B,""<=""&I$12)-SUMIFS(Transactions!$I:$I,Transactions!$G:$G,$A18,Transactions!$B:$B,"">=""&I$11,Transactions!$B:$B,""<=""&I$12)",A18,
YearlyReport,J18,"=SUMIFS(Transactions!$J:$J,Transactions!$G:$G,$A18,Transactions!$B:$B,"">=""&J$11,Transactions!$B:$B,""<=""&J$12)-SUMIFS(Transactions!$I:$I,Transactions!$G:$G,$A18,Transactions!$B:$B,"">=""&J$11,Transactions!$B:$B,""<=""&J$12)",A18,
YearlyReport,K18,"=SUMIFS(Transactions!$J:$J,Transactions!$G:$G,$A18,Transactions!$B:$B,"">=""&K$11,Transactions!$B:$B,""<=""&K$12)-SUMIFS(Transactions!$I:$I,Transactions!$G:$G,$A18,Transactions!$B:$B,"">=""&K$11,Transactions!$B:$B,""<=""&K$12)",A18,
YearlyReport,L18,"=SUMIFS(Transactions!$J:$J,Transactions!$G:$G,$A18,Transactions!$B:$B,"">=""&L$11,Transactions!$B:$B,""<=""&L$12)-SUMIFS(Transactions!$I:$I,Transactions!$G:$G,$A18,Transactions!$B:$B,"">=""&L$11,Transactions!$B:$B,""<=""&L$12)",A18,
YearlyReport,M18,"=SUMIFS(Transactions!$J:$J,Transactions!$G:$G,$A18,Transactions!$B:$B,"">=""&M$11,Transactions!$B:$B,""<=""&M$12)-SUMIFS(Transactions!$I:$I,Transactions!$G:$G,$A18,Transactions!$B:$B,"">=""&M$11,Transactions!$B:$B,""<=""&M$12)",A18,
YearlyReport,N18,"=SUMIFS(Transactions!$J:$J,Transactions!$G:$G,$A18,Transactions!$B:$B,"">=""&N$11,Transactions!$B:$B,""<=""&N$12)-SUMIFS(Transactions!$I:$I,Transactions!$G:$G,$A18,Transactions!$B:$B,"">=""&N$11,Transactions!$B:$B,""<=""&N$12)",A18,"YearlyReport!O18,YearlyReport!P18"
YearlyReport,O18,=SUM(C18:N18),"C18,N18",YearlyReport!P18
YearlyReport,P18,=O18/COLUMNS(C18:N18),"O18,C18,N18",
YearlyReport,A19,Other Income,,"YearlyReport!C19,YearlyReport!D19,YearlyReport!E19,YearlyReport!F19,YearlyReport!G19,YearlyReport!H19,YearlyReport!I19,YearlyReport!J19,YearlyReport!K19,YearlyReport!L19,YearlyReport!M19,YearlyReport!N19"
YearlyReport,B19,,,
YearlyReport,C19,"=SUMIFS(Transactions!$J:$J,Transactions!$G:$G,$A19,Transactions!$B:$B,"">=""&C$11,Transactions!$B:$B,""<=""&C$12)-SUMIFS(Transactions!$I:$I,Transactions!$G:$G,$A19,Transactions!$B:$B,"">=""&C$11,Transactions!$B:$B,""<=""&C$12)",A19,"YearlyReport!O19,YearlyReport!P19"
YearlyReport,D19,"=SUMIFS(Transactions!$J:$J,Transactions!$G:$G,$A19,Transactions!$B:$B,"">=""&D$11,Transactions!$B:$B,""<=""&D$12)-SUMIFS(Transactions!$I:$I,Transactions!$G:$G,$A19,Transactions!$B:$B,"">=""&D$11,Transactions!$B:$B,""<=""&D$12)",A19,
YearlyReport,E19,"=SUMIFS(Transactions!$J:$J,Transactions!$G:$G,$A19,Transactions!$B:$B,"">=""&E$11,Transactions!$B:$B,""<=""&E$12)-SUMIFS(Transactions!$I:$I,Transactions!$G:$G,$A19,Transactions!$B:$B,"">=""&E$11,Transactions!$B:$B,""<=""&E$12)",A19,
YearlyReport,F19,"=SUMIFS(Transactions!$J:$J,Transactions!$G:$G,$A19,Transactions!$B:$B,"">=""&F$11,Transactions!$B:$B,""<=""&F$12)-SUMIFS(Transactions!$I:$I,Transactions!$G:$G,$A19,Transactions!$B:$B,"">=""&F$11,Transactions!$B:$B,""<=""&F$12)",A19,
YearlyReport,G19,"=SUMIFS(Transactions!$J:$J,Transactions!$G:$G,$A19,Transactions!$B:$B,"">=""&G$11,Transactions!$B:$B,""<=""&G$12)-SUMIFS(Transactions!$I:$I,Transactions!$G:$G,$A19,Transactions!$B:$B,"">=""&G$11,Transactions!$B:$B,""<=""&G$12)",A19,
YearlyReport,H19,"=SUMIFS(Transactions!$J:$J,Transactions!$G:$G,$A19,Transactions!$B:$B,"">=""&H$11,Transactions!$B:$B,""<=""&H$12)-SUMIFS(Transactions!$I:$I,Transactions!$G:$G,$A19,Transactions!$B:$B,"">=""&H$11,Transactions!$B:$B,""<=""&H$12)",A19,
YearlyReport,I19,"=SUMIFS(Transactions!$J:$J,Transactions!$G:$G,$A19,Transactions!$B:$B,"">=""&I$11,Transactions!$B:$B,""<=""&I$12)-SUMIFS(Transactions!$I:$I,Transactions!$G:$G,$A19,Transactions!$B:$B,"">=""&I$11,Transactions!$B:$B,""<=""&I$12)",A19,
YearlyReport,J19,"=SUMIFS(Transactions!$J:$J,Transactions!$G:$G,$A19,Transactions!$B:$B,"">=""&J$11,Transactions!$B:$B,""<=""&J$12)-SUMIFS(Transactions!$I:$I,Transactions!$G:$G,$A19,Transactions!$B:$B,"">=""&J$11,Transactions!$B:$B,""<=""&J$12)",A19,
YearlyReport,K19,"=SUMIFS(Transactions!$J:$J,Transactions!$G:$G,$A19,Transactions!$B:$B,"">=""&K$11,Transactions!$B:$B,""<=""&K$12)-SUMIFS(Transactions!$I:$I,Transactions!$G:$G,$A19,Transactions!$B:$B,"">=""&K$11,Transactions!$B:$B,""<=""&K$12)",A19,
YearlyReport,L19,"=SUMIFS(Transactions!$J:$J,Transactions!$G:$G,$A19,Transactions!$B:$B,"">=""&L$11,Transactions!$B:$B,""<=""&L$12)-SUMIFS(Transactions!$I:$I,Transactions!$G:$G,$A19,Transactions!$B:$B,"">=""&L$11,Transactions!$B:$B,""<=""&L$12)",A19,
YearlyReport,M19,"=SUMIFS(Transactions!$J:$J,Transactions!$G:$G,$A19,Transactions!$B:$B,"">=""&M$11,Transactions!$B:$B,""<=""&M$12)-SUMIFS(Transactions!$I:$I,Transactions!$G:$G,$A19,Transactions!$B:$B,"">=""&M$11,Transactions!$B:$B,""<=""&M$12)",A19,
YearlyReport,N19,"=SUMIFS(Transactions!$J:$J,Transactions!$G:$G,$A19,Transactions!$B:$B,"">=""&N$11,Transactions!$B:$B,""<=""&N$12)-SUMIFS(Transactions!$I:$I,Transactions!$G:$G,$A19,Transactions!$B:$B,"">=""&N$11,Transactions!$B:$B,""<=""&N$12)",A19,"YearlyReport!O19,YearlyReport!P19"
YearlyReport,O19,=SUM(C19:N19),"C19,N19",YearlyReport!P19
YearlyReport,P19,=O19/COLUMNS(C19:N19),"O19,C19,N19",
YearlyReport,A20,Refunds/Reimbursements,,"YearlyReport!C20,YearlyReport!D20,YearlyReport!E20,YearlyReport!F20,YearlyReport!G20,YearlyReport!H20,YearlyReport!I20,YearlyReport!J20,YearlyReport!K20,YearlyReport!L20,YearlyReport!M20,YearlyReport!N20"
YearlyReport,B20,,,
YearlyReport,C20,"=SUMIFS(Transactions!$J:$J,Transactions!$G:$G,$A20,Transactions!$B:$B,"">=""&C$11,Transactions!$B:$B,""<=""&C$12)-SUMIFS(Transactions!$I:$I,Transactions!$G:$G,$A20,Transactions!$B:$B,"">=""&C$11,Transactions!$B:$B,""<=""&C$12)",A20,"YearlyReport!O20,YearlyReport!P20"
YearlyReport,D20,"=SUMIFS(Transactions!$J:$J,Transactions!$G:$G,$A20,Transactions!$B:$B,"">=""&D$11,Transactions!$B:$B,""<=""&D$12)-SUMIFS(Transactions!$I:$I,Transactions!$G:$G,$A20,Transactions!$B:$B,"">=""&D$11,Transactions!$B:$B,""<=""&D$12)",A20,
YearlyReport,E20,"=SUMIFS(Transactions!$J:$J,Transactions!$G:$G,$A20,Transactions!$B:$B,"">=""&E$11,Transactions!$B:$B,""<=""&E$12)-SUMIFS(Transactions!$I:$I,Transactions!$G:$G,$A20,Transactions!$B:$B,"">=""&E$11,Transactions!$B:$B,""<=""&E$12)",A20,
YearlyReport,F20,"=SUMIFS(Transactions!$J:$J,Transactions!$G:$G,$A20,Transactions!$B:$B,"">=""&F$11,Transactions!$B:$B,""<=""&F$12)-SUMIFS(Transactions!$I:$I,Transactions!$G:$G,$A20,Transactions!$B:$B,"">=""&F$11,Transactions!$B:$B,""<=""&F$12)",A20,
YearlyReport,G20,"=SUMIFS(Transactions!$J:$J,Transactions!$G:$G,$A20,Transactions!$B:$B,"">=""&G$11,Transactions!$B:$B,""<=""&G$12)-SUMIFS(Transactions!$I:$I,Transactions!$G:$G,$A20,Transactions!$B:$B,"">=""&G$11,Transactions!$B:$B,""<=""&G$12)",A20,
YearlyReport,H20,"=SUMIFS(Transactions!$J:$J,Transactions!$G:$G,$A20,Transactions!$B:$B,"">=""&H$11,Transactions!$B:$B,""<=""&H$12)-SUMIFS(Transactions!$I:$I,Transactions!$G:$G,$A20,Transactions!$B:$B,"">=""&H$11,Transactions!$B:$B,""<=""&H$12)",A20,
YearlyReport,I20,"=SUMIFS(Transactions!$J:$J,Transactions!$G:$G,$A20,Transactions!$B:$B,"">=""&I$11,Transactions!$B:$B,""<=""&I$12)-SUMIFS(Transactions!$I:$I,Transactions!$G:$G,$A20,Transactions!$B:$B,"">=""&I$11,Transactions!$B:$B,""<=""&I$12)",A20,
YearlyReport,J20,"=SUMIFS(Transactions!$J:$J,Transactions!$G:$G,$A20,Transactions!$B:$B,"">=""&J$11,Transactions!$B:$B,""<=""&J$12)-SUMIFS(Transactions!$I:$I,Transactions!$G:$G,$A20,Transactions!$B:$B,"">=""&J$11,Transactions!$B:$B,""<=""&J$12)",A20,
YearlyReport,K20,"=SUMIFS(Transactions!$J:$J,Transactions!$G:$G,$A20,Transactions!$B:$B,"">=""&K$11,Transactions!$B:$B,""<=""&K$12)-SUMIFS(Transactions!$I:$I,Transactions!$G:$G,$A20,Transactions!$B:$B,"">=""&K$11,Transactions!$B:$B,""<=""&K$12)",A20,
YearlyReport,L20,"=SUMIFS(Transactions!$J:$J,Transactions!$G:$G,$A20,Transactions!$B:$B,"">=""&L$11,Transactions!$B:$B,""<=""&L$12)-SUMIFS(Transactions!$I:$I,Transactions!$G:$G,$A20,Transactions!$B:$B,"">=""&L$11,Transactions!$B:$B,""<=""&L$12)",A20,
YearlyReport,M20,"=SUMIFS(Transactions!$J:$J,Transactions!$G:$G,$A20,Transactions!$B:$B,"">=""&M$11,Transactions!$B:$B,""<=""&M$12)-SUMIFS(Transactions!$I:$I,Transactions!$G:$G,$A20,Transactions!$B:$B,"">=""&M$11,Transactions!$B:$B,""<=""&M$12)",A20,
YearlyReport,N20,"=SUMIFS(Transactions!$J:$J,Transactions!$G:$G,$A20,Transactions!$B:$B,"">=""&N$11,Transactions!$B:$B,""<=""&N$12)-SUMIFS(Transactions!$I:$I,Transactions!$G:$G,$A20,Transactions!$B:$B,"">=""&N$11,Transactions!$B:$B,""<=""&N$12)",A20,"YearlyReport!O20,YearlyReport!P20"
YearlyReport,O20,=SUM(C20:N20),"C20,N20",YearlyReport!P20
YearlyReport,P20,=O20/COLUMNS(C20:N20),"O20,C20,N20",
YearlyReport,A21,Rental Income,,"YearlyReport!C21,YearlyReport!D21,YearlyReport!E21,YearlyReport!F21,YearlyReport!G21,YearlyReport!H21,YearlyReport!I21,YearlyReport!J21,YearlyReport!K21,YearlyReport!L21,YearlyReport!M21,YearlyReport!N21"
YearlyReport,B21,,,
YearlyReport,C21,"=SUMIFS(Transactions!$J:$J,Transactions!$G:$G,$A21,Transactions!$B:$B,"">=""&C$11,Transactions!$B:$B,""<=""&C$12)-SUMIFS(Transactions!$I:$I,Transactions!$G:$G,$A21,Transactions!$B:$B,"">=""&C$11,Transactions!$B:$B,""<=""&C$12)",A21,"YearlyReport!O21,YearlyReport!P21"
YearlyReport,D21,"=SUMIFS(Transactions!$J:$J,Transactions!$G:$G,$A21,Transactions!$B:$B,"">=""&D$11,Transactions!$B:$B,""<=""&D$12)-SUMIFS(Transactions!$I:$I,Transactions!$G:$G,$A21,Transactions!$B:$B,"">=""&D$11,Transactions!$B:$B,""<=""&D$12)",A21,
YearlyReport,E21,"=SUMIFS(Transactions!$J:$J,Transactions!$G:$G,$A21,Transactions!$B:$B,"">=""&E$11,Transactions!$B:$B,""<=""&E$12)-SUMIFS(Transactions!$I:$I,Transactions!$G:$G,$A21,Transactions!$B:$B,"">=""&E$11,Transactions!$B:$B,""<=""&E$12)",A21,
YearlyReport,F21,"=SUMIFS(Transactions!$J:$J,Transactions!$G:$G,$A21,Transactions!$B:$B,"">=""&F$11,Transactions!$B:$B,""<=""&F$12)-SUMIFS(Transactions!$I:$I,Transactions!$G:$G,$A21,Transactions!$B:$B,"">=""&F$11,Transactions!$B:$B,""<=""&F$12)",A21,
YearlyReport,G21,"=SUMIFS(Transactions!$J:$J,Transactions!$G:$G,$A21,Transactions!$B:$B,"">=""&G$11,Transactions!$B:$B,""<=""&G$12)-SUMIFS(Transactions!$I:$I,Transactions!$G:$G,$A21,Transactions!$B:$B,"">=""&G$11,Transactions!$B:$B,""<=""&G$12)",A21,
YearlyReport,H21,"=SUMIFS(Transactions!$J:$J,Transactions!$G:$G,$A21,Transactions!$B:$B,"">=""&H$11,Transactions!$B:$B,""<=""&H$12)-SUMIFS(Transactions!$I:$I,Transactions!$G:$G,$A21,Transactions!$B:$B,"">=""&H$11,Transactions!$B:$B,""<=""&H$12)",A21,
YearlyReport,I21,"=SUMIFS(Transactions!$J:$J,Transactions!$G:$G,$A21,Transactions!$B:$B,"">=""&I$11,Transactions!$B:$B,""<=""&I$12)-SUMIFS(Transactions!$I:$I,Transactions!$G:$G,$A21,Transactions!$B:$B,"">=""&I$11,Transactions!$B:$B,""<=""&I$12)",A21,
YearlyReport,J21,"=SUMIFS(Transactions!$J:$J,Transactions!$G:$G,$A21,Transactions!$B:$B,"">=""&J$11,Transactions!$B:$B,""<=""&J$12)-SUMIFS(Transactions!$I:$I,Transactions!$G:$G,$A21,Transactions!$B:$B,"">=""&J$11,Transactions!$B:$B,""<=""&J$12)",A21,
YearlyReport,K21,"=SUMIFS(Transactions!$J:$J,Transactions!$G:$G,$A21,Transactions!$B:$B,"">=""&K$11,Transactions!$B:$B,""<=""&K$12)-SUMIFS(Transactions!$I:$I,Transactions!$G:$G,$A21,Transactions!$B:$B,"">=""&K$11,Transactions!$B:$B,""<=""&K$12)",A21,
YearlyReport,L21,"=SUMIFS(Transactions!$J:$J,Transactions!$G:$G,$A21,Transactions!$B:$B,"">=""&L$11,Transactions!$B:$B,""<=""&L$12)-SUMIFS(Transactions!$I:$I,Transactions!$G:$G,$A21,Transactions!$B:$B,"">=""&L$11,Transactions!$B:$B,""<=""&L$12)",A21,
YearlyReport,M21,"=SUMIFS(Transactions!$J:$J,Transactions!$G:$G,$A21,Transactions!$B:$B,"">=""&M$11,Transactions!$B:$B,""<=""&M$12)-SUMIFS(Transactions!$I:$I,Transactions!$G:$G,$A21,Transactions!$B:$B,"">=""&M$11,Transactions!$B:$B,""<=""&M$12)",A21,
YearlyReport,N21,"=SUMIFS(Transactions!$J:$J,Transactions!$G:$G,$A21,Transactions!$B:$B,"">=""&N$11,Transactions!$B:$B,""<=""&N$12)-SUMIFS(Transactions!$I:$I,Transactions!$G:$G,$A21,Transactions!$B:$B,"">=""&N$11,Transactions!$B:$B,""<=""&N$12)",A21,"YearlyReport!O21,YearlyReport!P21"
YearlyReport,O21,=SUM(C21:N21),"C21,N21",YearlyReport!P21
YearlyReport,P21,=O21/COLUMNS(C21:N21),"O21,C21,N21",
YearlyReport,A22,Wages & Tips,,"YearlyReport!C22,YearlyReport!D22,YearlyReport!E22,YearlyReport!F22,YearlyReport!G22,YearlyReport!H22,YearlyReport!I22,YearlyReport!J22,YearlyReport!K22,YearlyReport!L22,YearlyReport!M22,YearlyReport!N22"
YearlyReport,B22,,,
YearlyReport,C22,"=SUMIFS(Transactions!$J:$J,Transactions!$G:$G,$A22,Transactions!$B:$B,"">=""&C$11,Transactions!$B:$B,""<=""&C$12)-SUMIFS(Transactions!$I:$I,Transactions!$G:$G,$A22,Transactions!$B:$B,"">=""&C$11,Transactions!$B:$B,""<=""&C$12)",A22,"YearlyReport!O22,YearlyReport!P22"
YearlyReport,D22,"=SUMIFS(Transactions!$J:$J,Transactions!$G:$G,$A22,Transactions!$B:$B,"">=""&D$11,Transactions!$B:$B,""<=""&D$12)-SUMIFS(Transactions!$I:$I,Transactions!$G:$G,$A22,Transactions!$B:$B,"">=""&D$11,Transactions!$B:$B,""<=""&D$12)",A22,
YearlyReport,E22,"=SUMIFS(Transactions!$J:$J,Transactions!$G:$G,$A22,Transactions!$B:$B,"">=""&E$11,Transactions!$B:$B,""<=""&E$12)-SUMIFS(Transactions!$I:$I,Transactions!$G:$G,$A22,Transactions!$B:$B,"">=""&E$11,Transactions!$B:$B,""<=""&E$12)",A22,
YearlyReport,F22,"=SUMIFS(Transactions!$J:$J,Transactions!$G:$G,$A22,Transactions!$B:$B,"">=""&F$11,Transactions!$B:$B,""<=""&F$12)-SUMIFS(Transactions!$I:$I,Transactions!$G:$G,$A22,Transactions!$B:$B,"">=""&F$11,Transactions!$B:$B,""<=""&F$12)",A22,
YearlyReport,G22,"=SUMIFS(Transactions!$J:$J,Transactions!$G:$G,$A22,Transactions!$B:$B,"">=""&G$11,Transactions!$B:$B,""<=""&G$12)-SUMIFS(Transactions!$I:$I,Transactions!$G:$G,$A22,Transactions!$B:$B,"">=""&G$11,Transactions!$B:$B,""<=""&G$12)",A22,
YearlyReport,H22,"=SUMIFS(Transactions!$J:$J,Transactions!$G:$G,$A22,Transactions!$B:$B,"">=""&H$11,Transactions!$B:$B,""<=""&H$12)-SUMIFS(Transactions!$I:$I,Transactions!$G:$G,$A22,Transactions!$B:$B,"">=""&H$11,Transactions!$B:$B,""<=""&H$12)",A22,
YearlyReport,I22,"=SUMIFS(Transactions!$J:$J,Transactions!$G:$G,$A22,Transactions!$B:$B,"">=""&I$11,Transactions!$B:$B,""<=""&I$12)-SUMIFS(Transactions!$I:$I,Transactions!$G:$G,$A22,Transactions!$B:$B,"">=""&I$11,Transactions!$B:$B,""<=""&I$12)",A22,
YearlyReport,J22,"=SUMIFS(Transactions!$J:$J,Transactions!$G:$G,$A22,Transactions!$B:$B,"">=""&J$11,Transactions!$B:$B,""<=""&J$12)-SUMIFS(Transactions!$I:$I,Transactions!$G:$G,$A22,Transactions!$B:$B,"">=""&J$11,Transactions!$B:$B,""<=""&J$12)",A22,
YearlyReport,K22,"=SUMIFS(Transactions!$J:$J,Transactions!$G:$G,$A22,Transactions!$B:$B,"">=""&K$11,Transactions!$B:$B,""<=""&K$12)-SUMIFS(Transactions!$I:$I,Transactions!$G:$G,$A22,Transactions!$B:$B,"">=""&K$11,Transactions!$B:$B,""<=""&K$12)",A22,
YearlyReport,L22,"=SUMIFS(Transactions!$J:$J,Transactions!$G:$G,$A22,Transactions!$B:$B,"">=""&L$11,Transactions!$B:$B,""<=""&L$12)-SUMIFS(Transactions!$I:$I,Transactions!$G:$G,$A22,Transactions!$B:$B,"">=""&L$11,Transactions!$B:$B,""<=""&L$12)",A22,
YearlyReport,M22,"=SUMIFS(Transactions!$J:$J,Transactions!$G:$G,$A22,Transactions!$B:$B,"">=""&M$11,Transactions!$B:$B,""<=""&M$12)-SUMIFS(Transactions!$I:$I,Transactions!$G:$G,$A22,Transactions!$B:$B,"">=""&M$11,Transactions!$B:$B,""<=""&M$12)",A22,
YearlyReport,N22,"=SUMIFS(Transactions!$J:$J,Transactions!$G:$G,$A22,Transactions!$B:$B,"">=""&N$11,Transactions!$B:$B,""<=""&N$12)-SUMIFS(Transactions!$I:$I,Transactions!$G:$G,$A22,Transactions!$B:$B,"">=""&N$11,Transactions!$B:$B,""<=""&N$12)",A22,"YearlyReport!O22,YearlyReport!P22"
YearlyReport,O22,=SUM(C22:N22),"C22,N22",YearlyReport!P22
YearlyReport,P22,=O22/COLUMNS(C22:N22),"O22,C22,N22",
YearlyReport,A23, - ,,"YearlyReport!C23,YearlyReport!D23,YearlyReport!E23,YearlyReport!F23,YearlyReport!G23,YearlyReport!H23,YearlyReport!I23,YearlyReport!J23,YearlyReport!K23,YearlyReport!L23,YearlyReport!M23,YearlyReport!N23"
YearlyReport,B23,,,
YearlyReport,C23,"=SUMIFS(Transactions!$J:$J,Transactions!$G:$G,$A23,Transactions!$B:$B,"">=""&C$11,Transactions!$B:$B,""<=""&C$12)-SUMIFS(Transactions!$I:$I,Transactions!$G:$G,$A23,Transactions!$B:$B,"">=""&C$11,Transactions!$B:$B,""<=""&C$12)",A23,"YearlyReport!O23,YearlyReport!P23"
YearlyReport,D23,"=SUMIFS(Transactions!$J:$J,Transactions!$G:$G,$A23,Transactions!$B:$B,"">=""&D$11,Transactions!$B:$B,""<=""&D$12)-SUMIFS(Transactions!$I:$I,Transactions!$G:$G,$A23,Transactions!$B:$B,"">=""&D$11,Transactions!$B:$B,""<=""&D$12)",A23,
YearlyReport,E23,"=SUMIFS(Transactions!$J:$J,Transactions!$G:$G,$A23,Transactions!$B:$B,"">=""&E$11,Transactions!$B:$B,""<=""&E$12)-SUMIFS(Transactions!$I:$I,Transactions!$G:$G,$A23,Transactions!$B:$B,"">=""&E$11,Transactions!$B:$B,""<=""&E$12)",A23,
YearlyReport,F23,"=SUMIFS(Transactions!$J:$J,Transactions!$G:$G,$A23,Transactions!$B:$B,"">=""&F$11,Transactions!$B:$B,""<=""&F$12)-SUMIFS(Transactions!$I:$I,Transactions!$G:$G,$A23,Transactions!$B:$B,"">=""&F$11,Transactions!$B:$B,""<=""&F$12)",A23,
YearlyReport,G23,"=SUMIFS(Transactions!$J:$J,Transactions!$G:$G,$A23,Transactions!$B:$B,"">=""&G$11,Transactions!$B:$B,""<=""&G$12)-SUMIFS(Transactions!$I:$I,Transactions!$G:$G,$A23,Transactions!$B:$B,"">=""&G$11,Transactions!$B:$B,""<=""&G$12)",A23,
YearlyReport,H23,"=SUMIFS(Transactions!$J:$J,Transactions!$G:$G,$A23,Transactions!$B:$B,"">=""&H$11,Transactions!$B:$B,""<=""&H$12)-SUMIFS(Transactions!$I:$I,Transactions!$G:$G,$A23,Transactions!$B:$B,"">=""&H$11,Transactions!$B:$B,""<=""&H$12)",A23,
YearlyReport,I23,"=SUMIFS(Transactions!$J:$J,Transactions!$G:$G,$A23,Transactions!$B:$B,"">=""&I$11,Transactions!$B:$B,""<=""&I$12)-SUMIFS(Transactions!$I:$I,Transactions!$G:$G,$A23,Transactions!$B:$B,"">=""&I$11,Transactions!$B:$B,""<=""&I$12)",A23,
YearlyReport,J23,"=SUMIFS(Transactions!$J:$J,Transactions!$G:$G,$A23,Transactions!$B:$B,"">=""&J$11,Transactions!$B:$B,""<=""&J$12)-SUMIFS(Transactions!$I:$I,Transactions!$G:$G,$A23,Transactions!$B:$B,"">=""&J$11,Transactions!$B:$B,""<=""&J$12)",A23,
YearlyReport,K23,"=SUMIFS(Transactions!$J:$J,Transactions!$G:$G,$A23,Transactions!$B:$B,"">=""&K$11,Transactions!$B:$B,""<=""&K$12)-SUMIFS(Transactions!$I:$I,Transactions!$G:$G,$A23,Transactions!$B:$B,"">=""&K$11,Transactions!$B:$B,""<=""&K$12)",A23,
YearlyReport,L23,"=SUMIFS(Transactions!$J:$J,Transactions!$G:$G,$A23,Transactions!$B:$B,"">=""&L$11,Transactions!$B:$B,""<=""&L$12)-SUMIFS(Transactions!$I:$I,Transactions!$G:$G,$A23,Transactions!$B:$B,"">=""&L$11,Transactions!$B:$B,""<=""&L$12)",A23,
YearlyReport,M23,"=SUMIFS(Transactions!$J:$J,Transactions!$G:$G,$A23,Transactions!$B:$B,"">=""&M$11,Transactions!$B:$B,""<=""&M$12)-SUMIFS(Transactions!$I:$I,Transactions!$G:$G,$A23,Transactions!$B:$B,"">=""&M$11,Transactions!$B:$B,""<=""&M$12)",A23,
YearlyReport,N23,"=SUMIFS(Transactions!$J:$J,Transactions!$G:$G,$A23,Transactions!$B:$B,"">=""&N$11,Transactions!$B:$B,""<=""&N$12)-SUMIFS(Transactions!$I:$I,Transactions!$G:$G,$A23,Transactions!$B:$B,"">=""&N$11,Transactions!$B:$B,""<=""&N$12)",A23,"YearlyReport!O23,YearlyReport!P23"
YearlyReport,O23,=SUM(C23:N23),"C23,N23",YearlyReport!P23
YearlyReport,P23,=O23/COLUMNS(C23:N23),"O23,C23,N23",
YearlyReport,A24, - ,,"YearlyReport!C24,YearlyReport!D24,YearlyReport!E24,YearlyReport!F24,YearlyReport!G24,YearlyReport!H24,YearlyReport!I24,YearlyReport!J24,YearlyReport!K24,YearlyReport!L24,YearlyReport!M24,YearlyReport!N24"
YearlyReport,B24,,,
YearlyReport,C24,"=SUMIFS(Transactions!$J:$J,Transactions!$G:$G,$A24,Transactions!$B:$B,"">=""&C$11,Transactions!$B:$B,""<=""&C$12)-SUMIFS(Transactions!$I:$I,Transactions!$G:$G,$A24,Transactions!$B:$B,"">=""&C$11,Transactions!$B:$B,""<=""&C$12)",A24,"YearlyReport!O24,YearlyReport!P24"
YearlyReport,D24,"=SUMIFS(Transactions!$J:$J,Transactions!$G:$G,$A24,Transactions!$B:$B,"">=""&D$11,Transactions!$B:$B,""<=""&D$12)-SUMIFS(Transactions!$I:$I,Transactions!$G:$G,$A24,Transactions!$B:$B,"">=""&D$11,Transactions!$B:$B,""<=""&D$12)",A24,
YearlyReport,E24,"=SUMIFS(Transactions!$J:$J,Transactions!$G:$G,$A24,Transactions!$B:$B,"">=""&E$11,Transactions!$B:$B,""<=""&E$12)-SUMIFS(Transactions!$I:$I,Transactions!$G:$G,$A24,Transactions!$B:$B,"">=""&E$11,Transactions!$B:$B,""<=""&E$12)",A24,
YearlyReport,F24,"=SUMIFS(Transactions!$J:$J,Transactions!$G:$G,$A24,Transactions!$B:$B,"">=""&F$11,Transactions!$B:$B,""<=""&F$12)-SUMIFS(Transactions!$I:$I,Transactions!$G:$G,$A24,Transactions!$B:$B,"">=""&F$11,Transactions!$B:$B,""<=""&F$12)",A24,
YearlyReport,G24,"=SUMIFS(Transactions!$J:$J,Transactions!$G:$G,$A24,Transactions!$B:$B,"">=""&G$11,Transactions!$B:$B,""<=""&G$12)-SUMIFS(Transactions!$I:$I,Transactions!$G:$G,$A24,Transactions!$B:$B,"">=""&G$11,Transactions!$B:$B,""<=""&G$12)",A24,
YearlyReport,H24,"=SUMIFS(Transactions!$J:$J,Transactions!$G:$G,$A24,Transactions!$B:$B,"">=""&H$11,Transactions!$B:$B,""<=""&H$12)-SUMIFS(Transactions!$I:$I,Transactions!$G:$G,$A24,Transactions!$B:$B,"">=""&H$11,Transactions!$B:$B,""<=""&H$12)",A24,
YearlyReport,I24,"=SUMIFS(Transactions!$J:$J,Transactions!$G:$G,$A24,Transactions!$B:$B,"">=""&I$11,Transactions!$B:$B,""<=""&I$12)-SUMIFS(Transactions!$I:$I,Transactions!$G:$G,$A24,Transactions!$B:$B,"">=""&I$11,Transactions!$B:$B,""<=""&I$12)",A24,
YearlyReport,J24,"=SUMIFS(Transactions!$J:$J,Transactions!$G:$G,$A24,Transactions!$B:$B,"">=""&J$11,Transactions!$B:$B,""<=""&J$12)-SUMIFS(Transactions!$I:$I,Transactions!$G:$G,$A24,Transactions!$B:$B,"">=""&J$11,Transactions!$B:$B,""<=""&J$12)",A24,
YearlyReport,K24,"=SUMIFS(Transactions!$J:$J,Transactions!$G:$G,$A24,Transactions!$B:$B,"">=""&K$11,Transactions!$B:$B,""<=""&K$12)-SUMIFS(Transactions!$I:$I,Transactions!$G:$G,$A24,Transactions!$B:$B,"">=""&K$11,Transactions!$B:$B,""<=""&K$12)",A24,
YearlyReport,L24,"=SUMIFS(Transactions!$J:$J,Transactions!$G:$G,$A24,Transactions!$B:$B,"">=""&L$11,Transactions!$B:$B,""<=""&L$12)-SUMIFS(Transactions!$I:$I,Transactions!$G:$G,$A24,Transactions!$B:$B,"">=""&L$11,Transactions!$B:$B,""<=""&L$12)",A24,
YearlyReport,M24,"=SUMIFS(Transactions!$J:$J,Transactions!$G:$G,$A24,Transactions!$B:$B,"">=""&M$11,Transactions!$B:$B,""<=""&M$12)-SUMIFS(Transactions!$I:$I,Transactions!$G:$G,$A24,Transactions!$B:$B,"">=""&M$11,Transactions!$B:$B,""<=""&M$12)",A24,
YearlyReport,N24,"=SUMIFS(Transactions!$J:$J,Transactions!$G:$G,$A24,Transactions!$B:$B,"">=""&N$11,Transactions!$B:$B,""<=""&N$12)-SUMIFS(Transactions!$I:$I,Transactions!$G:$G,$A24,Transactions!$B:$B,"">=""&N$11,Transactions!$B:$B,""<=""&N$12)",A24,"YearlyReport!O24,YearlyReport!P24"
YearlyReport,O24,=SUM(C24:N24),"C24,N24",YearlyReport!P24
YearlyReport,P24,=O24/COLUMNS(C24:N24),"O24,C24,N24",
YearlyReport,A25, - ,,"YearlyReport!C25,YearlyReport!D25,YearlyReport!E25,YearlyReport!F25,YearlyReport!G25,YearlyReport!H25,YearlyReport!I25,YearlyReport!J25,YearlyReport!K25,YearlyReport!L25,YearlyReport!M25,YearlyReport!N25"
YearlyReport,B25,,,
YearlyReport,C25,"=SUMIFS(Transactions!$J:$J,Transactions!$G:$G,$A25,Transactions!$B:$B,"">=""&C$11,Transactions!$B:$B,""<=""&C$12)-SUMIFS(Transactions!$I:$I,Transactions!$G:$G,$A25,Transactions!$B:$B,"">=""&C$11,Transactions!$B:$B,""<=""&C$12)",A25,"YearlyReport!O25,YearlyReport!P25"
YearlyReport,D25,"=SUMIFS(Transactions!$J:$J,Transactions!$G:$G,$A25,Transactions!$B:$B,"">=""&D$11,Transactions!$B:$B,""<=""&D$12)-SUMIFS(Transactions!$I:$I,Transactions!$G:$G,$A25,Transactions!$B:$B,"">=""&D$11,Transactions!$B:$B,""<=""&D$12)",A25,
YearlyReport,E25,"=SUMIFS(Transactions!$J:$J,Transactions!$G:$G,$A25,Transactions!$B:$B,"">=""&E$11,Transactions!$B:$B,""<=""&E$12)-SUMIFS(Transactions!$I:$I,Transactions!$G:$G,$A25,Transactions!$B:$B,"">=""&E$11,Transactions!$B:$B,""<=""&E$12)",A25,
YearlyReport,F25,"=SUMIFS(Transactions!$J:$J,Transactions!$G:$G,$A25,Transactions!$B:$B,"">=""&F$11,Transactions!$B:$B,""<=""&F$12)-SUMIFS(Transactions!$I:$I,Transactions!$G:$G,$A25,Transactions!$B:$B,"">=""&F$11,Transactions!$B:$B,""<=""&F$12)",A25,
YearlyReport,G25,"=SUMIFS(Transactions!$J:$J,Transactions!$G:$G,$A25,Transactions!$B:$B,"">=""&G$11,Transactions!$B:$B,""<=""&G$12)-SUMIFS(Transactions!$I:$I,Transactions!$G:$G,$A25,Transactions!$B:$B,"">=""&G$11,Transactions!$B:$B,""<=""&G$12)",A25,
YearlyReport,H25,"=SUMIFS(Transactions!$J:$J,Transactions!$G:$G,$A25,Transactions!$B:$B,"">=""&H$11,Transactions!$B:$B,""<=""&H$12)-SUMIFS(Transactions!$I:$I,Transactions!$G:$G,$A25,Transactions!$B:$B,"">=""&H$11,Transactions!$B:$B,""<=""&H$12)",A25,
YearlyReport,I25,"=SUMIFS(Transactions!$J:$J,Transactions!$G:$G,$A25,Transactions!$B:$B,"">=""&I$11,Transactions!$B:$B,""<=""&I$12)-SUMIFS(Transactions!$I:$I,Transactions!$G:$G,$A25,Transactions!$B:$B,"">=""&I$11,Transactions!$B:$B,""<=""&I$12)",A25,
YearlyReport,J25,"=SUMIFS(Transactions!$J:$J,Transactions!$G:$G,$A25,Transactions!$B:$B,"">=""&J$11,Transactions!$B:$B,""<=""&J$12)-SUMIFS(Transactions!$I:$I,Transactions!$G:$G,$A25,Transactions!$B:$B,"">=""&J$11,Transactions!$B:$B,""<=""&J$12)",A25,
YearlyReport,K25,"=SUMIFS(Transactions!$J:$J,Transactions!$G:$G,$A25,Transactions!$B:$B,"">=""&K$11,Transactions!$B:$B,""<=""&K$12)-SUMIFS(Transactions!$I:$I,Transactions!$G:$G,$A25,Transactions!$B:$B,"">=""&K$11,Transactions!$B:$B,""<=""&K$12)",A25,
YearlyReport,L25,"=SUMIFS(Transactions!$J:$J,Transactions!$G:$G,$A25,Transactions!$B:$B,"">=""&L$11,Transactions!$B:$B,""<=""&L$12)-SUMIFS(Transactions!$I:$I,Transactions!$G:$G,$A25,Transactions!$B:$B,"">=""&L$11,Transactions!$B:$B,""<=""&L$12)",A25,
YearlyReport,M25,"=SUMIFS(Transactions!$J:$J,Transactions!$G:$G,$A25,Transactions!$B:$B,"">=""&M$11,Transactions!$B:$B,""<=""&M$12)-SUMIFS(Transactions!$I:$I,Transactions!$G:$G,$A25,Transactions!$B:$B,"">=""&M$11,Transactions!$B:$B,""<=""&M$12)",A25,
YearlyReport,N25,"=SUMIFS(Transactions!$J:$J,Transactions!$G:$G,$A25,Transactions!$B:$B,"">=""&N$11,Transactions!$B:$B,""<=""&N$12)-SUMIFS(Transactions!$I:$I,Transactions!$G:$G,$A25,Transactions!$B:$B,"">=""&N$11,Transactions!$B:$B,""<=""&N$12)",A25,"YearlyReport!O25,YearlyReport!P25"
YearlyReport,O25,=SUM(C25:N25),"C25,N25",YearlyReport!P25
YearlyReport,P25,=O25/COLUMNS(C25:N25),"O25,C25,N25",
YearlyReport,A26, - ,,"YearlyReport!C26,YearlyReport!D26,YearlyReport!E26,YearlyReport!F26,YearlyReport!G26,YearlyReport!H26,YearlyReport!I26,YearlyReport!J26,YearlyReport!K26,YearlyReport!L26,YearlyReport!M26,YearlyReport!N26"
YearlyReport,B26,,,
YearlyReport,C26,"=SUMIFS(Transactions!$J:$J,Transactions!$G:$G,$A26,Transactions!$B:$B,"">=""&C$11,Transactions!$B:$B,""<=""&C$12)-SUMIFS(Transactions!$I:$I,Transactions!$G:$G,$A26,Transactions!$B:$B,"">=""&C$11,Transactions!$B:$B,""<=""&C$12)",A26,"YearlyReport!O26,YearlyReport!P26"
YearlyReport,D26,"=SUMIFS(Transactions!$J:$J,Transactions!$G:$G,$A26,Transactions!$B:$B,"">=""&D$11,Transactions!$B:$B,""<=""&D$12)-SUMIFS(Transactions!$I:$I,Transactions!$G:$G,$A26,Transactions!$B:$B,"">=""&D$11,Transactions!$B:$B,""<=""&D$12)",A26,
YearlyReport,E26,"=SUMIFS(Transactions!$J:$J,Transactions!$G:$G,$A26,Transactions!$B:$B,"">=""&E$11,Transactions!$B:$B,""<=""&E$12)-SUMIFS(Transactions!$I:$I,Transactions!$G:$G,$A26,Transactions!$B:$B,"">=""&E$11,Transactions!$B:$B,""<=""&E$12)",A26,
YearlyReport,F26,"=SUMIFS(Transactions!$J:$J,Transactions!$G:$G,$A26,Transactions!$B:$B,"">=""&F$11,Transactions!$B:$B,""<=""&F$12)-SUMIFS(Transactions!$I:$I,Transactions!$G:$G,$A26,Transactions!$B:$B,"">=""&F$11,Transactions!$B:$B,""<=""&F$12)",A26,
YearlyReport,G26,"=SUMIFS(Transactions!$J:$J,Transactions!$G:$G,$A26,Transactions!$B:$B,"">=""&G$11,Transactions!$B:$B,""<=""&G$12)-SUMIFS(Transactions!$I:$I,Transactions!$G:$G,$A26,Transactions!$B:$B,"">=""&G$11,Transactions!$B:$B,""<=""&G$12)",A26,
YearlyReport,H26,"=SUMIFS(Transactions!$J:$J,Transactions!$G:$G,$A26,Transactions!$B:$B,"">=""&H$11,Transactions!$B:$B,""<=""&H$12)-SUMIFS(Transactions!$I:$I,Transactions!$G:$G,$A26,Transactions!$B:$B,"">=""&H$11,Transactions!$B:$B,""<=""&H$12)",A26,
YearlyReport,I26,"=SUMIFS(Transactions!$J:$J,Transactions!$G:$G,$A26,Transactions!$B:$B,"">=""&I$11,Transactions!$B:$B,""<=""&I$12)-SUMIFS(Transactions!$I:$I,Transactions!$G:$G,$A26,Transactions!$B:$B,"">=""&I$11,Transactions!$B:$B,""<=""&I$12)",A26,
YearlyReport,J26,"=SUMIFS(Transactions!$J:$J,Transactions!$G:$G,$A26,Transactions!$B:$B,"">=""&J$11,Transactions!$B:$B,""<=""&J$12)-SUMIFS(Transactions!$I:$I,Transactions!$G:$G,$A26,Transactions!$B:$B,"">=""&J$11,Transactions!$B:$B,""<=""&J$12)",A26,
YearlyReport,K26,"=SUMIFS(Transactions!$J:$J,Transactions!$G:$G,$A26,Transactions!$B:$B,"">=""&K$11,Transactions!$B:$B,""<=""&K$12)-SUMIFS(Transactions!$I:$I,Transactions!$G:$G,$A26,Transactions!$B:$B,"">=""&K$11,Transactions!$B:$B,""<=""&K$12)",A26,
YearlyReport,L26,"=SUMIFS(Transactions!$J:$J,Transactions!$G:$G,$A26,Transactions!$B:$B,"">=""&L$11,Transactions!$B:$B,""<=""&L$12)-SUMIFS(Transactions!$I:$I,Transactions!$G:$G,$A26,Transactions!$B:$B,"">=""&L$11,Transactions!$B:$B,""<=""&L$12)",A26,
YearlyReport,M26,"=SUMIFS(Transactions!$J:$J,Transactions!$G:$G,$A26,Transactions!$B:$B,"">=""&M$11,Transactions!$B:$B,""<=""&M$12)-SUMIFS(Transactions!$I:$I,Transactions!$G:$G,$A26,Transactions!$B:$B,"">=""&M$11,Transactions!$B:$B,""<=""&M$12)",A26,
YearlyReport,N26,"=SUMIFS(Transactions!$J:$J,Transactions!$G:$G,$A26,Transactions!$B:$B,"">=""&N$11,Transactions!$B:$B,""<=""&N$12)-SUMIFS(Transactions!$I:$I,Transactions!$G:$G,$A26,Transactions!$B:$B,"">=""&N$11,Transactions!$B:$B,""<=""&N$12)",A26,"YearlyReport!O26,YearlyReport!P26"
YearlyReport,O26,=SUM(C26:N26),"C26,N26",YearlyReport!P26
YearlyReport,P26,=O26/COLUMNS(C26:N26),"O26,C26,N26",
YearlyReport,A27, - ,,"YearlyReport!C27,YearlyReport!D27,YearlyReport!E27,YearlyReport!F27,YearlyReport!G27,YearlyReport!H27,YearlyReport!I27,YearlyReport!J27,YearlyReport!K27,YearlyReport!L27,YearlyReport!M27,YearlyReport!N27"
YearlyReport,B27,,,
YearlyReport,C27,"=SUMIFS(Transactions!$J:$J,Transactions!$G:$G,$A27,Transactions!$B:$B,"">=""&C$11,Transactions!$B:$B,""<=""&C$12)-SUMIFS(Transactions!$I:$I,Transactions!$G:$G,$A27,Transactions!$B:$B,"">=""&C$11,Transactions!$B:$B,""<=""&C$12)",A27,"YearlyReport!O27,YearlyReport!P27"
YearlyReport,D27,"=SUMIFS(Transactions!$J:$J,Transactions!$G:$G,$A27,Transactions!$B:$B,"">=""&D$11,Transactions!$B:$B,""<=""&D$12)-SUMIFS(Transactions!$I:$I,Transactions!$G:$G,$A27,Transactions!$B:$B,"">=""&D$11,Transactions!$B:$B,""<=""&D$12)",A27,
YearlyReport,E27,"=SUMIFS(Transactions!$J:$J,Transactions!$G:$G,$A27,Transactions!$B:$B,"">=""&E$11,Transactions!$B:$B,""<=""&E$12)-SUMIFS(Transactions!$I:$I,Transactions!$G:$G,$A27,Transactions!$B:$B,"">=""&E$11,Transactions!$B:$B,""<=""&E$12)",A27,
YearlyReport,F27,"=SUMIFS(Transactions!$J:$J,Transactions!$G:$G,$A27,Transactions!$B:$B,"">=""&F$11,Transactions!$B:$B,""<=""&F$12)-SUMIFS(Transactions!$I:$I,Transactions!$G:$G,$A27,Transactions!$B:$B,"">=""&F$11,Transactions!$B:$B,""<=""&F$12)",A27,
YearlyReport,G27,"=SUMIFS(Transactions!$J:$J,Transactions!$G:$G,$A27,Transactions!$B:$B,"">=""&G$11,Transactions!$B:$B,""<=""&G$12)-SUMIFS(Transactions!$I:$I,Transactions!$G:$G,$A27,Transactions!$B:$B,"">=""&G$11,Transactions!$B:$B,""<=""&G$12)",A27,
YearlyReport,H27,"=SUMIFS(Transactions!$J:$J,Transactions!$G:$G,$A27,Transactions!$B:$B,"">=""&H$11,Transactions!$B:$B,""<=""&H$12)-SUMIFS(Transactions!$I:$I,Transactions!$G:$G,$A27,Transactions!$B:$B,"">=""&H$11,Transactions!$B:$B,""<=""&H$12)",A27,
YearlyReport,I27,"=SUMIFS(Transactions!$J:$J,Transactions!$G:$G,$A27,Transactions!$B:$B,"">=""&I$11,Transactions!$B:$B,""<=""&I$12)-SUMIFS(Transactions!$I:$I,Transactions!$G:$G,$A27,Transactions!$B:$B,"">=""&I$11,Transactions!$B:$B,""<=""&I$12)",A27,
YearlyReport,J27,"=SUMIFS(Transactions!$J:$J,Transactions!$G:$G,$A27,Transactions!$B:$B,"">=""&J$11,Transactions!$B:$B,""<=""&J$12)-SUMIFS(Transactions!$I:$I,Transactions!$G:$G,$A27,Transactions!$B:$B,"">=""&J$11,Transactions!$B:$B,""<=""&J$12)",A27,
YearlyReport,K27,"=SUMIFS(Transactions!$J:$J,Transactions!$G:$G,$A27,Transactions!$B:$B,"">=""&K$11,Transactions!$B:$B,""<=""&K$12)-SUMIFS(Transactions!$I:$I,Transactions!$G:$G,$A27,Transactions!$B:$B,"">=""&K$11,Transactions!$B:$B,""<=""&K$12)",A27,
YearlyReport,L27,"=SUMIFS(Transactions!$J:$J,Transactions!$G:$G,$A27,Transactions!$B:$B,"">=""&L$11,Transactions!$B:$B,""<=""&L$12)-SUMIFS(Transactions!$I:$I,Transactions!$G:$G,$A27,Transactions!$B:$B,"">=""&L$11,Transactions!$B:$B,""<=""&L$12)",A27,
YearlyReport,M27,"=SUMIFS(Transactions!$J:$J,Transactions!$G:$G,$A27,Transactions!$B:$B,"">=""&M$11,Transactions!$B:$B,""<=""&M$12)-SUMIFS(Transactions!$I:$I,Transactions!$G:$G,$A27,Transactions!$B:$B,"">=""&M$11,Transactions!$B:$B,""<=""&M$12)",A27,
YearlyReport,N27,"=SUMIFS(Transactions!$J:$J,Transactions!$G:$G,$A27,Transactions!$B:$B,"">=""&N$11,Transactions!$B:$B,""<=""&N$12)-SUMIFS(Transactions!$I:$I,Transactions!$G:$G,$A27,Transactions!$B:$B,"">=""&N$11,Transactions!$B:$B,""<=""&N$12)",A27,"YearlyReport!O27,YearlyReport!P27"
YearlyReport,O27,=SUM(C27:N27),"C27,N27",YearlyReport!P27
YearlyReport,P27,=O27/COLUMNS(C27:N27),"O27,C27,N27",
YearlyReport,A28, - ,,"YearlyReport!C28,YearlyReport!D28,YearlyReport!E28,YearlyReport!F28,YearlyReport!G28,YearlyReport!H28,YearlyReport!I28,YearlyReport!J28,YearlyReport!K28,YearlyReport!L28,YearlyReport!M28,YearlyReport!N28"
YearlyReport,B28,,,
YearlyReport,C28,"=SUMIFS(Transactions!$J:$J,Transactions!$G:$G,$A28,Transactions!$B:$B,"">=""&C$11,Transactions!$B:$B,""<=""&C$12)-SUMIFS(Transactions!$I:$I,Transactions!$G:$G,$A28,Transactions!$B:$B,"">=""&C$11,Transactions!$B:$B,""<=""&C$12)",A28,"YearlyReport!O28,YearlyReport!P28"
YearlyReport,D28,"=SUMIFS(Transactions!$J:$J,Transactions!$G:$G,$A28,Transactions!$B:$B,"">=""&D$11,Transactions!$B:$B,""<=""&D$12)-SUMIFS(Transactions!$I:$I,Transactions!$G:$G,$A28,Transactions!$B:$B,"">=""&D$11,Transactions!$B:$B,""<=""&D$12)",A28,
YearlyReport,E28,"=SUMIFS(Transactions!$J:$J,Transactions!$G:$G,$A28,Transactions!$B:$B,"">=""&E$11,Transactions!$B:$B,""<=""&E$12)-SUMIFS(Transactions!$I:$I,Transactions!$G:$G,$A28,Transactions!$B:$B,"">=""&E$11,Transactions!$B:$B,""<=""&E$12)",A28,
YearlyReport,F28,"=SUMIFS(Transactions!$J:$J,Transactions!$G:$G,$A28,Transactions!$B:$B,"">=""&F$11,Transactions!$B:$B,""<=""&F$12)-SUMIFS(Transactions!$I:$I,Transactions!$G:$G,$A28,Transactions!$B:$B,"">=""&F$11,Transactions!$B:$B,""<=""&F$12)",A28,
YearlyReport,G28,"=SUMIFS(Transactions!$J:$J,Transactions!$G:$G,$A28,Transactions!$B:$B,"">=""&G$11,Transactions!$B:$B,""<=""&G$12)-SUMIFS(Transactions!$I:$I,Transactions!$G:$G,$A28,Transactions!$B:$B,"">=""&G$11,Transactions!$B:$B,""<=""&G$12)",A28,
YearlyReport,H28,"=SUMIFS(Transactions!$J:$J,Transactions!$G:$G,$A28,Transactions!$B:$B,"">=""&H$11,Transactions!$B:$B,""<=""&H$12)-SUMIFS(Transactions!$I:$I,Transactions!$G:$G,$A28,Transactions!$B:$B,"">=""&H$11,Transactions!$B:$B,""<=""&H$12)",A28,
YearlyReport,I28,"=SUMIFS(Transactions!$J:$J,Transactions!$G:$G,$A28,Transactions!$B:$B,"">=""&I$11,Transactions!$B:$B,""<=""&I$12)-SUMIFS(Transactions!$I:$I,Transactions!$G:$G,$A28,Transactions!$B:$B,"">=""&I$11,Transactions!$B:$B,""<=""&I$12)",A28,
YearlyReport,J28,"=SUMIFS(Transactions!$J:$J,Transactions!$G:$G,$A28,Transactions!$B:$B,"">=""&J$11,Transactions!$B:$B,""<=""&J$12)-SUMIFS(Transactions!$I:$I,Transactions!$G:$G,$A28,Transactions!$B:$B,"">=""&J$11,Transactions!$B:$B,""<=""&J$12)",A28,
YearlyReport,K28,"=SUMIFS(Transactions!$J:$J,Transactions!$G:$G,$A28,Transactions!$B:$B,"">=""&K$11,Transactions!$B:$B,""<=""&K$12)-SUMIFS(Transactions!$I:$I,Transactions!$G:$G,$A28,Transactions!$B:$B,"">=""&K$11,Transactions!$B:$B,""<=""&K$12)",A28,
YearlyReport,L28,"=SUMIFS(Transactions!$J:$J,Transactions!$G:$G,$A28,Transactions!$B:$B,"">=""&L$11,Transactions!$B:$B,""<=""&L$12)-SUMIFS(Transactions!$I:$I,Transactions!$G:$G,$A28,Transactions!$B:$B,"">=""&L$11,Transactions!$B:$B,""<=""&L$12)",A28,
YearlyReport,M28,"=SUMIFS(Transactions!$J:$J,Transactions!$G:$G,$A28,Transactions!$B:$B,"">=""&M$11,Transactions!$B:$B,""<=""&M$12)-SUMIFS(Transactions!$I:$I,Transactions!$G:$G,$A28,Transactions!$B:$B,"">=""&M$11,Transactions!$B:$B,""<=""&M$12)",A28,
YearlyReport,N28,"=SUMIFS(Transactions!$J:$J,Transactions!$G:$G,$A28,Transactions!$B:$B,"">=""&N$11,Transactions!$B:$B,""<=""&N$12)-SUMIFS(Transactions!$I:$I,Transactions!$G:$G,$A28,Transactions!$B:$B,"">=""&N$11,Transactions!$B:$B,""<=""&N$12)",A28,"YearlyReport!O28,YearlyReport!P28"
YearlyReport,O28,=SUM(C28:N28),"C28,N28",YearlyReport!P28
YearlyReport,P28,=O28/COLUMNS(C28:N28),"O28,C28,N28",
YearlyReport,A29, - ,,"YearlyReport!C29,YearlyReport!D29,YearlyReport!E29,YearlyReport!F29,YearlyReport!G29,YearlyReport!H29,YearlyReport!I29,YearlyReport!J29,YearlyReport!K29,YearlyReport!L29,YearlyReport!M29,YearlyReport!N29"
YearlyReport,B29,,,
YearlyReport,C29,"=SUMIFS(Transactions!$J:$J,Transactions!$G:$G,$A29,Transactions!$B:$B,"">=""&C$11,Transactions!$B:$B,""<=""&C$12)-SUMIFS(Transactions!$I:$I,Transactions!$G:$G,$A29,Transactions!$B:$B,"">=""&C$11,Transactions!$B:$B,""<=""&C$12)",A29,"YearlyReport!O29,YearlyReport!P29"
YearlyReport,D29,"=SUMIFS(Transactions!$J:$J,Transactions!$G:$G,$A29,Transactions!$B:$B,"">=""&D$11,Transactions!$B:$B,""<=""&D$12)-SUMIFS(Transactions!$I:$I,Transactions!$G:$G,$A29,Transactions!$B:$B,"">=""&D$11,Transactions!$B:$B,""<=""&D$12)",A29,
YearlyReport,E29,"=SUMIFS(Transactions!$J:$J,Transactions!$G:$G,$A29,Transactions!$B:$B,"">=""&E$11,Transactions!$B:$B,""<=""&E$12)-SUMIFS(Transactions!$I:$I,Transactions!$G:$G,$A29,Transactions!$B:$B,"">=""&E$11,Transactions!$B:$B,""<=""&E$12)",A29,
YearlyReport,F29,"=SUMIFS(Transactions!$J:$J,Transactions!$G:$G,$A29,Transactions!$B:$B,"">=""&F$11,Transactions!$B:$B,""<=""&F$12)-SUMIFS(Transactions!$I:$I,Transactions!$G:$G,$A29,Transactions!$B:$B,"">=""&F$11,Transactions!$B:$B,""<=""&F$12)",A29,
YearlyReport,G29,"=SUMIFS(Transactions!$J:$J,Transactions!$G:$G,$A29,Transactions!$B:$B,"">=""&G$11,Transactions!$B:$B,""<=""&G$12)-SUMIFS(Transactions!$I:$I,Transactions!$G:$G,$A29,Transactions!$B:$B,"">=""&G$11,Transactions!$B:$B,""<=""&G$12)",A29,
YearlyReport,H29,"=SUMIFS(Transactions!$J:$J,Transactions!$G:$G,$A29,Transactions!$B:$B,"">=""&H$11,Transactions!$B:$B,""<=""&H$12)-SUMIFS(Transactions!$I:$I,Transactions!$G:$G,$A29,Transactions!$B:$B,"">=""&H$11,Transactions!$B:$B,""<=""&H$12)",A29,
YearlyReport,I29,"=SUMIFS(Transactions!$J:$J,Transactions!$G:$G,$A29,Transactions!$B:$B,"">=""&I$11,Transactions!$B:$B,""<=""&I$12)-SUMIFS(Transactions!$I:$I,Transactions!$G:$G,$A29,Transactions!$B:$B,"">=""&I$11,Transactions!$B:$B,""<=""&I$12)",A29,
YearlyReport,J29,"=SUMIFS(Transactions!$J:$J,Transactions!$G:$G,$A29,Transactions!$B:$B,"">=""&J$11,Transactions!$B:$B,""<=""&J$12)-SUMIFS(Transactions!$I:$I,Transactions!$G:$G,$A29,Transactions!$B:$B,"">=""&J$11,Transactions!$B:$B,""<=""&J$12)",A29,
YearlyReport,K29,"=SUMIFS(Transactions!$J:$J,Transactions!$G:$G,$A29,Transactions!$B:$B,"">=""&K$11,Transactions!$B:$B,""<=""&K$12)-SUMIFS(Transactions!$I:$I,Transactions!$G:$G,$A29,Transactions!$B:$B,"">=""&K$11,Transactions!$B:$B,""<=""&K$12)",A29,
YearlyReport,L29,"=SUMIFS(Transactions!$J:$J,Transactions!$G:$G,$A29,Transactions!$B:$B,"">=""&L$11,Transactions!$B:$B,""<=""&L$12)-SUMIFS(Transactions!$I:$I,Transactions!$G:$G,$A29,Transactions!$B:$B,"">=""&L$11,Transactions!$B:$B,""<=""&L$12)",A29,
YearlyReport,M29,"=SUMIFS(Transactions!$J:$J,Transactions!$G:$G,$A29,Transactions!$B:$B,"">=""&M$11,Transactions!$B:$B,""<=""&M$12)-SUMIFS(Transactions!$I:$I,Transactions!$G:$G,$A29,Transactions!$B:$B,"">=""&M$11,Transactions!$B:$B,""<=""&M$12)",A29,
YearlyReport,N29,"=SUMIFS(Transactions!$J:$J,Transactions!$G:$G,$A29,Transactions!$B:$B,"">=""&N$11,Transactions!$B:$B,""<=""&N$12)-SUMIFS(Transactions!$I:$I,Transactions!$G:$G,$A29,Transactions!$B:$B,"">=""&N$11,Transactions!$B:$B,""<=""&N$12)",A29,"YearlyReport!O29,YearlyReport!P29"
YearlyReport,O29,=SUM(C29:N29),"C29,N29",YearlyReport!P29
YearlyReport,P29,=O29/COLUMNS(C29:N29),"O29,C29,N29",
YearlyReport,A30, - ,,"YearlyReport!C30,YearlyReport!D30,YearlyReport!E30,YearlyReport!F30,YearlyReport!G30,YearlyReport!H30,YearlyReport!I30,YearlyReport!J30,YearlyReport!K30,YearlyReport!L30,YearlyReport!M30,YearlyReport!N30"
YearlyReport,B30,,,
YearlyReport,C30,"=SUMIFS(Transactions!$J:$J,Transactions!$G:$G,$A30,Transactions!$B:$B,"">=""&C$11,Transactions!$B:$B,""<=""&C$12)-SUMIFS(Transactions!$I:$I,Transactions!$G:$G,$A30,Transactions!$B:$B,"">=""&C$11,Transactions!$B:$B,""<=""&C$12)",A30,"YearlyReport!O30,YearlyReport!P30"
YearlyReport,D30,"=SUMIFS(Transactions!$J:$J,Transactions!$G:$G,$A30,Transactions!$B:$B,"">=""&D$11,Transactions!$B:$B,""<=""&D$12)-SUMIFS(Transactions!$I:$I,Transactions!$G:$G,$A30,Transactions!$B:$B,"">=""&D$11,Transactions!$B:$B,""<=""&D$12)",A30,
YearlyReport,E30,"=SUMIFS(Transactions!$J:$J,Transactions!$G:$G,$A30,Transactions!$B:$B,"">=""&E$11,Transactions!$B:$B,""<=""&E$12)-SUMIFS(Transactions!$I:$I,Transactions!$G:$G,$A30,Transactions!$B:$B,"">=""&E$11,Transactions!$B:$B,""<=""&E$12)",A30,
YearlyReport,F30,"=SUMIFS(Transactions!$J:$J,Transactions!$G:$G,$A30,Transactions!$B:$B,"">=""&F$11,Transactions!$B:$B,""<=""&F$12)-SUMIFS(Transactions!$I:$I,Transactions!$G:$G,$A30,Transactions!$B:$B,"">=""&F$11,Transactions!$B:$B,""<=""&F$12)",A30,
YearlyReport,G30,"=SUMIFS(Transactions!$J:$J,Transactions!$G:$G,$A30,Transactions!$B:$B,"">=""&G$11,Transactions!$B:$B,""<=""&G$12)-SUMIFS(Transactions!$I:$I,Transactions!$G:$G,$A30,Transactions!$B:$B,"">=""&G$11,Transactions!$B:$B,""<=""&G$12)",A30,
YearlyReport,H30,"=SUMIFS(Transactions!$J:$J,Transactions!$G:$G,$A30,Transactions!$B:$B,"">=""&H$11,Transactions!$B:$B,""<=""&H$12)-SUMIFS(Transactions!$I:$I,Transactions!$G:$G,$A30,Transactions!$B:$B,"">=""&H$11,Transactions!$B:$B,""<=""&H$12)",A30,
YearlyReport,I30,"=SUMIFS(Transactions!$J:$J,Transactions!$G:$G,$A30,Transactions!$B:$B,"">=""&I$11,Transactions!$B:$B,""<=""&I$12)-SUMIFS(Transactions!$I:$I,Transactions!$G:$G,$A30,Transactions!$B:$B,"">=""&I$11,Transactions!$B:$B,""<=""&I$12)",A30,
YearlyReport,J30,"=SUMIFS(Transactions!$J:$J,Transactions!$G:$G,$A30,Transactions!$B:$B,"">=""&J$11,Transactions!$B:$B,""<=""&J$12)-SUMIFS(Transactions!$I:$I,Transactions!$G:$G,$A30,Transactions!$B:$B,"">=""&J$11,Transactions!$B:$B,""<=""&J$12)",A30,
YearlyReport,K30,"=SUMIFS(Transactions!$J:$J,Transactions!$G:$G,$A30,Transactions!$B:$B,"">=""&K$11,Transactions!$B:$B,""<=""&K$12)-SUMIFS(Transactions!$I:$I,Transactions!$G:$G,$A30,Transactions!$B:$B,"">=""&K$11,Transactions!$B:$B,""<=""&K$12)",A30,
YearlyReport,L30,"=SUMIFS(Transactions!$J:$J,Transactions!$G:$G,$A30,Transactions!$B:$B,"">=""&L$11,Transactions!$B:$B,""<=""&L$12)-SUMIFS(Transactions!$I:$I,Transactions!$G:$G,$A30,Transactions!$B:$B,"">=""&L$11,Transactions!$B:$B,""<=""&L$12)",A30,
YearlyReport,M30,"=SUMIFS(Transactions!$J:$J,Transactions!$G:$G,$A30,Transactions!$B:$B,"">=""&M$11,Transactions!$B:$B,""<=""&M$12)-SUMIFS(Transactions!$I:$I,Transactions!$G:$G,$A30,Transactions!$B:$B,"">=""&M$11,Transactions!$B:$B,""<=""&M$12)",A30,
YearlyReport,N30,"=SUMIFS(Transactions!$J:$J,Transactions!$G:$G,$A30,Transactions!$B:$B,"">=""&N$11,Transactions!$B:$B,""<=""&N$12)-SUMIFS(Transactions!$I:$I,Transactions!$G:$G,$A30,Transactions!$B:$B,"">=""&N$11,Transactions!$B:$B,""<=""&N$12)",A30,"YearlyReport!O30,YearlyReport!P30"
YearlyReport,O30,=SUM(C30:N30),"C30,N30",YearlyReport!P30
YearlyReport,P30,=O30/COLUMNS(C30:N30),"O30,C30,N30",
YearlyReport,A31, - ,,"YearlyReport!C31,YearlyReport!D31,YearlyReport!E31,YearlyReport!F31,YearlyReport!G31,YearlyReport!H31,YearlyReport!I31,YearlyReport!J31,YearlyReport!K31,YearlyReport!L31,YearlyReport!M31,YearlyReport!N31"
YearlyReport,B31,,,
YearlyReport,C31,"=SUMIFS(Transactions!$J:$J,Transactions!$G:$G,$A31,Transactions!$B:$B,"">=""&C$11,Transactions!$B:$B,""<=""&C$12)-SUMIFS(Transactions!$I:$I,Transactions!$G:$G,$A31,Transactions!$B:$B,"">=""&C$11,Transactions!$B:$B,""<=""&C$12)",A31,"YearlyReport!O31,YearlyReport!P31"
YearlyReport,D31,"=SUMIFS(Transactions!$J:$J,Transactions!$G:$G,$A31,Transactions!$B:$B,"">=""&D$11,Transactions!$B:$B,""<=""&D$12)-SUMIFS(Transactions!$I:$I,Transactions!$G:$G,$A31,Transactions!$B:$B,"">=""&D$11,Transactions!$B:$B,""<=""&D$12)",A31,
YearlyReport,E31,"=SUMIFS(Transactions!$J:$J,Transactions!$G:$G,$A31,Transactions!$B:$B,"">=""&E$11,Transactions!$B:$B,""<=""&E$12)-SUMIFS(Transactions!$I:$I,Transactions!$G:$G,$A31,Transactions!$B:$B,"">=""&E$11,Transactions!$B:$B,""<=""&E$12)",A31,
YearlyReport,F31,"=SUMIFS(Transactions!$J:$J,Transactions!$G:$G,$A31,Transactions!$B:$B,"">=""&F$11,Transactions!$B:$B,""<=""&F$12)-SUMIFS(Transactions!$I:$I,Transactions!$G:$G,$A31,Transactions!$B:$B,"">=""&F$11,Transactions!$B:$B,""<=""&F$12)",A31,
YearlyReport,G31,"=SUMIFS(Transactions!$J:$J,Transactions!$G:$G,$A31,Transactions!$B:$B,"">=""&G$11,Transactions!$B:$B,""<=""&G$12)-SUMIFS(Transactions!$I:$I,Transactions!$G:$G,$A31,Transactions!$B:$B,"">=""&G$11,Transactions!$B:$B,""<=""&G$12)",A31,
YearlyReport,H31,"=SUMIFS(Transactions!$J:$J,Transactions!$G:$G,$A31,Transactions!$B:$B,"">=""&H$11,Transactions!$B:$B,""<=""&H$12)-SUMIFS(Transactions!$I:$I,Transactions!$G:$G,$A31,Transactions!$B:$B,"">=""&H$11,Transactions!$B:$B,""<=""&H$12)",A31,
YearlyReport,I31,"=SUMIFS(Transactions!$J:$J,Transactions!$G:$G,$A31,Transactions!$B:$B,"">=""&I$11,Transactions!$B:$B,""<=""&I$12)-SUMIFS(Transactions!$I:$I,Transactions!$G:$G,$A31,Transactions!$B:$B,"">=""&I$11,Transactions!$B:$B,""<=""&I$12)",A31,
YearlyReport,J31,"=SUMIFS(Transactions!$J:$J,Transactions!$G:$G,$A31,Transactions!$B:$B,"">=""&J$11,Transactions!$B:$B,""<=""&J$12)-SUMIFS(Transactions!$I:$I,Transactions!$G:$G,$A31,Transactions!$B:$B,"">=""&J$11,Transactions!$B:$B,""<=""&J$12)",A31,
YearlyReport,K31,"=SUMIFS(Transactions!$J:$J,Transactions!$G:$G,$A31,Transactions!$B:$B,"">=""&K$11,Transactions!$B:$B,""<=""&K$12)-SUMIFS(Transactions!$I:$I,Transactions!$G:$G,$A31,Transactions!$B:$B,"">=""&K$11,Transactions!$B:$B,""<=""&K$12)",A31,
YearlyReport,L31,"=SUMIFS(Transactions!$J:$J,Transactions!$G:$G,$A31,Transactions!$B:$B,"">=""&L$11,Transactions!$B:$B,""<=""&L$12)-SUMIFS(Transactions!$I:$I,Transactions!$G:$G,$A31,Transactions!$B:$B,"">=""&L$11,Transactions!$B:$B,""<=""&L$12)",A31,
YearlyReport,M31,"=SUMIFS(Transactions!$J:$J,Transactions!$G:$G,$A31,Transactions!$B:$B,"">=""&M$11,Transactions!$B:$B,""<=""&M$12)-SUMIFS(Transactions!$I:$I,Transactions!$G:$G,$A31,Transactions!$B:$B,"">=""&M$11,Transactions!$B:$B,""<=""&M$12)",A31,
YearlyReport,N31,"=SUMIFS(Transactions!$J:$J,Transactions!$G:$G,$A31,Transactions!$B:$B,"">=""&N$11,Transactions!$B:$B,""<=""&N$12)-SUMIFS(Transactions!$I:$I,Transactions!$G:$G,$A31,Transactions!$B:$B,"">=""&N$11,Transactions!$B:$B,""<=""&N$12)",A31,"YearlyReport!O31,YearlyReport!P31"
YearlyReport,O31,=SUM(C31:N31),"C31,N31",YearlyReport!P31
YearlyReport,P31,=O31/COLUMNS(C31:N31),"O31,C31,N31",
YearlyReport,A32, - ,,"YearlyReport!C32,YearlyReport!D32,YearlyReport!E32,YearlyReport!F32,YearlyReport!G32,YearlyReport!H32,YearlyReport!I32,YearlyReport!J32,YearlyReport!K32,YearlyReport!L32,YearlyReport!M32,YearlyReport!N32"
YearlyReport,B32,,,
YearlyReport,C32,"=SUMIFS(Transactions!$J:$J,Transactions!$G:$G,$A32,Transactions!$B:$B,"">=""&C$11,Transactions!$B:$B,""<=""&C$12)-SUMIFS(Transactions!$I:$I,Transactions!$G:$G,$A32,Transactions!$B:$B,"">=""&C$11,Transactions!$B:$B,""<=""&C$12)",A32,"YearlyReport!O32,YearlyReport!P32"
YearlyReport,D32,"=SUMIFS(Transactions!$J:$J,Transactions!$G:$G,$A32,Transactions!$B:$B,"">=""&D$11,Transactions!$B:$B,""<=""&D$12)-SUMIFS(Transactions!$I:$I,Transactions!$G:$G,$A32,Transactions!$B:$B,"">=""&D$11,Transactions!$B:$B,""<=""&D$12)",A32,
YearlyReport,E32,"=SUMIFS(Transactions!$J:$J,Transactions!$G:$G,$A32,Transactions!$B:$B,"">=""&E$11,Transactions!$B:$B,""<=""&E$12)-SUMIFS(Transactions!$I:$I,Transactions!$G:$G,$A32,Transactions!$B:$B,"">=""&E$11,Transactions!$B:$B,""<=""&E$12)",A32,
YearlyReport,F32,"=SUMIFS(Transactions!$J:$J,Transactions!$G:$G,$A32,Transactions!$B:$B,"">=""&F$11,Transactions!$B:$B,""<=""&F$12)-SUMIFS(Transactions!$I:$I,Transactions!$G:$G,$A32,Transactions!$B:$B,"">=""&F$11,Transactions!$B:$B,""<=""&F$12)",A32,
YearlyReport,G32,"=SUMIFS(Transactions!$J:$J,Transactions!$G:$G,$A32,Transactions!$B:$B,"">=""&G$11,Transactions!$B:$B,""<=""&G$12)-SUMIFS(Transactions!$I:$I,Transactions!$G:$G,$A32,Transactions!$B:$B,"">=""&G$11,Transactions!$B:$B,""<=""&G$12)",A32,
YearlyReport,H32,"=SUMIFS(Transactions!$J:$J,Transactions!$G:$G,$A32,Transactions!$B:$B,"">=""&H$11,Transactions!$B:$B,""<=""&H$12)-SUMIFS(Transactions!$I:$I,Transactions!$G:$G,$A32,Transactions!$B:$B,"">=""&H$11,Transactions!$B:$B,""<=""&H$12)",A32,
YearlyReport,I32,"=SUMIFS(Transactions!$J:$J,Transactions!$G:$G,$A32,Transactions!$B:$B,"">=""&I$11,Transactions!$B:$B,""<=""&I$12)-SUMIFS(Transactions!$I:$I,Transactions!$G:$G,$A32,Transactions!$B:$B,"">=""&I$11,Transactions!$B:$B,""<=""&I$12)",A32,
YearlyReport,J32,"=SUMIFS(Transactions!$J:$J,Transactions!$G:$G,$A32,Transactions!$B:$B,"">=""&J$11,Transactions!$B:$B,""<=""&J$12)-SUMIFS(Transactions!$I:$I,Transactions!$G:$G,$A32,Transactions!$B:$B,"">=""&J$11,Transactions!$B:$B,""<=""&J$12)",A32,
YearlyReport,K32,"=SUMIFS(Transactions!$J:$J,Transactions!$G:$G,$A32,Transactions!$B:$B,"">=""&K$11,Transactions!$B:$B,""<=""&K$12)-SUMIFS(Transactions!$I:$I,Transactions!$G:$G,$A32,Transactions!$B:$B,"">=""&K$11,Transactions!$B:$B,""<=""&K$12)",A32,
YearlyReport,L32,"=SUMIFS(Transactions!$J:$J,Transactions!$G:$G,$A32,Transactions!$B:$B,"">=""&L$11,Transactions!$B:$B,""<=""&L$12)-SUMIFS(Transactions!$I:$I,Transactions!$G:$G,$A32,Transactions!$B:$B,"">=""&L$11,Transactions!$B:$B,""<=""&L$12)",A32,
YearlyReport,M32,"=SUMIFS(Transactions!$J:$J,Transactions!$G:$G,$A32,Transactions!$B:$B,"">=""&M$11,Transactions!$B:$B,""<=""&M$12)-SUMIFS(Transactions!$I:$I,Transactions!$G:$G,$A32,Transactions!$B:$B,"">=""&M$11,Transactions!$B:$B,""<=""&M$12)",A32,
YearlyReport,N32,"=SUMIFS(Transactions!$J:$J,Transactions!$G:$G,$A32,Transactions!$B:$B,"">=""&N$11,Transactions!$B:$B,""<=""&N$12)-SUMIFS(Transactions!$I:$I,Transactions!$G:$G,$A32,Transactions!$B:$B,"">=""&N$11,Transactions!$B:$B,""<=""&N$12)",A32,"YearlyReport!O32,YearlyReport!P32"
YearlyReport,O32,=SUM(C32:N32),"C32,N32",YearlyReport!P32
YearlyReport,P32,=O32/COLUMNS(C32:N32),"O32,C32,N32",
YearlyReport,A33, - ,,"YearlyReport!C33,YearlyReport!D33,YearlyReport!E33,YearlyReport!F33,YearlyReport!G33,YearlyReport!H33,YearlyReport!I33,YearlyReport!J33,YearlyReport!K33,YearlyReport!L33,YearlyReport!M33,YearlyReport!N33"
YearlyReport,B33,,,
YearlyReport,C33,"=SUMIFS(Transactions!$J:$J,Transactions!$G:$G,$A33,Transactions!$B:$B,"">=""&C$11,Transactions!$B:$B,""<=""&C$12)-SUMIFS(Transactions!$I:$I,Transactions!$G:$G,$A33,Transactions!$B:$B,"">=""&C$11,Transactions!$B:$B,""<=""&C$12)",A33,"YearlyReport!O33,YearlyReport!P33"
YearlyReport,D33,"=SUMIFS(Transactions!$J:$J,Transactions!$G:$G,$A33,Transactions!$B:$B,"">=""&D$11,Transactions!$B:$B,""<=""&D$12)-SUMIFS(Transactions!$I:$I,Transactions!$G:$G,$A33,Transactions!$B:$B,"">=""&D$11,Transactions!$B:$B,""<=""&D$12)",A33,
YearlyReport,E33,"=SUMIFS(Transactions!$J:$J,Transactions!$G:$G,$A33,Transactions!$B:$B,"">=""&E$11,Transactions!$B:$B,""<=""&E$12)-SUMIFS(Transactions!$I:$I,Transactions!$G:$G,$A33,Transactions!$B:$B,"">=""&E$11,Transactions!$B:$B,""<=""&E$12)",A33,
YearlyReport,F33,"=SUMIFS(Transactions!$J:$J,Transactions!$G:$G,$A33,Transactions!$B:$B,"">=""&F$11,Transactions!$B:$B,""<=""&F$12)-SUMIFS(Transactions!$I:$I,Transactions!$G:$G,$A33,Transactions!$B:$B,"">=""&F$11,Transactions!$B:$B,""<=""&F$12)",A33,
YearlyReport,G33,"=SUMIFS(Transactions!$J:$J,Transactions!$G:$G,$A33,Transactions!$B:$B,"">=""&G$11,Transactions!$B:$B,""<=""&G$12)-SUMIFS(Transactions!$I:$I,Transactions!$G:$G,$A33,Transactions!$B:$B,"">=""&G$11,Transactions!$B:$B,""<=""&G$12)",A33,
YearlyReport,H33,"=SUMIFS(Transactions!$J:$J,Transactions!$G:$G,$A33,Transactions!$B:$B,"">=""&H$11,Transactions!$B:$B,""<=""&H$12)-SUMIFS(Transactions!$I:$I,Transactions!$G:$G,$A33,Transactions!$B:$B,"">=""&H$11,Transactions!$B:$B,""<=""&H$12)",A33,
YearlyReport,I33,"=SUMIFS(Transactions!$J:$J,Transactions!$G:$G,$A33,Transactions!$B:$B,"">=""&I$11,Transactions!$B:$B,""<=""&I$12)-SUMIFS(Transactions!$I:$I,Transactions!$G:$G,$A33,Transactions!$B:$B,"">=""&I$11,Transactions!$B:$B,""<=""&I$12)",A33,
YearlyReport,J33,"=SUMIFS(Transactions!$J:$J,Transactions!$G:$G,$A33,Transactions!$B:$B,"">=""&J$11,Transactions!$B:$B,""<=""&J$12)-SUMIFS(Transactions!$I:$I,Transactions!$G:$G,$A33,Transactions!$B:$B,"">=""&J$11,Transactions!$B:$B,""<=""&J$12)",A33,
YearlyReport,K33,"=SUMIFS(Transactions!$J:$J,Transactions!$G:$G,$A33,Transactions!$B:$B,"">=""&K$11,Transactions!$B:$B,""<=""&K$12)-SUMIFS(Transactions!$I:$I,Transactions!$G:$G,$A33,Transactions!$B:$B,"">=""&K$11,Transactions!$B:$B,""<=""&K$12)",A33,
YearlyReport,L33,"=SUMIFS(Transactions!$J:$J,Transactions!$G:$G,$A33,Transactions!$B:$B,"">=""&L$11,Transactions!$B:$B,""<=""&L$12)-SUMIFS(Transactions!$I:$I,Transactions!$G:$G,$A33,Transactions!$B:$B,"">=""&L$11,Transactions!$B:$B,""<=""&L$12)",A33,
YearlyReport,M33,"=SUMIFS(Transactions!$J:$J,Transactions!$G:$G,$A33,Transactions!$B:$B,"">=""&M$11,Transactions!$B:$B,""<=""&M$12)-SUMIFS(Transactions!$I:$I,Transactions!$G:$G,$A33,Transactions!$B:$B,"">=""&M$11,Transactions!$B:$B,""<=""&M$12)",A33,
YearlyReport,N33,"=SUMIFS(Transactions!$J:$J,Transactions!$G:$G,$A33,Transactions!$B:$B,"">=""&N$11,Transactions!$B:$B,""<=""&N$12)-SUMIFS(Transactions!$I:$I,Transactions!$G:$G,$A33,Transactions!$B:$B,"">=""&N$11,Transactions!$B:$B,""<=""&N$12)",A33,"YearlyReport!O33,YearlyReport!P33"
YearlyReport,O33,=SUM(C33:N33),"C33,N33",YearlyReport!P33
YearlyReport,P33,=O33/COLUMNS(C33:N33),"O33,C33,N33",
YearlyReport,A34, - ,,"YearlyReport!C34,YearlyReport!D34,YearlyReport!E34,YearlyReport!F34,YearlyReport!G34,YearlyReport!H34,YearlyReport!I34,YearlyReport!J34,YearlyReport!K34,YearlyReport!L34,YearlyReport!M34,YearlyReport!N34"
YearlyReport,B34,,,
YearlyReport,C34,"=SUMIFS(Transactions!$J:$J,Transactions!$G:$G,$A34,Transactions!$B:$B,"">=""&C$11,Transactions!$B:$B,""<=""&C$12)-SUMIFS(Transactions!$I:$I,Transactions!$G:$G,$A34,Transactions!$B:$B,"">=""&C$11,Transactions!$B:$B,""<=""&C$12)",A34,"YearlyReport!O34,YearlyReport!P34"
YearlyReport,D34,"=SUMIFS(Transactions!$J:$J,Transactions!$G:$G,$A34,Transactions!$B:$B,"">=""&D$11,Transactions!$B:$B,""<=""&D$12)-SUMIFS(Transactions!$I:$I,Transactions!$G:$G,$A34,Transactions!$B:$B,"">=""&D$11,Transactions!$B:$B,""<=""&D$12)",A34,
YearlyReport,E34,"=SUMIFS(Transactions!$J:$J,Transactions!$G:$G,$A34,Transactions!$B:$B,"">=""&E$11,Transactions!$B:$B,""<=""&E$12)-SUMIFS(Transactions!$I:$I,Transactions!$G:$G,$A34,Transactions!$B:$B,"">=""&E$11,Transactions!$B:$B,""<=""&E$12)",A34,
YearlyReport,F34,"=SUMIFS(Transactions!$J:$J,Transactions!$G:$G,$A34,Transactions!$B:$B,"">=""&F$11,Transactions!$B:$B,""<=""&F$12)-SUMIFS(Transactions!$I:$I,Transactions!$G:$G,$A34,Transactions!$B:$B,"">=""&F$11,Transactions!$B:$B,""<=""&F$12)",A34,
YearlyReport,G34,"=SUMIFS(Transactions!$J:$J,Transactions!$G:$G,$A34,Transactions!$B:$B,"">=""&G$11,Transactions!$B:$B,""<=""&G$12)-SUMIFS(Transactions!$I:$I,Transactions!$G:$G,$A34,Transactions!$B:$B,"">=""&G$11,Transactions!$B:$B,""<=""&G$12)",A34,
YearlyReport,H34,"=SUMIFS(Transactions!$J:$J,Transactions!$G:$G,$A34,Transactions!$B:$B,"">=""&H$11,Transactions!$B:$B,""<=""&H$12)-SUMIFS(Transactions!$I:$I,Transactions!$G:$G,$A34,Transactions!$B:$B,"">=""&H$11,Transactions!$B:$B,""<=""&H$12)",A34,
YearlyReport,I34,"=SUMIFS(Transactions!$J:$J,Transactions!$G:$G,$A34,Transactions!$B:$B,"">=""&I$11,Transactions!$B:$B,""<=""&I$12)-SUMIFS(Transactions!$I:$I,Transactions!$G:$G,$A34,Transactions!$B:$B,"">=""&I$11,Transactions!$B:$B,""<=""&I$12)",A34,
YearlyReport,J34,"=SUMIFS(Transactions!$J:$J,Transactions!$G:$G,$A34,Transactions!$B:$B,"">=""&J$11,Transactions!$B:$B,""<=""&J$12)-SUMIFS(Transactions!$I:$I,Transactions!$G:$G,$A34,Transactions!$B:$B,"">=""&J$11,Transactions!$B:$B,""<=""&J$12)",A34,
YearlyReport,K34,"=SUMIFS(Transactions!$J:$J,Transactions!$G:$G,$A34,Transactions!$B:$B,"">=""&K$11,Transactions!$B:$B,""<=""&K$12)-SUMIFS(Transactions!$I:$I,Transactions!$G:$G,$A34,Transactions!$B:$B,"">=""&K$11,Transactions!$B:$B,""<=""&K$12)",A34,
YearlyReport,L34,"=SUMIFS(Transactions!$J:$J,Transactions!$G:$G,$A34,Transactions!$B:$B,"">=""&L$11,Transactions!$B:$B,""<=""&L$12)-SUMIFS(Transactions!$I:$I,Transactions!$G:$G,$A34,Transactions!$B:$B,"">=""&L$11,Transactions!$B:$B,""<=""&L$12)",A34,
YearlyReport,M34,"=SUMIFS(Transactions!$J:$J,Transactions!$G:$G,$A34,Transactions!$B:$B,"">=""&M$11,Transactions!$B:$B,""<=""&M$12)-SUMIFS(Transactions!$I:$I,Transactions!$G:$G,$A34,Transactions!$B:$B,"">=""&M$11,Transactions!$B:$B,""<=""&M$12)",A34,
YearlyReport,N34,"=SUMIFS(Transactions!$J:$J,Transactions!$G:$G,$A34,Transactions!$B:$B,"">=""&N$11,Transactions!$B:$B,""<=""&N$12)-SUMIFS(Transactions!$I:$I,Transactions!$G:$G,$A34,Transactions!$B:$B,"">=""&N$11,Transactions!$B:$B,""<=""&N$12)",A34,"YearlyReport!O34,YearlyReport!P34"
YearlyReport,O34,=SUM(C34:N34),"C34,N34",YearlyReport!P34
YearlyReport,P34,=O34/COLUMNS(C34:N34),"O34,C34,N34",
YearlyReport,A35, - ,,"YearlyReport!C35,YearlyReport!D35,YearlyReport!E35,YearlyReport!F35,YearlyReport!G35,YearlyReport!H35,YearlyReport!I35,YearlyReport!J35,YearlyReport!K35,YearlyReport!L35,YearlyReport!M35,YearlyReport!N35"
YearlyReport,B35,,,
YearlyReport,C35,"=SUMIFS(Transactions!$J:$J,Transactions!$G:$G,$A35,Transactions!$B:$B,"">=""&C$11,Transactions!$B:$B,""<=""&C$12)-SUMIFS(Transactions!$I:$I,Transactions!$G:$G,$A35,Transactions!$B:$B,"">=""&C$11,Transactions!$B:$B,""<=""&C$12)",A35,"YearlyReport!O35,YearlyReport!P35"
YearlyReport,D35,"=SUMIFS(Transactions!$J:$J,Transactions!$G:$G,$A35,Transactions!$B:$B,"">=""&D$11,Transactions!$B:$B,""<=""&D$12)-SUMIFS(Transactions!$I:$I,Transactions!$G:$G,$A35,Transactions!$B:$B,"">=""&D$11,Transactions!$B:$B,""<=""&D$12)",A35,
YearlyReport,E35,"=SUMIFS(Transactions!$J:$J,Transactions!$G:$G,$A35,Transactions!$B:$B,"">=""&E$11,Transactions!$B:$B,""<=""&E$12)-SUMIFS(Transactions!$I:$I,Transactions!$G:$G,$A35,Transactions!$B:$B,"">=""&E$11,Transactions!$B:$B,""<=""&E$12)",A35,
YearlyReport,F35,"=SUMIFS(Transactions!$J:$J,Transactions!$G:$G,$A35,Transactions!$B:$B,"">=""&F$11,Transactions!$B:$B,""<=""&F$12)-SUMIFS(Transactions!$I:$I,Transactions!$G:$G,$A35,Transactions!$B:$B,"">=""&F$11,Transactions!$B:$B,""<=""&F$12)",A35,
YearlyReport,G35,"=SUMIFS(Transactions!$J:$J,Transactions!$G:$G,$A35,Transactions!$B:$B,"">=""&G$11,Transactions!$B:$B,""<=""&G$12)-SUMIFS(Transactions!$I:$I,Transactions!$G:$G,$A35,Transactions!$B:$B,"">=""&G$11,Transactions!$B:$B,""<=""&G$12)",A35,
YearlyReport,H35,"=SUMIFS(Transactions!$J:$J,Transactions!$G:$G,$A35,Transactions!$B:$B,"">=""&H$11,Transactions!$B:$B,""<=""&H$12)-SUMIFS(Transactions!$I:$I,Transactions!$G:$G,$A35,Transactions!$B:$B,"">=""&H$11,Transactions!$B:$B,""<=""&H$12)",A35,
YearlyReport,I35,"=SUMIFS(Transactions!$J:$J,Transactions!$G:$G,$A35,Transactions!$B:$B,"">=""&I$11,Transactions!$B:$B,""<=""&I$12)-SUMIFS(Transactions!$I:$I,Transactions!$G:$G,$A35,Transactions!$B:$B,"">=""&I$11,Transactions!$B:$B,""<=""&I$12)",A35,
YearlyReport,J35,"=SUMIFS(Transactions!$J:$J,Transactions!$G:$G,$A35,Transactions!$B:$B,"">=""&J$11,Transactions!$B:$B,""<=""&J$12)-SUMIFS(Transactions!$I:$I,Transactions!$G:$G,$A35,Transactions!$B:$B,"">=""&J$11,Transactions!$B:$B,""<=""&J$12)",A35,
YearlyReport,K35,"=SUMIFS(Transactions!$J:$J,Transactions!$G:$G,$A35,Transactions!$B:$B,"">=""&K$11,Transactions!$B:$B,""<=""&K$12)-SUMIFS(Transactions!$I:$I,Transactions!$G:$G,$A35,Transactions!$B:$B,"">=""&K$11,Transactions!$B:$B,""<=""&K$12)",A35,
YearlyReport,L35,"=SUMIFS(Transactions!$J:$J,Transactions!$G:$G,$A35,Transactions!$B:$B,"">=""&L$11,Transactions!$B:$B,""<=""&L$12)-SUMIFS(Transactions!$I:$I,Transactions!$G:$G,$A35,Transactions!$B:$B,"">=""&L$11,Transactions!$B:$B,""<=""&L$12)",A35,
YearlyReport,M35,"=SUMIFS(Transactions!$J:$J,Transactions!$G:$G,$A35,Transactions!$B:$B,"">=""&M$11,Transactions!$B:$B,""<=""&M$12)-SUMIFS(Transactions!$I:$I,Transactions!$G:$G,$A35,Transactions!$B:$B,"">=""&M$11,Transactions!$B:$B,""<=""&M$12)",A35,
YearlyReport,N35,"=SUMIFS(Transactions!$J:$J,Transactions!$G:$G,$A35,Transactions!$B:$B,"">=""&N$11,Transactions!$B:$B,""<=""&N$12)-SUMIFS(Transactions!$I:$I,Transactions!$G:$G,$A35,Transactions!$B:$B,"">=""&N$11,Transactions!$B:$B,""<=""&N$12)",A35,"YearlyReport!O35,YearlyReport!P35"
YearlyReport,O35,=SUM(C35:N35),"C35,N35",YearlyReport!P35
YearlyReport,P35,=O35/COLUMNS(C35:N35),"O35,C35,N35",
YearlyReport,A36, - ,,"YearlyReport!C36,YearlyReport!D36,YearlyReport!E36,YearlyReport!F36,YearlyReport!G36,YearlyReport!H36,YearlyReport!I36,YearlyReport!J36,YearlyReport!K36,YearlyReport!L36,YearlyReport!M36,YearlyReport!N36"
YearlyReport,B36,,,
YearlyReport,C36,"=SUMIFS(Transactions!$J:$J,Transactions!$G:$G,$A36,Transactions!$B:$B,"">=""&C$11,Transactions!$B:$B,""<=""&C$12)-SUMIFS(Transactions!$I:$I,Transactions!$G:$G,$A36,Transactions!$B:$B,"">=""&C$11,Transactions!$B:$B,""<=""&C$12)",A36,"YearlyReport!O36,YearlyReport!P36"
YearlyReport,D36,"=SUMIFS(Transactions!$J:$J,Transactions!$G:$G,$A36,Transactions!$B:$B,"">=""&D$11,Transactions!$B:$B,""<=""&D$12)-SUMIFS(Transactions!$I:$I,Transactions!$G:$G,$A36,Transactions!$B:$B,"">=""&D$11,Transactions!$B:$B,""<=""&D$12)",A36,
YearlyReport,E36,"=SUMIFS(Transactions!$J:$J,Transactions!$G:$G,$A36,Transactions!$B:$B,"">=""&E$11,Transactions!$B:$B,""<=""&E$12)-SUMIFS(Transactions!$I:$I,Transactions!$G:$G,$A36,Transactions!$B:$B,"">=""&E$11,Transactions!$B:$B,""<=""&E$12)",A36,
YearlyReport,F36,"=SUMIFS(Transactions!$J:$J,Transactions!$G:$G,$A36,Transactions!$B:$B,"">=""&F$11,Transactions!$B:$B,""<=""&F$12)-SUMIFS(Transactions!$I:$I,Transactions!$G:$G,$A36,Transactions!$B:$B,"">=""&F$11,Transactions!$B:$B,""<=""&F$12)",A36,
YearlyReport,G36,"=SUMIFS(Transactions!$J:$J,Transactions!$G:$G,$A36,Transactions!$B:$B,"">=""&G$11,Transactions!$B:$B,""<=""&G$12)-SUMIFS(Transactions!$I:$I,Transactions!$G:$G,$A36,Transactions!$B:$B,"">=""&G$11,Transactions!$B:$B,""<=""&G$12)",A36,
YearlyReport,H36,"=SUMIFS(Transactions!$J:$J,Transactions!$G:$G,$A36,Transactions!$B:$B,"">=""&H$11,Transactions!$B:$B,""<=""&H$12)-SUMIFS(Transactions!$I:$I,Transactions!$G:$G,$A36,Transactions!$B:$B,"">=""&H$11,Transactions!$B:$B,""<=""&H$12)",A36,
YearlyReport,I36,"=SUMIFS(Transactions!$J:$J,Transactions!$G:$G,$A36,Transactions!$B:$B,"">=""&I$11,Transactions!$B:$B,""<=""&I$12)-SUMIFS(Transactions!$I:$I,Transactions!$G:$G,$A36,Transactions!$B:$B,"">=""&I$11,Transactions!$B:$B,""<=""&I$12)",A36,
YearlyReport,J36,"=SUMIFS(Transactions!$J:$J,Transactions!$G:$G,$A36,Transactions!$B:$B,"">=""&J$11,Transactions!$B:$B,""<=""&J$12)-SUMIFS(Transactions!$I:$I,Transactions!$G:$G,$A36,Transactions!$B:$B,"">=""&J$11,Transactions!$B:$B,""<=""&J$12)",A36,
YearlyReport,K36,"=SUMIFS(Transactions!$J:$J,Transactions!$G:$G,$A36,Transactions!$B:$B,"">=""&K$11,Transactions!$B:$B,""<=""&K$12)-SUMIFS(Transactions!$I:$I,Transactions!$G:$G,$A36,Transactions!$B:$B,"">=""&K$11,Transactions!$B:$B,""<=""&K$12)",A36,
YearlyReport,L36,"=SUMIFS(Transactions!$J:$J,Transactions!$G:$G,$A36,Transactions!$B:$B,"">=""&L$11,Transactions!$B:$B,""<=""&L$12)-SUMIFS(Transactions!$I:$I,Transactions!$G:$G,$A36,Transactions!$B:$B,"">=""&L$11,Transactions!$B:$B,""<=""&L$12)",A36,
YearlyReport,M36,"=SUMIFS(Transactions!$J:$J,Transactions!$G:$G,$A36,Transactions!$B:$B,"">=""&M$11,Transactions!$B:$B,""<=""&M$12)-SUMIFS(Transactions!$I:$I,Transactions!$G:$G,$A36,Transactions!$B:$B,"">=""&M$11,Transactions!$B:$B,""<=""&M$12)",A36,
YearlyReport,N36,"=SUMIFS(Transactions!$J:$J,Transactions!$G:$G,$A36,Transactions!$B:$B,"">=""&N$11,Transactions!$B:$B,""<=""&N$12)-SUMIFS(Transactions!$I:$I,Transactions!$G:$G,$A36,Transactions!$B:$B,"">=""&N$11,Transactions!$B:$B,""<=""&N$12)",A36,"YearlyReport!O36,YearlyReport!P36"
YearlyReport,O36,=SUM(C36:N36),"C36,N36",YearlyReport!P36
YearlyReport,P36,=O36/COLUMNS(C36:N36),"O36,C36,N36",
YearlyReport,A37, - ,,"YearlyReport!C37,YearlyReport!D37,YearlyReport!E37,YearlyReport!F37,YearlyReport!G37,YearlyReport!H37,YearlyReport!I37,YearlyReport!J37,YearlyReport!K37,YearlyReport!L37,YearlyReport!M37,YearlyReport!N37"
YearlyReport,B37,,,
YearlyReport,C37,"=SUMIFS(Transactions!$J:$J,Transactions!$G:$G,$A37,Transactions!$B:$B,"">=""&C$11,Transactions!$B:$B,""<=""&C$12)-SUMIFS(Transactions!$I:$I,Transactions!$G:$G,$A37,Transactions!$B:$B,"">=""&C$11,Transactions!$B:$B,""<=""&C$12)",A37,"YearlyReport!O37,YearlyReport!P37"
YearlyReport,D37,"=SUMIFS(Transactions!$J:$J,Transactions!$G:$G,$A37,Transactions!$B:$B,"">=""&D$11,Transactions!$B:$B,""<=""&D$12)-SUMIFS(Transactions!$I:$I,Transactions!$G:$G,$A37,Transactions!$B:$B,"">=""&D$11,Transactions!$B:$B,""<=""&D$12)",A37,
YearlyReport,E37,"=SUMIFS(Transactions!$J:$J,Transactions!$G:$G,$A37,Transactions!$B:$B,"">=""&E$11,Transactions!$B:$B,""<=""&E$12)-SUMIFS(Transactions!$I:$I,Transactions!$G:$G,$A37,Transactions!$B:$B,"">=""&E$11,Transactions!$B:$B,""<=""&E$12)",A37,
YearlyReport,F37,"=SUMIFS(Transactions!$J:$J,Transactions!$G:$G,$A37,Transactions!$B:$B,"">=""&F$11,Transactions!$B:$B,""<=""&F$12)-SUMIFS(Transactions!$I:$I,Transactions!$G:$G,$A37,Transactions!$B:$B,"">=""&F$11,Transactions!$B:$B,""<=""&F$12)",A37,
YearlyReport,G37,"=SUMIFS(Transactions!$J:$J,Transactions!$G:$G,$A37,Transactions!$B:$B,"">=""&G$11,Transactions!$B:$B,""<=""&G$12)-SUMIFS(Transactions!$I:$I,Transactions!$G:$G,$A37,Transactions!$B:$B,"">=""&G$11,Transactions!$B:$B,""<=""&G$12)",A37,
YearlyReport,H37,"=SUMIFS(Transactions!$J:$J,Transactions!$G:$G,$A37,Transactions!$B:$B,"">=""&H$11,Transactions!$B:$B,""<=""&H$12)-SUMIFS(Transactions!$I:$I,Transactions!$G:$G,$A37,Transactions!$B:$B,"">=""&H$11,Transactions!$B:$B,""<=""&H$12)",A37,
YearlyReport,I37,"=SUMIFS(Transactions!$J:$J,Transactions!$G:$G,$A37,Transactions!$B:$B,"">=""&I$11,Transactions!$B:$B,""<=""&I$12)-SUMIFS(Transactions!$I:$I,Transactions!$G:$G,$A37,Transactions!$B:$B,"">=""&I$11,Transactions!$B:$B,""<=""&I$12)",A37,
YearlyReport,J37,"=SUMIFS(Transactions!$J:$J,Transactions!$G:$G,$A37,Transactions!$B:$B,"">=""&J$11,Transactions!$B:$B,""<=""&J$12)-SUMIFS(Transactions!$I:$I,Transactions!$G:$G,$A37,Transactions!$B:$B,"">=""&J$11,Transactions!$B:$B,""<=""&J$12)",A37,
YearlyReport,K37,"=SUMIFS(Transactions!$J:$J,Transactions!$G:$G,$A37,Transactions!$B:$B,"">=""&K$11,Transactions!$B:$B,""<=""&K$12)-SUMIFS(Transactions!$I:$I,Transactions!$G:$G,$A37,Transactions!$B:$B,"">=""&K$11,Transactions!$B:$B,""<=""&K$12)",A37,
YearlyReport,L37,"=SUMIFS(Transactions!$J:$J,Transactions!$G:$G,$A37,Transactions!$B:$B,"">=""&L$11,Transactions!$B:$B,""<=""&L$12)-SUMIFS(Transactions!$I:$I,Transactions!$G:$G,$A37,Transactions!$B:$B,"">=""&L$11,Transactions!$B:$B,""<=""&L$12)",A37,
YearlyReport,M37,"=SUMIFS(Transactions!$J:$J,Transactions!$G:$G,$A37,Transactions!$B:$B,"">=""&M$11,Transactions!$B:$B,""<=""&M$12)-SUMIFS(Transactions!$I:$I,Transactions!$G:$G,$A37,Transactions!$B:$B,"">=""&M$11,Transactions!$B:$B,""<=""&M$12)",A37,
YearlyReport,N37,"=SUMIFS(Transactions!$J:$J,Transactions!$G:$G,$A37,Transactions!$B:$B,"">=""&N$11,Transactions!$B:$B,""<=""&N$12)-SUMIFS(Transactions!$I:$I,Transactions!$G:$G,$A37,Transactions!$B:$B,"">=""&N$11,Transactions!$B:$B,""<=""&N$12)",A37,"YearlyReport!O37,YearlyReport!P37"
YearlyReport,O37,=SUM(C37:N37),"C37,N37",YearlyReport!P37
YearlyReport,P37,=O37/COLUMNS(C37:N37),"O37,C37,N37",
YearlyReport,A38, - ,,"YearlyReport!C38,YearlyReport!D38,YearlyReport!E38,YearlyReport!F38,YearlyReport!G38,YearlyReport!H38,YearlyReport!I38,YearlyReport!J38,YearlyReport!K38,YearlyReport!L38,YearlyReport!M38,YearlyReport!N38"
YearlyReport,B38,,,
YearlyReport,C38,"=SUMIFS(Transactions!$J:$J,Transactions!$G:$G,$A38,Transactions!$B:$B,"">=""&C$11,Transactions!$B:$B,""<=""&C$12)-SUMIFS(Transactions!$I:$I,Transactions!$G:$G,$A38,Transactions!$B:$B,"">=""&C$11,Transactions!$B:$B,""<=""&C$12)",A38,"YearlyReport!O38,YearlyReport!P38"
YearlyReport,D38,"=SUMIFS(Transactions!$J:$J,Transactions!$G:$G,$A38,Transactions!$B:$B,"">=""&D$11,Transactions!$B:$B,""<=""&D$12)-SUMIFS(Transactions!$I:$I,Transactions!$G:$G,$A38,Transactions!$B:$B,"">=""&D$11,Transactions!$B:$B,""<=""&D$12)",A38,
YearlyReport,E38,"=SUMIFS(Transactions!$J:$J,Transactions!$G:$G,$A38,Transactions!$B:$B,"">=""&E$11,Transactions!$B:$B,""<=""&E$12)-SUMIFS(Transactions!$I:$I,Transactions!$G:$G,$A38,Transactions!$B:$B,"">=""&E$11,Transactions!$B:$B,""<=""&E$12)",A38,
YearlyReport,F38,"=SUMIFS(Transactions!$J:$J,Transactions!$G:$G,$A38,Transactions!$B:$B,"">=""&F$11,Transactions!$B:$B,""<=""&F$12)-SUMIFS(Transactions!$I:$I,Transactions!$G:$G,$A38,Transactions!$B:$B,"">=""&F$11,Transactions!$B:$B,""<=""&F$12)",A38,
YearlyReport,G38,"=SUMIFS(Transactions!$J:$J,Transactions!$G:$G,$A38,Transactions!$B:$B,"">=""&G$11,Transactions!$B:$B,""<=""&G$12)-SUMIFS(Transactions!$I:$I,Transactions!$G:$G,$A38,Transactions!$B:$B,"">=""&G$11,Transactions!$B:$B,""<=""&G$12)",A38,
YearlyReport,H38,"=SUMIFS(Transactions!$J:$J,Transactions!$G:$G,$A38,Transactions!$B:$B,"">=""&H$11,Transactions!$B:$B,""<=""&H$12)-SUMIFS(Transactions!$I:$I,Transactions!$G:$G,$A38,Transactions!$B:$B,"">=""&H$11,Transactions!$B:$B,""<=""&H$12)",A38,
YearlyReport,I38,"=SUMIFS(Transactions!$J:$J,Transactions!$G:$G,$A38,Transactions!$B:$B,"">=""&I$11,Transactions!$B:$B,""<=""&I$12)-SUMIFS(Transactions!$I:$I,Transactions!$G:$G,$A38,Transactions!$B:$B,"">=""&I$11,Transactions!$B:$B,""<=""&I$12)",A38,
YearlyReport,J38,"=SUMIFS(Transactions!$J:$J,Transactions!$G:$G,$A38,Transactions!$B:$B,"">=""&J$11,Transactions!$B:$B,""<=""&J$12)-SUMIFS(Transactions!$I:$I,Transactions!$G:$G,$A38,Transactions!$B:$B,"">=""&J$11,Transactions!$B:$B,""<=""&J$12)",A38,
YearlyReport,K38,"=SUMIFS(Transactions!$J:$J,Transactions!$G:$G,$A38,Transactions!$B:$B,"">=""&K$11,Transactions!$B:$B,""<=""&K$12)-SUMIFS(Transactions!$I:$I,Transactions!$G:$G,$A38,Transactions!$B:$B,"">=""&K$11,Transactions!$B:$B,""<=""&K$12)",A38,
YearlyReport,L38,"=SUMIFS(Transactions!$J:$J,Transactions!$G:$G,$A38,Transactions!$B:$B,"">=""&L$11,Transactions!$B:$B,""<=""&L$12)-SUMIFS(Transactions!$I:$I,Transactions!$G:$G,$A38,Transactions!$B:$B,"">=""&L$11,Transactions!$B:$B,""<=""&L$12)",A38,
YearlyReport,M38,"=SUMIFS(Transactions!$J:$J,Transactions!$G:$G,$A38,Transactions!$B:$B,"">=""&M$11,Transactions!$B:$B,""<=""&M$12)-SUMIFS(Transactions!$I:$I,Transactions!$G:$G,$A38,Transactions!$B:$B,"">=""&M$11,Transactions!$B:$B,""<=""&M$12)",A38,
YearlyReport,N38,"=SUMIFS(Transactions!$J:$J,Transactions!$G:$G,$A38,Transactions!$B:$B,"">=""&N$11,Transactions!$B:$B,""<=""&N$12)-SUMIFS(Transactions!$I:$I,Transactions!$G:$G,$A38,Transactions!$B:$B,"">=""&N$11,Transactions!$B:$B,""<=""&N$12)",A38,"YearlyReport!O38,YearlyReport!P38"
YearlyReport,O38,=SUM(C38:N38),"C38,N38",YearlyReport!P38
YearlyReport,P38,=O38/COLUMNS(C38:N38),"O38,C38,N38",
YearlyReport,A39, - ,,"YearlyReport!C39,YearlyReport!D39,YearlyReport!E39,YearlyReport!F39,YearlyReport!G39,YearlyReport!H39,YearlyReport!I39,YearlyReport!J39,YearlyReport!K39,YearlyReport!L39,YearlyReport!M39,YearlyReport!N39"
YearlyReport,B39,,,
YearlyReport,C39,"=SUMIFS(Transactions!$J:$J,Transactions!$G:$G,$A39,Transactions!$B:$B,"">=""&C$11,Transactions!$B:$B,""<=""&C$12)-SUMIFS(Transactions!$I:$I,Transactions!$G:$G,$A39,Transactions!$B:$B,"">=""&C$11,Transactions!$B:$B,""<=""&C$12)",A39,"YearlyReport!O39,YearlyReport!P39"
YearlyReport,D39,"=SUMIFS(Transactions!$J:$J,Transactions!$G:$G,$A39,Transactions!$B:$B,"">=""&D$11,Transactions!$B:$B,""<=""&D$12)-SUMIFS(Transactions!$I:$I,Transactions!$G:$G,$A39,Transactions!$B:$B,"">=""&D$11,Transactions!$B:$B,""<=""&D$12)",A39,
YearlyReport,E39,"=SUMIFS(Transactions!$J:$J,Transactions!$G:$G,$A39,Transactions!$B:$B,"">=""&E$11,Transactions!$B:$B,""<=""&E$12)-SUMIFS(Transactions!$I:$I,Transactions!$G:$G,$A39,Transactions!$B:$B,"">=""&E$11,Transactions!$B:$B,""<=""&E$12)",A39,
YearlyReport,F39,"=SUMIFS(Transactions!$J:$J,Transactions!$G:$G,$A39,Transactions!$B:$B,"">=""&F$11,Transactions!$B:$B,""<=""&F$12)-SUMIFS(Transactions!$I:$I,Transactions!$G:$G,$A39,Transactions!$B:$B,"">=""&F$11,Transactions!$B:$B,""<=""&F$12)",A39,
YearlyReport,G39,"=SUMIFS(Transactions!$J:$J,Transactions!$G:$G,$A39,Transactions!$B:$B,"">=""&G$11,Transactions!$B:$B,""<=""&G$12)-SUMIFS(Transactions!$I:$I,Transactions!$G:$G,$A39,Transactions!$B:$B,"">=""&G$11,Transactions!$B:$B,""<=""&G$12)",A39,
YearlyReport,H39,"=SUMIFS(Transactions!$J:$J,Transactions!$G:$G,$A39,Transactions!$B:$B,"">=""&H$11,Transactions!$B:$B,""<=""&H$12)-SUMIFS(Transactions!$I:$I,Transactions!$G:$G,$A39,Transactions!$B:$B,"">=""&H$11,Transactions!$B:$B,""<=""&H$12)",A39,
YearlyReport,I39,"=SUMIFS(Transactions!$J:$J,Transactions!$G:$G,$A39,Transactions!$B:$B,"">=""&I$11,Transactions!$B:$B,""<=""&I$12)-SUMIFS(Transactions!$I:$I,Transactions!$G:$G,$A39,Transactions!$B:$B,"">=""&I$11,Transactions!$B:$B,""<=""&I$12)",A39,
YearlyReport,J39,"=SUMIFS(Transactions!$J:$J,Transactions!$G:$G,$A39,Transactions!$B:$B,"">=""&J$11,Transactions!$B:$B,""<=""&J$12)-SUMIFS(Transactions!$I:$I,Transactions!$G:$G,$A39,Transactions!$B:$B,"">=""&J$11,Transactions!$B:$B,""<=""&J$12)",A39,
YearlyReport,K39,"=SUMIFS(Transactions!$J:$J,Transactions!$G:$G,$A39,Transactions!$B:$B,"">=""&K$11,Transactions!$B:$B,""<=""&K$12)-SUMIFS(Transactions!$I:$I,Transactions!$G:$G,$A39,Transactions!$B:$B,"">=""&K$11,Transactions!$B:$B,""<=""&K$12)",A39,
YearlyReport,L39,"=SUMIFS(Transactions!$J:$J,Transactions!$G:$G,$A39,Transactions!$B:$B,"">=""&L$11,Transactions!$B:$B,""<=""&L$12)-SUMIFS(Transactions!$I:$I,Transactions!$G:$G,$A39,Transactions!$B:$B,"">=""&L$11,Transactions!$B:$B,""<=""&L$12)",A39,
YearlyReport,M39,"=SUMIFS(Transactions!$J:$J,Transactions!$G:$G,$A39,Transactions!$B:$B,"">=""&M$11,Transactions!$B:$B,""<=""&M$12)-SUMIFS(Transactions!$I:$I,Transactions!$G:$G,$A39,Transactions!$B:$B,"">=""&M$11,Transactions!$B:$B,""<=""&M$12)",A39,
YearlyReport,N39,"=SUMIFS(Transactions!$J:$J,Transactions!$G:$G,$A39,Transactions!$B:$B,"">=""&N$11,Transactions!$B:$B,""<=""&N$12)-SUMIFS(Transactions!$I:$I,Transactions!$G:$G,$A39,Transactions!$B:$B,"">=""&N$11,Transactions!$B:$B,""<=""&N$12)",A39,"YearlyReport!O39,YearlyReport!P39"
YearlyReport,O39,=SUM(C39:N39),"C39,N39",YearlyReport!P39
YearlyReport,P39,=O39/COLUMNS(C39:N39),"O39,C39,N39",
YearlyReport,A40, - ,,"YearlyReport!C40,YearlyReport!D40,YearlyReport!E40,YearlyReport!F40,YearlyReport!G40,YearlyReport!H40,YearlyReport!I40,YearlyReport!J40,YearlyReport!K40,YearlyReport!L40,YearlyReport!M40,YearlyReport!N40"
YearlyReport,B40,,,
YearlyReport,C40,"=SUMIFS(Transactions!$J:$J,Transactions!$G:$G,$A40,Transactions!$B:$B,"">=""&C$11,Transactions!$B:$B,""<=""&C$12)-SUMIFS(Transactions!$I:$I,Transactions!$G:$G,$A40,Transactions!$B:$B,"">=""&C$11,Transactions!$B:$B,""<=""&C$12)",A40,"YearlyReport!O40,YearlyReport!P40"
YearlyReport,D40,"=SUMIFS(Transactions!$J:$J,Transactions!$G:$G,$A40,Transactions!$B:$B,"">=""&D$11,Transactions!$B:$B,""<=""&D$12)-SUMIFS(Transactions!$I:$I,Transactions!$G:$G,$A40,Transactions!$B:$B,"">=""&D$11,Transactions!$B:$B,""<=""&D$12)",A40,
YearlyReport,E40,"=SUMIFS(Transactions!$J:$J,Transactions!$G:$G,$A40,Transactions!$B:$B,"">=""&E$11,Transactions!$B:$B,""<=""&E$12)-SUMIFS(Transactions!$I:$I,Transactions!$G:$G,$A40,Transactions!$B:$B,"">=""&E$11,Transactions!$B:$B,""<=""&E$12)",A40,
YearlyReport,F40,"=SUMIFS(Transactions!$J:$J,Transactions!$G:$G,$A40,Transactions!$B:$B,"">=""&F$11,Transactions!$B:$B,""<=""&F$12)-SUMIFS(Transactions!$I:$I,Transactions!$G:$G,$A40,Transactions!$B:$B,"">=""&F$11,Transactions!$B:$B,""<=""&F$12)",A40,
YearlyReport,G40,"=SUMIFS(Transactions!$J:$J,Transactions!$G:$G,$A40,Transactions!$B:$B,"">=""&G$11,Transactions!$B:$B,""<=""&G$12)-SUMIFS(Transactions!$I:$I,Transactions!$G:$G,$A40,Transactions!$B:$B,"">=""&G$11,Transactions!$B:$B,""<=""&G$12)",A40,
YearlyReport,H40,"=SUMIFS(Transactions!$J:$J,Transactions!$G:$G,$A40,Transactions!$B:$B,"">=""&H$11,Transactions!$B:$B,""<=""&H$12)-SUMIFS(Transactions!$I:$I,Transactions!$G:$G,$A40,Transactions!$B:$B,"">=""&H$11,Transactions!$B:$B,""<=""&H$12)",A40,
YearlyReport,I40,"=SUMIFS(Transactions!$J:$J,Transactions!$G:$G,$A40,Transactions!$B:$B,"">=""&I$11,Transactions!$B:$B,""<=""&I$12)-SUMIFS(Transactions!$I:$I,Transactions!$G:$G,$A40,Transactions!$B:$B,"">=""&I$11,Transactions!$B:$B,""<=""&I$12)",A40,
YearlyReport,J40,"=SUMIFS(Transactions!$J:$J,Transactions!$G:$G,$A40,Transactions!$B:$B,"">=""&J$11,Transactions!$B:$B,""<=""&J$12)-SUMIFS(Transactions!$I:$I,Transactions!$G:$G,$A40,Transactions!$B:$B,"">=""&J$11,Transactions!$B:$B,""<=""&J$12)",A40,
YearlyReport,K40,"=SUMIFS(Transactions!$J:$J,Transactions!$G:$G,$A40,Transactions!$B:$B,"">=""&K$11,Transactions!$B:$B,""<=""&K$12)-SUMIFS(Transactions!$I:$I,Transactions!$G:$G,$A40,Transactions!$B:$B,"">=""&K$11,Transactions!$B:$B,""<=""&K$12)",A40,
YearlyReport,L40,"=SUMIFS(Transactions!$J:$J,Transactions!$G:$G,$A40,Transactions!$B:$B,"">=""&L$11,Transactions!$B:$B,""<=""&L$12)-SUMIFS(Transactions!$I:$I,Transactions!$G:$G,$A40,Transactions!$B:$B,"">=""&L$11,Transactions!$B:$B,""<=""&L$12)",A40,
YearlyReport,M40,"=SUMIFS(Transactions!$J:$J,Transactions!$G:$G,$A40,Transactions!$B:$B,"">=""&M$11,Transactions!$B:$B,""<=""&M$12)-SUMIFS(Transactions!$I:$I,Transactions!$G:$G,$A40,Transactions!$B:$B,"">=""&M$11,Transactions!$B:$B,""<=""&M$12)",A40,
YearlyReport,N40,"=SUMIFS(Transactions!$J:$J,Transactions!$G:$G,$A40,Transactions!$B:$B,"">=""&N$11,Transactions!$B:$B,""<=""&N$12)-SUMIFS(Transactions!$I:$I,Transactions!$G:$G,$A40,Transactions!$B:$B,"">=""&N$11,Transactions!$B:$B,""<=""&N$12)",A40,"YearlyReport!O40,YearlyReport!P40"
YearlyReport,O40,=SUM(C40:N40),"C40,N40",YearlyReport!P40
YearlyReport,P40,=O40/COLUMNS(C40:N40),"O40,C40,N40",
YearlyReport,A41, - ,,"YearlyReport!C41,YearlyReport!D41,YearlyReport!E41,YearlyReport!F41,YearlyReport!G41,YearlyReport!H41,YearlyReport!I41,YearlyReport!J41,YearlyReport!K41,YearlyReport!L41,YearlyReport!M41,YearlyReport!N41"
YearlyReport,B41,,,
YearlyReport,C41,"=SUMIFS(Transactions!$J:$J,Transactions!$G:$G,$A41,Transactions!$B:$B,"">=""&C$11,Transactions!$B:$B,""<=""&C$12)-SUMIFS(Transactions!$I:$I,Transactions!$G:$G,$A41,Transactions!$B:$B,"">=""&C$11,Transactions!$B:$B,""<=""&C$12)",A41,"YearlyReport!O41,YearlyReport!P41"
YearlyReport,D41,"=SUMIFS(Transactions!$J:$J,Transactions!$G:$G,$A41,Transactions!$B:$B,"">=""&D$11,Transactions!$B:$B,""<=""&D$12)-SUMIFS(Transactions!$I:$I,Transactions!$G:$G,$A41,Transactions!$B:$B,"">=""&D$11,Transactions!$B:$B,""<=""&D$12)",A41,
YearlyReport,E41,"=SUMIFS(Transactions!$J:$J,Transactions!$G:$G,$A41,Transactions!$B:$B,"">=""&E$11,Transactions!$B:$B,""<=""&E$12)-SUMIFS(Transactions!$I:$I,Transactions!$G:$G,$A41,Transactions!$B:$B,"">=""&E$11,Transactions!$B:$B,""<=""&E$12)",A41,
YearlyReport,F41,"=SUMIFS(Transactions!$J:$J,Transactions!$G:$G,$A41,Transactions!$B:$B,"">=""&F$11,Transactions!$B:$B,""<=""&F$12)-SUMIFS(Transactions!$I:$I,Transactions!$G:$G,$A41,Transactions!$B:$B,"">=""&F$11,Transactions!$B:$B,""<=""&F$12)",A41,
YearlyReport,G41,"=SUMIFS(Transactions!$J:$J,Transactions!$G:$G,$A41,Transactions!$B:$B,"">=""&G$11,Transactions!$B:$B,""<=""&G$12)-SUMIFS(Transactions!$I:$I,Transactions!$G:$G,$A41,Transactions!$B:$B,"">=""&G$11,Transactions!$B:$B,""<=""&G$12)",A41,
YearlyReport,H41,"=SUMIFS(Transactions!$J:$J,Transactions!$G:$G,$A41,Transactions!$B:$B,"">=""&H$11,Transactions!$B:$B,""<=""&H$12)-SUMIFS(Transactions!$I:$I,Transactions!$G:$G,$A41,Transactions!$B:$B,"">=""&H$11,Transactions!$B:$B,""<=""&H$12)",A41,
YearlyReport,I41,"=SUMIFS(Transactions!$J:$J,Transactions!$G:$G,$A41,Transactions!$B:$B,"">=""&I$11,Transactions!$B:$B,""<=""&I$12)-SUMIFS(Transactions!$I:$I,Transactions!$G:$G,$A41,Transactions!$B:$B,"">=""&I$11,Transactions!$B:$B,""<=""&I$12)",A41,
YearlyReport,J41,"=SUMIFS(Transactions!$J:$J,Transactions!$G:$G,$A41,Transactions!$B:$B,"">=""&J$11,Transactions!$B:$B,""<=""&J$12)-SUMIFS(Transactions!$I:$I,Transactions!$G:$G,$A41,Transactions!$B:$B,"">=""&J$11,Transactions!$B:$B,""<=""&J$12)",A41,
YearlyReport,K41,"=SUMIFS(Transactions!$J:$J,Transactions!$G:$G,$A41,Transactions!$B:$B,"">=""&K$11,Transactions!$B:$B,""<=""&K$12)-SUMIFS(Transactions!$I:$I,Transactions!$G:$G,$A41,Transactions!$B:$B,"">=""&K$11,Transactions!$B:$B,""<=""&K$12)",A41,
YearlyReport,L41,"=SUMIFS(Transactions!$J:$J,Transactions!$G:$G,$A41,Transactions!$B:$B,"">=""&L$11,Transactions!$B:$B,""<=""&L$12)-SUMIFS(Transactions!$I:$I,Transactions!$G:$G,$A41,Transactions!$B:$B,"">=""&L$11,Transactions!$B:$B,""<=""&L$12)",A41,
YearlyReport,M41,"=SUMIFS(Transactions!$J:$J,Transactions!$G:$G,$A41,Transactions!$B:$B,"">=""&M$11,Transactions!$B:$B,""<=""&M$12)-SUMIFS(Transactions!$I:$I,Transactions!$G:$G,$A41,Transactions!$B:$B,"">=""&M$11,Transactions!$B:$B,""<=""&M$12)",A41,
YearlyReport,N41,"=SUMIFS(Transactions!$J:$J,Transactions!$G:$G,$A41,Transactions!$B:$B,"">=""&N$11,Transactions!$B:$B,""<=""&N$12)-SUMIFS(Transactions!$I:$I,Transactions!$G:$G,$A41,Transactions!$B:$B,"">=""&N$11,Transactions!$B:$B,""<=""&N$12)",A41,"YearlyReport!O41,YearlyReport!P41"
YearlyReport,O41,=SUM(C41:N41),"C41,N41",YearlyReport!P41
YearlyReport,P41,=O41/COLUMNS(C41:N41),"O41,C41,N41",
YearlyReport,A42, - ,,"YearlyReport!C42,YearlyReport!D42,YearlyReport!E42,YearlyReport!F42,YearlyReport!G42,YearlyReport!H42,YearlyReport!I42,YearlyReport!J42,YearlyReport!K42,YearlyReport!L42,YearlyReport!M42,YearlyReport!N42"
YearlyReport,B42,,,
YearlyReport,C42,"=SUMIFS(Transactions!$J:$J,Transactions!$G:$G,$A42,Transactions!$B:$B,"">=""&C$11,Transactions!$B:$B,""<=""&C$12)-SUMIFS(Transactions!$I:$I,Transactions!$G:$G,$A42,Transactions!$B:$B,"">=""&C$11,Transactions!$B:$B,""<=""&C$12)",A42,"YearlyReport!O42,YearlyReport!P42"
YearlyReport,D42,"=SUMIFS(Transactions!$J:$J,Transactions!$G:$G,$A42,Transactions!$B:$B,"">=""&D$11,Transactions!$B:$B,""<=""&D$12)-SUMIFS(Transactions!$I:$I,Transactions!$G:$G,$A42,Transactions!$B:$B,"">=""&D$11,Transactions!$B:$B,""<=""&D$12)",A42,
YearlyReport,E42,"=SUMIFS(Transactions!$J:$J,Transactions!$G:$G,$A42,Transactions!$B:$B,"">=""&E$11,Transactions!$B:$B,""<=""&E$12)-SUMIFS(Transactions!$I:$I,Transactions!$G:$G,$A42,Transactions!$B:$B,"">=""&E$11,Transactions!$B:$B,""<=""&E$12)",A42,
YearlyReport,F42,"=SUMIFS(Transactions!$J:$J,Transactions!$G:$G,$A42,Transactions!$B:$B,"">=""&F$11,Transactions!$B:$B,""<=""&F$12)-SUMIFS(Transactions!$I:$I,Transactions!$G:$G,$A42,Transactions!$B:$B,"">=""&F$11,Transactions!$B:$B,""<=""&F$12)",A42,
YearlyReport,G42,"=SUMIFS(Transactions!$J:$J,Transactions!$G:$G,$A42,Transactions!$B:$B,"">=""&G$11,Transactions!$B:$B,""<=""&G$12)-SUMIFS(Transactions!$I:$I,Transactions!$G:$G,$A42,Transactions!$B:$B,"">=""&G$11,Transactions!$B:$B,""<=""&G$12)",A42,
YearlyReport,H42,"=SUMIFS(Transactions!$J:$J,Transactions!$G:$G,$A42,Transactions!$B:$B,"">=""&H$11,Transactions!$B:$B,""<=""&H$12)-SUMIFS(Transactions!$I:$I,Transactions!$G:$G,$A42,Transactions!$B:$B,"">=""&H$11,Transactions!$B:$B,""<=""&H$12)",A42,
YearlyReport,I42,"=SUMIFS(Transactions!$J:$J,Transactions!$G:$G,$A42,Transactions!$B:$B,"">=""&I$11,Transactions!$B:$B,""<=""&I$12)-SUMIFS(Transactions!$I:$I,Transactions!$G:$G,$A42,Transactions!$B:$B,"">=""&I$11,Transactions!$B:$B,""<=""&I$12)",A42,
YearlyReport,J42,"=SUMIFS(Transactions!$J:$J,Transactions!$G:$G,$A42,Transactions!$B:$B,"">=""&J$11,Transactions!$B:$B,""<=""&J$12)-SUMIFS(Transactions!$I:$I,Transactions!$G:$G,$A42,Transactions!$B:$B,"">=""&J$11,Transactions!$B:$B,""<=""&J$12)",A42,
YearlyReport,K42,"=SUMIFS(Transactions!$J:$J,Transactions!$G:$G,$A42,Transactions!$B:$B,"">=""&K$11,Transactions!$B:$B,""<=""&K$12)-SUMIFS(Transactions!$I:$I,Transactions!$G:$G,$A42,Transactions!$B:$B,"">=""&K$11,Transactions!$B:$B,""<=""&K$12)",A42,
YearlyReport,L42,"=SUMIFS(Transactions!$J:$J,Transactions!$G:$G,$A42,Transactions!$B:$B,"">=""&L$11,Transactions!$B:$B,""<=""&L$12)-SUMIFS(Transactions!$I:$I,Transactions!$G:$G,$A42,Transactions!$B:$B,"">=""&L$11,Transactions!$B:$B,""<=""&L$12)",A42,
YearlyReport,M42,"=SUMIFS(Transactions!$J:$J,Transactions!$G:$G,$A42,Transactions!$B:$B,"">=""&M$11,Transactions!$B:$B,""<=""&M$12)-SUMIFS(Transactions!$I:$I,Transactions!$G:$G,$A42,Transactions!$B:$B,"">=""&M$11,Transactions!$B:$B,""<=""&M$12)",A42,
YearlyReport,N42,"=SUMIFS(Transactions!$J:$J,Transactions!$G:$G,$A42,Transactions!$B:$B,"">=""&N$11,Transactions!$B:$B,""<=""&N$12)-SUMIFS(Transactions!$I:$I,Transactions!$G:$G,$A42,Transactions!$B:$B,"">=""&N$11,Transactions!$B:$B,""<=""&N$12)",A42,"YearlyReport!O42,YearlyReport!P42"
YearlyReport,O42,=SUM(C42:N42),"C42,N42",YearlyReport!P42
YearlyReport,P42,=O42/COLUMNS(C42:N42),"O42,C42,N42",
YearlyReport,A43, - ,,"YearlyReport!C43,YearlyReport!D43,YearlyReport!E43,YearlyReport!F43,YearlyReport!G43,YearlyReport!H43,YearlyReport!I43,YearlyReport!J43,YearlyReport!K43,YearlyReport!L43,YearlyReport!M43,YearlyReport!N43"
YearlyReport,B43,,,
YearlyReport,C43,"=SUMIFS(Transactions!$J:$J,Transactions!$G:$G,$A43,Transactions!$B:$B,"">=""&C$11,Transactions!$B:$B,""<=""&C$12)-SUMIFS(Transactions!$I:$I,Transactions!$G:$G,$A43,Transactions!$B:$B,"">=""&C$11,Transactions!$B:$B,""<=""&C$12)",A43,"YearlyReport!O43,YearlyReport!P43"
YearlyReport,D43,"=SUMIFS(Transactions!$J:$J,Transactions!$G:$G,$A43,Transactions!$B:$B,"">=""&D$11,Transactions!$B:$B,""<=""&D$12)-SUMIFS(Transactions!$I:$I,Transactions!$G:$G,$A43,Transactions!$B:$B,"">=""&D$11,Transactions!$B:$B,""<=""&D$12)",A43,
YearlyReport,E43,"=SUMIFS(Transactions!$J:$J,Transactions!$G:$G,$A43,Transactions!$B:$B,"">=""&E$11,Transactions!$B:$B,""<=""&E$12)-SUMIFS(Transactions!$I:$I,Transactions!$G:$G,$A43,Transactions!$B:$B,"">=""&E$11,Transactions!$B:$B,""<=""&E$12)",A43,
YearlyReport,F43,"=SUMIFS(Transactions!$J:$J,Transactions!$G:$G,$A43,Transactions!$B:$B,"">=""&F$11,Transactions!$B:$B,""<=""&F$12)-SUMIFS(Transactions!$I:$I,Transactions!$G:$G,$A43,Transactions!$B:$B,"">=""&F$11,Transactions!$B:$B,""<=""&F$12)",A43,
YearlyReport,G43,"=SUMIFS(Transactions!$J:$J,Transactions!$G:$G,$A43,Transactions!$B:$B,"">=""&G$11,Transactions!$B:$B,""<=""&G$12)-SUMIFS(Transactions!$I:$I,Transactions!$G:$G,$A43,Transactions!$B:$B,"">=""&G$11,Transactions!$B:$B,""<=""&G$12)",A43,
YearlyReport,H43,"=SUMIFS(Transactions!$J:$J,Transactions!$G:$G,$A43,Transactions!$B:$B,"">=""&H$11,Transactions!$B:$B,""<=""&H$12)-SUMIFS(Transactions!$I:$I,Transactions!$G:$G,$A43,Transactions!$B:$B,"">=""&H$11,Transactions!$B:$B,""<=""&H$12)",A43,
YearlyReport,I43,"=SUMIFS(Transactions!$J:$J,Transactions!$G:$G,$A43,Transactions!$B:$B,"">=""&I$11,Transactions!$B:$B,""<=""&I$12)-SUMIFS(Transactions!$I:$I,Transactions!$G:$G,$A43,Transactions!$B:$B,"">=""&I$11,Transactions!$B:$B,""<=""&I$12)",A43,
YearlyReport,J43,"=SUMIFS(Transactions!$J:$J,Transactions!$G:$G,$A43,Transactions!$B:$B,"">=""&J$11,Transactions!$B:$B,""<=""&J$12)-SUMIFS(Transactions!$I:$I,Transactions!$G:$G,$A43,Transactions!$B:$B,"">=""&J$11,Transactions!$B:$B,""<=""&J$12)",A43,
YearlyReport,K43,"=SUMIFS(Transactions!$J:$J,Transactions!$G:$G,$A43,Transactions!$B:$B,"">=""&K$11,Transactions!$B:$B,""<=""&K$12)-SUMIFS(Transactions!$I:$I,Transactions!$G:$G,$A43,Transactions!$B:$B,"">=""&K$11,Transactions!$B:$B,""<=""&K$12)",A43,
YearlyReport,L43,"=SUMIFS(Transactions!$J:$J,Transactions!$G:$G,$A43,Transactions!$B:$B,"">=""&L$11,Transactions!$B:$B,""<=""&L$12)-SUMIFS(Transactions!$I:$I,Transactions!$G:$G,$A43,Transactions!$B:$B,"">=""&L$11,Transactions!$B:$B,""<=""&L$12)",A43,
YearlyReport,M43,"=SUMIFS(Transactions!$J:$J,Transactions!$G:$G,$A43,Transactions!$B:$B,"">=""&M$11,Transactions!$B:$B,""<=""&M$12)-SUMIFS(Transactions!$I:$I,Transactions!$G:$G,$A43,Transactions!$B:$B,"">=""&M$11,Transactions!$B:$B,""<=""&M$12)",A43,
YearlyReport,N43,"=SUMIFS(Transactions!$J:$J,Transactions!$G:$G,$A43,Transactions!$B:$B,"">=""&N$11,Transactions!$B:$B,""<=""&N$12)-SUMIFS(Transactions!$I:$I,Transactions!$G:$G,$A43,Transactions!$B:$B,"">=""&N$11,Transactions!$B:$B,""<=""&N$12)",A43,"YearlyReport!O43,YearlyReport!P43"
YearlyReport,O43,=SUM(C43:N43),"C43,N43",YearlyReport!P43
YearlyReport,P43,=O43/COLUMNS(C43:N43),"O43,C43,N43",
YearlyReport,A44, - ,,"YearlyReport!C44,YearlyReport!D44,YearlyReport!E44,YearlyReport!F44,YearlyReport!G44,YearlyReport!H44,YearlyReport!I44,YearlyReport!J44,YearlyReport!K44,YearlyReport!L44,YearlyReport!M44,YearlyReport!N44"
YearlyReport,B44,,,
YearlyReport,C44,"=SUMIFS(Transactions!$J:$J,Transactions!$G:$G,$A44,Transactions!$B:$B,"">=""&C$11,Transactions!$B:$B,""<=""&C$12)-SUMIFS(Transactions!$I:$I,Transactions!$G:$G,$A44,Transactions!$B:$B,"">=""&C$11,Transactions!$B:$B,""<=""&C$12)",A44,"YearlyReport!O44,YearlyReport!P44,YearlyReport!C45"
YearlyReport,D44,"=SUMIFS(Transactions!$J:$J,Transactions!$G:$G,$A44,Transactions!$B:$B,"">=""&D$11,Transactions!$B:$B,""<=""&D$12)-SUMIFS(Transactions!$I:$I,Transactions!$G:$G,$A44,Transactions!$B:$B,"">=""&D$11,Transactions!$B:$B,""<=""&D$12)",A44,YearlyReport!D45
YearlyReport,E44,"=SUMIFS(Transactions!$J:$J,Transactions!$G:$G,$A44,Transactions!$B:$B,"">=""&E$11,Transactions!$B:$B,""<=""&E$12)-SUMIFS(Transactions!$I:$I,Transactions!$G:$G,$A44,Transactions!$B:$B,"">=""&E$11,Transactions!$B:$B,""<=""&E$12)",A44,YearlyReport!E45
YearlyReport,F44,"=SUMIFS(Transactions!$J:$J,Transactions!$G:$G,$A44,Transactions!$B:$B,"">=""&F$11,Transactions!$B:$B,""<=""&F$12)-SUMIFS(Transactions!$I:$I,Transactions!$G:$G,$A44,Transactions!$B:$B,"">=""&F$11,Transactions!$B:$B,""<=""&F$12)",A44,YearlyReport!F45
YearlyReport,G44,"=SUMIFS(Transactions!$J:$J,Transactions!$G:$G,$A44,Transactions!$B:$B,"">=""&G$11,Transactions!$B:$B,""<=""&G$12)-SUMIFS(Transactions!$I:$I,Transactions!$G:$G,$A44,Transactions!$B:$B,"">=""&G$11,Transactions!$B:$B,""<=""&G$12)",A44,YearlyReport!G45
YearlyReport,H44,"=SUMIFS(Transactions!$J:$J,Transactions!$G:$G,$A44,Transactions!$B:$B,"">=""&H$11,Transactions!$B:$B,""<=""&H$12)-SUMIFS(Transactions!$I:$I,Transactions!$G:$G,$A44,Transactions!$B:$B,"">=""&H$11,Transactions!$B:$B,""<=""&H$12)",A44,YearlyReport!H45
YearlyReport,I44,"=SUMIFS(Transactions!$J:$J,Transactions!$G:$G,$A44,Transactions!$B:$B,"">=""&I$11,Transactions!$B:$B,""<=""&I$12)-SUMIFS(Transactions!$I:$I,Transactions!$G:$G,$A44,Transactions!$B:$B,"">=""&I$11,Transactions!$B:$B,""<=""&I$12)",A44,YearlyReport!I45
YearlyReport,J44,"=SUMIFS(Transactions!$J:$J,Transactions!$G:$G,$A44,Transactions!$B:$B,"">=""&J$11,Transactions!$B:$B,""<=""&J$12)-SUMIFS(Transactions!$I:$I,Transactions!$G:$G,$A44,Transactions!$B:$B,"">=""&J$11,Transactions!$B:$B,""<=""&J$12)",A44,YearlyReport!J45
YearlyReport,K44,"=SUMIFS(Transactions!$J:$J,Transactions!$G:$G,$A44,Transactions!$B:$B,"">=""&K$11,Transactions!$B:$B,""<=""&K$12)-SUMIFS(Transactions!$I:$I,Transactions!$G:$G,$A44,Transactions!$B:$B,"">=""&K$11,Transactions!$B:$B,""<=""&K$12)",A44,YearlyReport!K45
YearlyReport,L44,"=SUMIFS(Transactions!$J:$J,Transactions!$G:$G,$A44,Transactions!$B:$B,"">=""&L$11,Transactions!$B:$B,""<=""&L$12)-SUMIFS(Transactions!$I:$I,Transactions!$G:$G,$A44,Transactions!$B:$B,"">=""&L$11,Transactions!$B:$B,""<=""&L$12)",A44,YearlyReport!L45
YearlyReport,M44,"=SUMIFS(Transactions!$J:$J,Transactions!$G:$G,$A44,Transactions!$B:$B,"">=""&M$11,Transactions!$B:$B,""<=""&M$12)-SUMIFS(Transactions!$I:$I,Transactions!$G:$G,$A44,Transactions!$B:$B,"">=""&M$11,Transactions!$B:$B,""<=""&M$12)",A44,YearlyReport!M45
YearlyReport,N44,"=SUMIFS(Transactions!$J:$J,Transactions!$G:$G,$A44,Transactions!$B:$B,"">=""&N$11,Transactions!$B:$B,""<=""&N$12)-SUMIFS(Transactions!$I:$I,Transactions!$G:$G,$A44,Transactions!$B:$B,"">=""&N$11,Transactions!$B:$B,""<=""&N$12)",A44,"YearlyReport!O44,YearlyReport!P44,YearlyReport!N45"
YearlyReport,O44,=SUM(C44:N44),"C44,N44",YearlyReport!P44
YearlyReport,P44,=O44/COLUMNS(C44:N44),"O44,C44,N44",
YearlyReport,A45,,,
YearlyReport,B45,Total Income,,
YearlyReport,C45,=SUM(C14:C44),"C14,C44","YearlyReport!C5,YearlyReport!O45,YearlyReport!P45"
YearlyReport,D45,=SUM(D14:D44),"D14,D44",YearlyReport!D5
YearlyReport,E45,=SUM(E14:E44),"E14,E44",YearlyReport!E5
YearlyReport,F45,=SUM(F14:F44),"F14,F44",YearlyReport!F5
YearlyReport,G45,=SUM(G14:G44),"G14,G44",YearlyReport!G5
YearlyReport,H45,=SUM(H14:H44),"H14,H44",YearlyReport!H5
YearlyReport,I45,=SUM(I14:I44),"I14,I44",YearlyReport!I5
YearlyReport,J45,=SUM(J14:J44),"J14,J44",YearlyReport!J5
YearlyReport,K45,=SUM(K14:K44),"K14,K44",YearlyReport!K5
YearlyReport,L45,=SUM(L14:L44),"L14,L44",YearlyReport!L5
YearlyReport,M45,=SUM(M14:M44),"M14,M44",YearlyReport!M5
YearlyReport,N45,=SUM(N14:N44),"N14,N44","YearlyReport!N5,YearlyReport!O45,YearlyReport!P45"
YearlyReport,O45,=SUM(C45:N45),"C45,N45",YearlyReport!P45
YearlyReport,P45,=O45/COLUMNS(C45:N45),"O45,C45,N45",
YearlyReport,A46,,,
YearlyReport,C46,,,
YearlyReport,D46,,,
YearlyReport,E46,,,
YearlyReport,F46,,,
YearlyReport,G46,,,
YearlyReport,H46,,,
YearlyReport,I46,,,
YearlyReport,J46,,,
YearlyReport,K46,,,
YearlyReport,L46,,,
YearlyReport,M46,,,
YearlyReport,N46,,,
YearlyReport,O46,,,
YearlyReport,P46,,,
YearlyReport,A47,EXPENSES,,
YearlyReport,B47,,,
YearlyReport,C47,,,YearlyReport!C148
YearlyReport,D47,,,YearlyReport!D148
YearlyReport,E47,,,YearlyReport!E148
YearlyReport,F47,,,YearlyReport!F148
YearlyReport,G47,,,YearlyReport!G148
YearlyReport,H47,,,YearlyReport!H148
YearlyReport,I47,,,YearlyReport!I148
YearlyReport,J47,,,YearlyReport!J148
YearlyReport,K47,,,YearlyReport!K148
YearlyReport,L47,,,YearlyReport!L148
YearlyReport,M47,,,YearlyReport!M148
YearlyReport,N47,,,YearlyReport!N148
YearlyReport,O47,Total,,YearlyReport!O148
YearlyReport,P47,Average,,YearlyReport!P148
YearlyReport,A48,<openpyxl.worksheet.formula.ArrayFormula object at 0xffff8d143a80>,,"YearlyReport!C48,YearlyReport!D48,YearlyReport!E48,YearlyReport!F48,YearlyReport!G48,YearlyReport!H48,YearlyReport!I48,YearlyReport!J48,YearlyReport!K48,YearlyReport!L48,YearlyReport!M48,YearlyReport!N48"
YearlyReport,B48,,,
YearlyReport,C48,"=-SUMIFS(Transactions!$J:$J,Transactions!$G:$G,YearlyReport!$A48,Transactions!$B:$B,"">=""&C$11,Transactions!$B:$B,""<=""&C$12)+SUMIFS(Transactions!$I:$I,Transactions!$G:$G,YearlyReport!$A48,Transactions!$B:$B,"">=""&C$11,Transactions!$B:$B,""<=""&C$12)",A48,"YearlyReport!O48,YearlyReport!P48"
YearlyReport,D48,"=-SUMIFS(Transactions!$J:$J,Transactions!$G:$G,YearlyReport!$A48,Transactions!$B:$B,"">=""&D$11,Transactions!$B:$B,""<=""&D$12)+SUMIFS(Transactions!$I:$I,Transactions!$G:$G,YearlyReport!$A48,Transactions!$B:$B,"">=""&D$11,Transactions!$B:$B,""<=""&D$12)",A48,
YearlyReport,E48,"=-SUMIFS(Transactions!$J:$J,Transactions!$G:$G,YearlyReport!$A48,Transactions!$B:$B,"">=""&E$11,Transactions!$B:$B,""<=""&E$12)+SUMIFS(Transactions!$I:$I,Transactions!$G:$G,YearlyReport!$A48,Transactions!$B:$B,"">=""&E$11,Transactions!$B:$B,""<=""&E$12)",A48,
YearlyReport,F48,"=-SUMIFS(Transactions!$J:$J,Transactions!$G:$G,YearlyReport!$A48,Transactions!$B:$B,"">=""&F$11,Transactions!$B:$B,""<=""&F$12)+SUMIFS(Transactions!$I:$I,Transactions!$G:$G,YearlyReport!$A48,Transactions!$B:$B,"">=""&F$11,Transactions!$B:$B,""<=""&F$12)",A48,
YearlyReport,G48,"=-SUMIFS(Transactions!$J:$J,Transactions!$G:$G,YearlyReport!$A48,Transactions!$B:$B,"">=""&G$11,Transactions!$B:$B,""<=""&G$12)+SUMIFS(Transactions!$I:$I,Transactions!$G:$G,YearlyReport!$A48,Transactions!$B:$B,"">=""&G$11,Transactions!$B:$B,""<=""&G$12)",A48,
YearlyReport,H48,"=-SUMIFS(Transactions!$J:$J,Transactions!$G:$G,YearlyReport!$A48,Transactions!$B:$B,"">=""&H$11,Transactions!$B:$B,""<=""&H$12)+SUMIFS(Transactions!$I:$I,Transactions!$G:$G,YearlyReport!$A48,Transactions!$B:$B,"">=""&H$11,Transactions!$B:$B,""<=""&H$12)",A48,
YearlyReport,I48,"=-SUMIFS(Transactions!$J:$J,Transactions!$G:$G,YearlyReport!$A48,Transactions!$B:$B,"">=""&I$11,Transactions!$B:$B,""<=""&I$12)+SUMIFS(Transactions!$I:$I,Transactions!$G:$G,YearlyReport!$A48,Transactions!$B:$B,"">=""&I$11,Transactions!$B:$B,""<=""&I$12)",A48,
YearlyReport,J48,"=-SUMIFS(Transactions!$J:$J,Transactions!$G:$G,YearlyReport!$A48,Transactions!$B:$B,"">=""&J$11,Transactions!$B:$B,""<=""&J$12)+SUMIFS(Transactions!$I:$I,Transactions!$G:$G,YearlyReport!$A48,Transactions!$B:$B,"">=""&J$11,Transactions!$B:$B,""<=""&J$12)",A48,
YearlyReport,K48,"=-SUMIFS(Transactions!$J:$J,Transactions!$G:$G,YearlyReport!$A48,Transactions!$B:$B,"">=""&K$11,Transactions!$B:$B,""<=""&K$12)+SUMIFS(Transactions!$I:$I,Transactions!$G:$G,YearlyReport!$A48,Transactions!$B:$B,"">=""&K$11,Transactions!$B:$B,""<=""&K$12)",A48,
YearlyReport,L48,"=-SUMIFS(Transactions!$J:$J,Transactions!$G:$G,YearlyReport!$A48,Transactions!$B:$B,"">=""&L$11,Transactions!$B:$B,""<=""&L$12)+SUMIFS(Transactions!$I:$I,Transactions!$G:$G,YearlyReport!$A48,Transactions!$B:$B,"">=""&L$11,Transactions!$B:$B,""<=""&L$12)",A48,
YearlyReport,M48,"=-SUMIFS(Transactions!$J:$J,Transactions!$G:$G,YearlyReport!$A48,Transactions!$B:$B,"">=""&M$11,Transactions!$B:$B,""<=""&M$12)+SUMIFS(Transactions!$I:$I,Transactions!$G:$G,YearlyReport!$A48,Transactions!$B:$B,"">=""&M$11,Transactions!$B:$B,""<=""&M$12)",A48,
YearlyReport,N48,"=-SUMIFS(Transactions!$J:$J,Transactions!$G:$G,YearlyReport!$A48,Transactions!$B:$B,"">=""&N$11,Transactions!$B:$B,""<=""&N$12)+SUMIFS(Transactions!$I:$I,Transactions!$G:$G,YearlyReport!$A48,Transactions!$B:$B,"">=""&N$11,Transactions!$B:$B,""<=""&N$12)",A48,"YearlyReport!O48,YearlyReport!P48"
YearlyReport,O48,=SUM(C48:N48),"C48,N48",YearlyReport!P48
YearlyReport,P48,=O48/COLUMNS(C48:N48),"O48,C48,N48",
YearlyReport,A49,Car Insurance,,"YearlyReport!C49,YearlyReport!D49,YearlyReport!E49,YearlyReport!F49,YearlyReport!G49,YearlyReport!H49,YearlyReport!I49,YearlyReport!J49,YearlyReport!K49,YearlyReport!L49,YearlyReport!M49,YearlyReport!N49"
YearlyReport,B49,,,
YearlyReport,C49,"=-SUMIFS(Transactions!$J:$J,Transactions!$G:$G,YearlyReport!$A49,Transactions!$B:$B,"">=""&C$11,Transactions!$B:$B,""<=""&C$12)+SUMIFS(Transactions!$I:$I,Transactions!$G:$G,YearlyReport!$A49,Transactions!$B:$B,"">=""&C$11,Transactions!$B:$B,""<=""&C$12)",A49,"YearlyReport!O49,YearlyReport!P49"
YearlyReport,D49,"=-SUMIFS(Transactions!$J:$J,Transactions!$G:$G,YearlyReport!$A49,Transactions!$B:$B,"">=""&D$11,Transactions!$B:$B,""<=""&D$12)+SUMIFS(Transactions!$I:$I,Transactions!$G:$G,YearlyReport!$A49,Transactions!$B:$B,"">=""&D$11,Transactions!$B:$B,""<=""&D$12)",A49,
YearlyReport,E49,"=-SUMIFS(Transactions!$J:$J,Transactions!$G:$G,YearlyReport!$A49,Transactions!$B:$B,"">=""&E$11,Transactions!$B:$B,""<=""&E$12)+SUMIFS(Transactions!$I:$I,Transactions!$G:$G,YearlyReport!$A49,Transactions!$B:$B,"">=""&E$11,Transactions!$B:$B,""<=""&E$12)",A49,
YearlyReport,F49,"=-SUMIFS(Transactions!$J:$J,Transactions!$G:$G,YearlyReport!$A49,Transactions!$B:$B,"">=""&F$11,Transactions!$B:$B,""<=""&F$12)+SUMIFS(Transactions!$I:$I,Transactions!$G:$G,YearlyReport!$A49,Transactions!$B:$B,"">=""&F$11,Transactions!$B:$B,""<=""&F$12)",A49,
YearlyReport,G49,"=-SUMIFS(Transactions!$J:$J,Transactions!$G:$G,YearlyReport!$A49,Transactions!$B:$B,"">=""&G$11,Transactions!$B:$B,""<=""&G$12)+SUMIFS(Transactions!$I:$I,Transactions!$G:$G,YearlyReport!$A49,Transactions!$B:$B,"">=""&G$11,Transactions!$B:$B,""<=""&G$12)",A49,
YearlyReport,H49,"=-SUMIFS(Transactions!$J:$J,Transactions!$G:$G,YearlyReport!$A49,Transactions!$B:$B,"">=""&H$11,Transactions!$B:$B,""<=""&H$12)+SUMIFS(Transactions!$I:$I,Transactions!$G:$G,YearlyReport!$A49,Transactions!$B:$B,"">=""&H$11,Transactions!$B:$B,""<=""&H$12)",A49,
YearlyReport,I49,"=-SUMIFS(Transactions!$J:$J,Transactions!$G:$G,YearlyReport!$A49,Transactions!$B:$B,"">=""&I$11,Transactions!$B:$B,""<=""&I$12)+SUMIFS(Transactions!$I:$I,Transactions!$G:$G,YearlyReport!$A49,Transactions!$B:$B,"">=""&I$11,Transactions!$B:$B,""<=""&I$12)",A49,
YearlyReport,J49,"=-SUMIFS(Transactions!$J:$J,Transactions!$G:$G,YearlyReport!$A49,Transactions!$B:$B,"">=""&J$11,Transactions!$B:$B,""<=""&J$12)+SUMIFS(Transactions!$I:$I,Transactions!$G:$G,YearlyReport!$A49,Transactions!$B:$B,"">=""&J$11,Transactions!$B:$B,""<=""&J$12)",A49,
YearlyReport,K49,"=-SUMIFS(Transactions!$J:$J,Transactions!$G:$G,YearlyReport!$A49,Transactions!$B:$B,"">=""&K$11,Transactions!$B:$B,""<=""&K$12)+SUMIFS(Transactions!$I:$I,Transactions!$G:$G,YearlyReport!$A49,Transactions!$B:$B,"">=""&K$11,Transactions!$B:$B,""<=""&K$12)",A49,
YearlyReport,L49,"=-SUMIFS(Transactions!$J:$J,Transactions!$G:$G,YearlyReport!$A49,Transactions!$B:$B,"">=""&L$11,Transactions!$B:$B,""<=""&L$12)+SUMIFS(Transactions!$I:$I,Transactions!$G:$G,YearlyReport!$A49,Transactions!$B:$B,"">=""&L$11,Transactions!$B:$B,""<=""&L$12)",A49,
YearlyReport,M49,"=-SUMIFS(Transactions!$J:$J,Transactions!$G:$G,YearlyReport!$A49,Transactions!$B:$B,"">=""&M$11,Transactions!$B:$B,""<=""&M$12)+SUMIFS(Transactions!$I:$I,Transactions!$G:$G,YearlyReport!$A49,Transactions!$B:$B,"">=""&M$11,Transactions!$B:$B,""<=""&M$12)",A49,
YearlyReport,N49,"=-SUMIFS(Transactions!$J:$J,Transactions!$G:$G,YearlyReport!$A49,Transactions!$B:$B,"">=""&N$11,Transactions!$B:$B,""<=""&N$12)+SUMIFS(Transactions!$I:$I,Transactions!$G:$G,YearlyReport!$A49,Transactions!$B:$B,"">=""&N$11,Transactions!$B:$B,""<=""&N$12)",A49,"YearlyReport!O49,YearlyReport!P49"
YearlyReport,O49,=SUM(C49:N49),"C49,N49",YearlyReport!P49
YearlyReport,P49,=O49/COLUMNS(C49:N49),"O49,C49,N49",
YearlyReport,A50,Car Payment,,"YearlyReport!C50,YearlyReport!D50,YearlyReport!E50,YearlyReport!F50,YearlyReport!G50,YearlyReport!H50,YearlyReport!I50,YearlyReport!J50,YearlyReport!K50,YearlyReport!L50,YearlyReport!M50,YearlyReport!N50"
YearlyReport,B50,,,
YearlyReport,C50,"=-SUMIFS(Transactions!$J:$J,Transactions!$G:$G,YearlyReport!$A50,Transactions!$B:$B,"">=""&C$11,Transactions!$B:$B,""<=""&C$12)+SUMIFS(Transactions!$I:$I,Transactions!$G:$G,YearlyReport!$A50,Transactions!$B:$B,"">=""&C$11,Transactions!$B:$B,""<=""&C$12)",A50,"YearlyReport!O50,YearlyReport!P50"
YearlyReport,D50,"=-SUMIFS(Transactions!$J:$J,Transactions!$G:$G,YearlyReport!$A50,Transactions!$B:$B,"">=""&D$11,Transactions!$B:$B,""<=""&D$12)+SUMIFS(Transactions!$I:$I,Transactions!$G:$G,YearlyReport!$A50,Transactions!$B:$B,"">=""&D$11,Transactions!$B:$B,""<=""&D$12)",A50,
YearlyReport,E50,"=-SUMIFS(Transactions!$J:$J,Transactions!$G:$G,YearlyReport!$A50,Transactions!$B:$B,"">=""&E$11,Transactions!$B:$B,""<=""&E$12)+SUMIFS(Transactions!$I:$I,Transactions!$G:$G,YearlyReport!$A50,Transactions!$B:$B,"">=""&E$11,Transactions!$B:$B,""<=""&E$12)",A50,
YearlyReport,F50,"=-SUMIFS(Transactions!$J:$J,Transactions!$G:$G,YearlyReport!$A50,Transactions!$B:$B,"">=""&F$11,Transactions!$B:$B,""<=""&F$12)+SUMIFS(Transactions!$I:$I,Transactions!$G:$G,YearlyReport!$A50,Transactions!$B:$B,"">=""&F$11,Transactions!$B:$B,""<=""&F$12)",A50,
YearlyReport,G50,"=-SUMIFS(Transactions!$J:$J,Transactions!$G:$G,YearlyReport!$A50,Transactions!$B:$B,"">=""&G$11,Transactions!$B:$B,""<=""&G$12)+SUMIFS(Transactions!$I:$I,Transactions!$G:$G,YearlyReport!$A50,Transactions!$B:$B,"">=""&G$11,Transactions!$B:$B,""<=""&G$12)",A50,
YearlyReport,H50,"=-SUMIFS(Transactions!$J:$J,Transactions!$G:$G,YearlyReport!$A50,Transactions!$B:$B,"">=""&H$11,Transactions!$B:$B,""<=""&H$12)+SUMIFS(Transactions!$I:$I,Transactions!$G:$G,YearlyReport!$A50,Transactions!$B:$B,"">=""&H$11,Transactions!$B:$B,""<=""&H$12)",A50,
YearlyReport,I50,"=-SUMIFS(Transactions!$J:$J,Transactions!$G:$G,YearlyReport!$A50,Transactions!$B:$B,"">=""&I$11,Transactions!$B:$B,""<=""&I$12)+SUMIFS(Transactions!$I:$I,Transactions!$G:$G,YearlyReport!$A50,Transactions!$B:$B,"">=""&I$11,Transactions!$B:$B,""<=""&I$12)",A50,
YearlyReport,J50,"=-SUMIFS(Transactions!$J:$J,Transactions!$G:$G,YearlyReport!$A50,Transactions!$B:$B,"">=""&J$11,Transactions!$B:$B,""<=""&J$12)+SUMIFS(Transactions!$I:$I,Transactions!$G:$G,YearlyReport!$A50,Transactions!$B:$B,"">=""&J$11,Transactions!$B:$B,""<=""&J$12)",A50,
YearlyReport,K50,"=-SUMIFS(Transactions!$J:$J,Transactions!$G:$G,YearlyReport!$A50,Transactions!$B:$B,"">=""&K$11,Transactions!$B:$B,""<=""&K$12)+SUMIFS(Transactions!$I:$I,Transactions!$G:$G,YearlyReport!$A50,Transactions!$B:$B,"">=""&K$11,Transactions!$B:$B,""<=""&K$12)",A50,
YearlyReport,L50,"=-SUMIFS(Transactions!$J:$J,Transactions!$G:$G,YearlyReport!$A50,Transactions!$B:$B,"">=""&L$11,Transactions!$B:$B,""<=""&L$12)+SUMIFS(Transactions!$I:$I,Transactions!$G:$G,YearlyReport!$A50,Transactions!$B:$B,"">=""&L$11,Transactions!$B:$B,""<=""&L$12)",A50,
YearlyReport,M50,"=-SUMIFS(Transactions!$J:$J,Transactions!$G:$G,YearlyReport!$A50,Transactions!$B:$B,"">=""&M$11,Transactions!$B:$B,""<=""&M$12)+SUMIFS(Transactions!$I:$I,Transactions!$G:$G,YearlyReport!$A50,Transactions!$B:$B,"">=""&M$11,Transactions!$B:$B,""<=""&M$12)",A50,
YearlyReport,N50,"=-SUMIFS(Transactions!$J:$J,Transactions!$G:$G,YearlyReport!$A50,Transactions!$B:$B,"">=""&N$11,Transactions!$B:$B,""<=""&N$12)+SUMIFS(Transactions!$I:$I,Transactions!$G:$G,YearlyReport!$A50,Transactions!$B:$B,"">=""&N$11,Transactions!$B:$B,""<=""&N$12)",A50,"YearlyReport!O50,YearlyReport!P50"
YearlyReport,O50,=SUM(C50:N50),"C50,N50",YearlyReport!P50
YearlyReport,P50,=O50/COLUMNS(C50:N50),"O50,C50,N50",
YearlyReport,A51,Car Repair / Licenses,,"YearlyReport!C51,YearlyReport!D51,YearlyReport!E51,YearlyReport!F51,YearlyReport!G51,YearlyReport!H51,YearlyReport!I51,YearlyReport!J51,YearlyReport!K51,YearlyReport!L51,YearlyReport!M51,YearlyReport!N51"
YearlyReport,B51,,,
YearlyReport,C51,"=-SUMIFS(Transactions!$J:$J,Transactions!$G:$G,YearlyReport!$A51,Transactions!$B:$B,"">=""&C$11,Transactions!$B:$B,""<=""&C$12)+SUMIFS(Transactions!$I:$I,Transactions!$G:$G,YearlyReport!$A51,Transactions!$B:$B,"">=""&C$11,Transactions!$B:$B,""<=""&C$12)",A51,"YearlyReport!O51,YearlyReport!P51"
YearlyReport,D51,"=-SUMIFS(Transactions!$J:$J,Transactions!$G:$G,YearlyReport!$A51,Transactions!$B:$B,"">=""&D$11,Transactions!$B:$B,""<=""&D$12)+SUMIFS(Transactions!$I:$I,Transactions!$G:$G,YearlyReport!$A51,Transactions!$B:$B,"">=""&D$11,Transactions!$B:$B,""<=""&D$12)",A51,
YearlyReport,E51,"=-SUMIFS(Transactions!$J:$J,Transactions!$G:$G,YearlyReport!$A51,Transactions!$B:$B,"">=""&E$11,Transactions!$B:$B,""<=""&E$12)+SUMIFS(Transactions!$I:$I,Transactions!$G:$G,YearlyReport!$A51,Transactions!$B:$B,"">=""&E$11,Transactions!$B:$B,""<=""&E$12)",A51,
YearlyReport,F51,"=-SUMIFS(Transactions!$J:$J,Transactions!$G:$G,YearlyReport!$A51,Transactions!$B:$B,"">=""&F$11,Transactions!$B:$B,""<=""&F$12)+SUMIFS(Transactions!$I:$I,Transactions!$G:$G,YearlyReport!$A51,Transactions!$B:$B,"">=""&F$11,Transactions!$B:$B,""<=""&F$12)",A51,
YearlyReport,G51,"=-SUMIFS(Transactions!$J:$J,Transactions!$G:$G,YearlyReport!$A51,Transactions!$B:$B,"">=""&G$11,Transactions!$B:$B,""<=""&G$12)+SUMIFS(Transactions!$I:$I,Transactions!$G:$G,YearlyReport!$A51,Transactions!$B:$B,"">=""&G$11,Transactions!$B:$B,""<=""&G$12)",A51,
YearlyReport,H51,"=-SUMIFS(Transactions!$J:$J,Transactions!$G:$G,YearlyReport!$A51,Transactions!$B:$B,"">=""&H$11,Transactions!$B:$B,""<=""&H$12)+SUMIFS(Transactions!$I:$I,Transactions!$G:$G,YearlyReport!$A51,Transactions!$B:$B,"">=""&H$11,Transactions!$B:$B,""<=""&H$12)",A51,
YearlyReport,I51,"=-SUMIFS(Transactions!$J:$J,Transactions!$G:$G,YearlyReport!$A51,Transactions!$B:$B,"">=""&I$11,Transactions!$B:$B,""<=""&I$12)+SUMIFS(Transactions!$I:$I,Transactions!$G:$G,YearlyReport!$A51,Transactions!$B:$B,"">=""&I$11,Transactions!$B:$B,""<=""&I$12)",A51,
YearlyReport,J51,"=-SUMIFS(Transactions!$J:$J,Transactions!$G:$G,YearlyReport!$A51,Transactions!$B:$B,"">=""&J$11,Transactions!$B:$B,""<=""&J$12)+SUMIFS(Transactions!$I:$I,Transactions!$G:$G,YearlyReport!$A51,Transactions!$B:$B,"">=""&J$11,Transactions!$B:$B,""<=""&J$12)",A51,
YearlyReport,K51,"=-SUMIFS(Transactions!$J:$J,Transactions!$G:$G,YearlyReport!$A51,Transactions!$B:$B,"">=""&K$11,Transactions!$B:$B,""<=""&K$12)+SUMIFS(Transactions!$I:$I,Transactions!$G:$G,YearlyReport!$A51,Transactions!$B:$B,"">=""&K$11,Transactions!$B:$B,""<=""&K$12)",A51,
YearlyReport,L51,"=-SUMIFS(Transactions!$J:$J,Transactions!$G:$G,YearlyReport!$A51,Transactions!$B:$B,"">=""&L$11,Transactions!$B:$B,""<=""&L$12)+SUMIFS(Transactions!$I:$I,Transactions!$G:$G,YearlyReport!$A51,Transactions!$B:$B,"">=""&L$11,Transactions!$B:$B,""<=""&L$12)",A51,
YearlyReport,M51,"=-SUMIFS(Transactions!$J:$J,Transactions!$G:$G,YearlyReport!$A51,Transactions!$B:$B,"">=""&M$11,Transactions!$B:$B,""<=""&M$12)+SUMIFS(Transactions!$I:$I,Transactions!$G:$G,YearlyReport!$A51,Transactions!$B:$B,"">=""&M$11,Transactions!$B:$B,""<=""&M$12)",A51,
YearlyReport,N51,"=-SUMIFS(Transactions!$J:$J,Transactions!$G:$G,YearlyReport!$A51,Transactions!$B:$B,"">=""&N$11,Transactions!$B:$B,""<=""&N$12)+SUMIFS(Transactions!$I:$I,Transactions!$G:$G,YearlyReport!$A51,Transactions!$B:$B,"">=""&N$11,Transactions!$B:$B,""<=""&N$12)",A51,"YearlyReport!O51,YearlyReport!P51"
YearlyReport,O51,=SUM(C51:N51),"C51,N51",YearlyReport!P51
YearlyReport,P51,=O51/COLUMNS(C51:N51),"O51,C51,N51",
YearlyReport,A52,Car Replacement Fund,,"YearlyReport!C52,YearlyReport!D52,YearlyReport!E52,YearlyReport!F52,YearlyReport!G52,YearlyReport!H52,YearlyReport!I52,YearlyReport!J52,YearlyReport!K52,YearlyReport!L52,YearlyReport!M52,YearlyReport!N52"
YearlyReport,B52,,,
YearlyReport,C52,"=-SUMIFS(Transactions!$J:$J,Transactions!$G:$G,YearlyReport!$A52,Transactions!$B:$B,"">=""&C$11,Transactions!$B:$B,""<=""&C$12)+SUMIFS(Transactions!$I:$I,Transactions!$G:$G,YearlyReport!$A52,Transactions!$B:$B,"">=""&C$11,Transactions!$B:$B,""<=""&C$12)",A52,"YearlyReport!O52,YearlyReport!P52"
YearlyReport,D52,"=-SUMIFS(Transactions!$J:$J,Transactions!$G:$G,YearlyReport!$A52,Transactions!$B:$B,"">=""&D$11,Transactions!$B:$B,""<=""&D$12)+SUMIFS(Transactions!$I:$I,Transactions!$G:$G,YearlyReport!$A52,Transactions!$B:$B,"">=""&D$11,Transactions!$B:$B,""<=""&D$12)",A52,
YearlyReport,E52,"=-SUMIFS(Transactions!$J:$J,Transactions!$G:$G,YearlyReport!$A52,Transactions!$B:$B,"">=""&E$11,Transactions!$B:$B,""<=""&E$12)+SUMIFS(Transactions!$I:$I,Transactions!$G:$G,YearlyReport!$A52,Transactions!$B:$B,"">=""&E$11,Transactions!$B:$B,""<=""&E$12)",A52,
YearlyReport,F52,"=-SUMIFS(Transactions!$J:$J,Transactions!$G:$G,YearlyReport!$A52,Transactions!$B:$B,"">=""&F$11,Transactions!$B:$B,""<=""&F$12)+SUMIFS(Transactions!$I:$I,Transactions!$G:$G,YearlyReport!$A52,Transactions!$B:$B,"">=""&F$11,Transactions!$B:$B,""<=""&F$12)",A52,
YearlyReport,G52,"=-SUMIFS(Transactions!$J:$J,Transactions!$G:$G,YearlyReport!$A52,Transactions!$B:$B,"">=""&G$11,Transactions!$B:$B,""<=""&G$12)+SUMIFS(Transactions!$I:$I,Transactions!$G:$G,YearlyReport!$A52,Transactions!$B:$B,"">=""&G$11,Transactions!$B:$B,""<=""&G$12)",A52,
YearlyReport,H52,"=-SUMIFS(Transactions!$J:$J,Transactions!$G:$G,YearlyReport!$A52,Transactions!$B:$B,"">=""&H$11,Transactions!$B:$B,""<=""&H$12)+SUMIFS(Transactions!$I:$I,Transactions!$G:$G,YearlyReport!$A52,Transactions!$B:$B,"">=""&H$11,Transactions!$B:$B,""<=""&H$12)",A52,
YearlyReport,I52,"=-SUMIFS(Transactions!$J:$J,Transactions!$G:$G,YearlyReport!$A52,Transactions!$B:$B,"">=""&I$11,Transactions!$B:$B,""<=""&I$12)+SUMIFS(Transactions!$I:$I,Transactions!$G:$G,YearlyReport!$A52,Transactions!$B:$B,"">=""&I$11,Transactions!$B:$B,""<=""&I$12)",A52,
YearlyReport,J52,"=-SUMIFS(Transactions!$J:$J,Transactions!$G:$G,YearlyReport!$A52,Transactions!$B:$B,"">=""&J$11,Transactions!$B:$B,""<=""&J$12)+SUMIFS(Transactions!$I:$I,Transactions!$G:$G,YearlyReport!$A52,Transactions!$B:$B,"">=""&J$11,Transactions!$B:$B,""<=""&J$12)",A52,
YearlyReport,K52,"=-SUMIFS(Transactions!$J:$J,Transactions!$G:$G,YearlyReport!$A52,Transactions!$B:$B,"">=""&K$11,Transactions!$B:$B,""<=""&K$12)+SUMIFS(Transactions!$I:$I,Transactions!$G:$G,YearlyReport!$A52,Transactions!$B:$B,"">=""&K$11,Transactions!$B:$B,""<=""&K$12)",A52,
YearlyReport,L52,"=-SUMIFS(Transactions!$J:$J,Transactions!$G:$G,YearlyReport!$A52,Transactions!$B:$B,"">=""&L$11,Transactions!$B:$B,""<=""&L$12)+SUMIFS(Transactions!$I:$I,Transactions!$G:$G,YearlyReport!$A52,Transactions!$B:$B,"">=""&L$11,Transactions!$B:$B,""<=""&L$12)",A52,
YearlyReport,M52,"=-SUMIFS(Transactions!$J:$J,Transactions!$G:$G,YearlyReport!$A52,Transactions!$B:$B,"">=""&M$11,Transactions!$B:$B,""<=""&M$12)+SUMIFS(Transactions!$I:$I,Transactions!$G:$G,YearlyReport!$A52,Transactions!$B:$B,"">=""&M$11,Transactions!$B:$B,""<=""&M$12)",A52,
YearlyReport,N52,"=-SUMIFS(Transactions!$J:$J,Transactions!$G:$G,YearlyReport!$A52,Transactions!$B:$B,"">=""&N$11,Transactions!$B:$B,""<=""&N$12)+SUMIFS(Transactions!$I:$I,Transactions!$G:$G,YearlyReport!$A52,Transactions!$B:$B,"">=""&N$11,Transactions!$B:$B,""<=""&N$12)",A52,"YearlyReport!O52,YearlyReport!P52"
YearlyReport,O52,=SUM(C52:N52),"C52,N52",YearlyReport!P52
YearlyReport,P52,=O52/COLUMNS(C52:N52),"O52,C52,N52",
YearlyReport,A53,Charity,,"YearlyReport!C53,YearlyReport!D53,YearlyReport!E53,YearlyReport!F53,YearlyReport!G53,YearlyReport!H53,YearlyReport!I53,YearlyReport!J53,YearlyReport!K53,YearlyReport!L53,YearlyReport!M53,YearlyReport!N53"
YearlyReport,B53,,,
YearlyReport,C53,"=-SUMIFS(Transactions!$J:$J,Transactions!$G:$G,YearlyReport!$A53,Transactions!$B:$B,"">=""&C$11,Transactions!$B:$B,""<=""&C$12)+SUMIFS(Transactions!$I:$I,Transactions!$G:$G,YearlyReport!$A53,Transactions!$B:$B,"">=""&C$11,Transactions!$B:$B,""<=""&C$12)",A53,"YearlyReport!O53,YearlyReport!P53"
YearlyReport,D53,"=-SUMIFS(Transactions!$J:$J,Transactions!$G:$G,YearlyReport!$A53,Transactions!$B:$B,"">=""&D$11,Transactions!$B:$B,""<=""&D$12)+SUMIFS(Transactions!$I:$I,Transactions!$G:$G,YearlyReport!$A53,Transactions!$B:$B,"">=""&D$11,Transactions!$B:$B,""<=""&D$12)",A53,
YearlyReport,E53,"=-SUMIFS(Transactions!$J:$J,Transactions!$G:$G,YearlyReport!$A53,Transactions!$B:$B,"">=""&E$11,Transactions!$B:$B,""<=""&E$12)+SUMIFS(Transactions!$I:$I,Transactions!$G:$G,YearlyReport!$A53,Transactions!$B:$B,"">=""&E$11,Transactions!$B:$B,""<=""&E$12)",A53,
YearlyReport,F53,"=-SUMIFS(Transactions!$J:$J,Transactions!$G:$G,YearlyReport!$A53,Transactions!$B:$B,"">=""&F$11,Transactions!$B:$B,""<=""&F$12)+SUMIFS(Transactions!$I:$I,Transactions!$G:$G,YearlyReport!$A53,Transactions!$B:$B,"">=""&F$11,Transactions!$B:$B,""<=""&F$12)",A53,
YearlyReport,G53,"=-SUMIFS(Transactions!$J:$J,Transactions!$G:$G,YearlyReport!$A53,Transactions!$B:$B,"">=""&G$11,Transactions!$B:$B,""<=""&G$12)+SUMIFS(Transactions!$I:$I,Transactions!$G:$G,YearlyReport!$A53,Transactions!$B:$B,"">=""&G$11,Transactions!$B:$B,""<=""&G$12)",A53,
YearlyReport,H53,"=-SUMIFS(Transactions!$J:$J,Transactions!$G:$G,YearlyReport!$A53,Transactions!$B:$B,"">=""&H$11,Transactions!$B:$B,""<=""&H$12)+SUMIFS(Transactions!$I:$I,Transactions!$G:$G,YearlyReport!$A53,Transactions!$B:$B,"">=""&H$11,Transactions!$B:$B,""<=""&H$12)",A53,
YearlyReport,I53,"=-SUMIFS(Transactions!$J:$J,Transactions!$G:$G,YearlyReport!$A53,Transactions!$B:$B,"">=""&I$11,Transactions!$B:$B,""<=""&I$12)+SUMIFS(Transactions!$I:$I,Transactions!$G:$G,YearlyReport!$A53,Transactions!$B:$B,"">=""&I$11,Transactions!$B:$B,""<=""&I$12)",A53,
YearlyReport,J53,"=-SUMIFS(Transactions!$J:$J,Transactions!$G:$G,YearlyReport!$A53,Transactions!$B:$B,"">=""&J$11,Transactions!$B:$B,""<=""&J$12)+SUMIFS(Transactions!$I:$I,Transactions!$G:$G,YearlyReport!$A53,Transactions!$B:$B,"">=""&J$11,Transactions!$B:$B,""<=""&J$12)",A53,
YearlyReport,K53,"=-SUMIFS(Transactions!$J:$J,Transactions!$G:$G,YearlyReport!$A53,Transactions!$B:$B,"">=""&K$11,Transactions!$B:$B,""<=""&K$12)+SUMIFS(Transactions!$I:$I,Transactions!$G:$G,YearlyReport!$A53,Transactions!$B:$B,"">=""&K$11,Transactions!$B:$B,""<=""&K$12)",A53,
YearlyReport,L53,"=-SUMIFS(Transactions!$J:$J,Transactions!$G:$G,YearlyReport!$A53,Transactions!$B:$B,"">=""&L$11,Transactions!$B:$B,""<=""&L$12)+SUMIFS(Transactions!$I:$I,Transactions!$G:$G,YearlyReport!$A53,Transactions!$B:$B,"">=""&L$11,Transactions!$B:$B,""<=""&L$12)",A53,
YearlyReport,M53,"=-SUMIFS(Transactions!$J:$J,Transactions!$G:$G,YearlyReport!$A53,Transactions!$B:$B,"">=""&M$11,Transactions!$B:$B,""<=""&M$12)+SUMIFS(Transactions!$I:$I,Transactions!$G:$G,YearlyReport!$A53,Transactions!$B:$B,"">=""&M$11,Transactions!$B:$B,""<=""&M$12)",A53,
YearlyReport,N53,"=-SUMIFS(Transactions!$J:$J,Transactions!$G:$G,YearlyReport!$A53,Transactions!$B:$B,"">=""&N$11,Transactions!$B:$B,""<=""&N$12)+SUMIFS(Transactions!$I:$I,Transactions!$G:$G,YearlyReport!$A53,Transactions!$B:$B,"">=""&N$11,Transactions!$B:$B,""<=""&N$12)",A53,"YearlyReport!O53,YearlyReport!P53"
YearlyReport,O53,=SUM(C53:N53),"C53,N53",YearlyReport!P53
YearlyReport,P53,=O53/COLUMNS(C53:N53),"O53,C53,N53",
YearlyReport,A54,Child Care,,"YearlyReport!C54,YearlyReport!D54,YearlyReport!E54,YearlyReport!F54,YearlyReport!G54,YearlyReport!H54,YearlyReport!I54,YearlyReport!J54,YearlyReport!K54,YearlyReport!L54,YearlyReport!M54,YearlyReport!N54"
YearlyReport,B54,,,
YearlyReport,C54,"=-SUMIFS(Transactions!$J:$J,Transactions!$G:$G,YearlyReport!$A54,Transactions!$B:$B,"">=""&C$11,Transactions!$B:$B,""<=""&C$12)+SUMIFS(Transactions!$I:$I,Transactions!$G:$G,YearlyReport!$A54,Transactions!$B:$B,"">=""&C$11,Transactions!$B:$B,""<=""&C$12)",A54,"YearlyReport!O54,YearlyReport!P54"
YearlyReport,D54,"=-SUMIFS(Transactions!$J:$J,Transactions!$G:$G,YearlyReport!$A54,Transactions!$B:$B,"">=""&D$11,Transactions!$B:$B,""<=""&D$12)+SUMIFS(Transactions!$I:$I,Transactions!$G:$G,YearlyReport!$A54,Transactions!$B:$B,"">=""&D$11,Transactions!$B:$B,""<=""&D$12)",A54,
YearlyReport,E54,"=-SUMIFS(Transactions!$J:$J,Transactions!$G:$G,YearlyReport!$A54,Transactions!$B:$B,"">=""&E$11,Transactions!$B:$B,""<=""&E$12)+SUMIFS(Transactions!$I:$I,Transactions!$G:$G,YearlyReport!$A54,Transactions!$B:$B,"">=""&E$11,Transactions!$B:$B,""<=""&E$12)",A54,
YearlyReport,F54,"=-SUMIFS(Transactions!$J:$J,Transactions!$G:$G,YearlyReport!$A54,Transactions!$B:$B,"">=""&F$11,Transactions!$B:$B,""<=""&F$12)+SUMIFS(Transactions!$I:$I,Transactions!$G:$G,YearlyReport!$A54,Transactions!$B:$B,"">=""&F$11,Transactions!$B:$B,""<=""&F$12)",A54,
YearlyReport,G54,"=-SUMIFS(Transactions!$J:$J,Transactions!$G:$G,YearlyReport!$A54,Transactions!$B:$B,"">=""&G$11,Transactions!$B:$B,""<=""&G$12)+SUMIFS(Transactions!$I:$I,Transactions!$G:$G,YearlyReport!$A54,Transactions!$B:$B,"">=""&G$11,Transactions!$B:$B,""<=""&G$12)",A54,
YearlyReport,H54,"=-SUMIFS(Transactions!$J:$J,Transactions!$G:$G,YearlyReport!$A54,Transactions!$B:$B,"">=""&H$11,Transactions!$B:$B,""<=""&H$12)+SUMIFS(Transactions!$I:$I,Transactions!$G:$G,YearlyReport!$A54,Transactions!$B:$B,"">=""&H$11,Transactions!$B:$B,""<=""&H$12)",A54,
YearlyReport,I54,"=-SUMIFS(Transactions!$J:$J,Transactions!$G:$G,YearlyReport!$A54,Transactions!$B:$B,"">=""&I$11,Transactions!$B:$B,""<=""&I$12)+SUMIFS(Transactions!$I:$I,Transactions!$G:$G,YearlyReport!$A54,Transactions!$B:$B,"">=""&I$11,Transactions!$B:$B,""<=""&I$12)",A54,
YearlyReport,J54,"=-SUMIFS(Transactions!$J:$J,Transactions!$G:$G,YearlyReport!$A54,Transactions!$B:$B,"">=""&J$11,Transactions!$B:$B,""<=""&J$12)+SUMIFS(Transactions!$I:$I,Transactions!$G:$G,YearlyReport!$A54,Transactions!$B:$B,"">=""&J$11,Transactions!$B:$B,""<=""&J$12)",A54,
YearlyReport,K54,"=-SUMIFS(Transactions!$J:$J,Transactions!$G:$G,YearlyReport!$A54,Transactions!$B:$B,"">=""&K$11,Transactions!$B:$B,""<=""&K$12)+SUMIFS(Transactions!$I:$I,Transactions!$G:$G,YearlyReport!$A54,Transactions!$B:$B,"">=""&K$11,Transactions!$B:$B,""<=""&K$12)",A54,
YearlyReport,L54,"=-SUMIFS(Transactions!$J:$J,Transactions!$G:$G,YearlyReport!$A54,Transactions!$B:$B,"">=""&L$11,Transactions!$B:$B,""<=""&L$12)+SUMIFS(Transactions!$I:$I,Transactions!$G:$G,YearlyReport!$A54,Transactions!$B:$B,"">=""&L$11,Transactions!$B:$B,""<=""&L$12)",A54,
YearlyReport,M54,"=-SUMIFS(Transactions!$J:$J,Transactions!$G:$G,YearlyReport!$A54,Transactions!$B:$B,"">=""&M$11,Transactions!$B:$B,""<=""&M$12)+SUMIFS(Transactions!$I:$I,Transactions!$G:$G,YearlyReport!$A54,Transactions!$B:$B,"">=""&M$11,Transactions!$B:$B,""<=""&M$12)",A54,
YearlyReport,N54,"=-SUMIFS(Transactions!$J:$J,Transactions!$G:$G,YearlyReport!$A54,Transactions!$B:$B,"">=""&N$11,Transactions!$B:$B,""<=""&N$12)+SUMIFS(Transactions!$I:$I,Transactions!$G:$G,YearlyReport!$A54,Transactions!$B:$B,"">=""&N$11,Transactions!$B:$B,""<=""&N$12)",A54,"YearlyReport!O54,YearlyReport!P54"
YearlyReport,O54,=SUM(C54:N54),"C54,N54",YearlyReport!P54
YearlyReport,P54,=O54/COLUMNS(C54:N54),"O54,C54,N54",
YearlyReport,A55,Cleaning,,"YearlyReport!C55,YearlyReport!D55,YearlyReport!E55,YearlyReport!F55,YearlyReport!G55,YearlyReport!H55,YearlyReport!I55,YearlyReport!J55,YearlyReport!K55,YearlyReport!L55,YearlyReport!M55,YearlyReport!N55"
YearlyReport,B55,,,
YearlyReport,C55,"=-SUMIFS(Transactions!$J:$J,Transactions!$G:$G,YearlyReport!$A55,Transactions!$B:$B,"">=""&C$11,Transactions!$B:$B,""<=""&C$12)+SUMIFS(Transactions!$I:$I,Transactions!$G:$G,YearlyReport!$A55,Transactions!$B:$B,"">=""&C$11,Transactions!$B:$B,""<=""&C$12)",A55,"YearlyReport!O55,YearlyReport!P55"
YearlyReport,D55,"=-SUMIFS(Transactions!$J:$J,Transactions!$G:$G,YearlyReport!$A55,Transactions!$B:$B,"">=""&D$11,Transactions!$B:$B,""<=""&D$12)+SUMIFS(Transactions!$I:$I,Transactions!$G:$G,YearlyReport!$A55,Transactions!$B:$B,"">=""&D$11,Transactions!$B:$B,""<=""&D$12)",A55,
YearlyReport,E55,"=-SUMIFS(Transactions!$J:$J,Transactions!$G:$G,YearlyReport!$A55,Transactions!$B:$B,"">=""&E$11,Transactions!$B:$B,""<=""&E$12)+SUMIFS(Transactions!$I:$I,Transactions!$G:$G,YearlyReport!$A55,Transactions!$B:$B,"">=""&E$11,Transactions!$B:$B,""<=""&E$12)",A55,
YearlyReport,F55,"=-SUMIFS(Transactions!$J:$J,Transactions!$G:$G,YearlyReport!$A55,Transactions!$B:$B,"">=""&F$11,Transactions!$B:$B,""<=""&F$12)+SUMIFS(Transactions!$I:$I,Transactions!$G:$G,YearlyReport!$A55,Transactions!$B:$B,"">=""&F$11,Transactions!$B:$B,""<=""&F$12)",A55,
YearlyReport,G55,"=-SUMIFS(Transactions!$J:$J,Transactions!$G:$G,YearlyReport!$A55,Transactions!$B:$B,"">=""&G$11,Transactions!$B:$B,""<=""&G$12)+SUMIFS(Transactions!$I:$I,Transactions!$G:$G,YearlyReport!$A55,Transactions!$B:$B,"">=""&G$11,Transactions!$B:$B,""<=""&G$12)",A55,
YearlyReport,H55,"=-SUMIFS(Transactions!$J:$J,Transactions!$G:$G,YearlyReport!$A55,Transactions!$B:$B,"">=""&H$11,Transactions!$B:$B,""<=""&H$12)+SUMIFS(Transactions!$I:$I,Transactions!$G:$G,YearlyReport!$A55,Transactions!$B:$B,"">=""&H$11,Transactions!$B:$B,""<=""&H$12)",A55,
YearlyReport,I55,"=-SUMIFS(Transactions!$J:$J,Transactions!$G:$G,YearlyReport!$A55,Transactions!$B:$B,"">=""&I$11,Transactions!$B:$B,""<=""&I$12)+SUMIFS(Transactions!$I:$I,Transactions!$G:$G,YearlyReport!$A55,Transactions!$B:$B,"">=""&I$11,Transactions!$B:$B,""<=""&I$12)",A55,
YearlyReport,J55,"=-SUMIFS(Transactions!$J:$J,Transactions!$G:$G,YearlyReport!$A55,Transactions!$B:$B,"">=""&J$11,Transactions!$B:$B,""<=""&J$12)+SUMIFS(Transactions!$I:$I,Transactions!$G:$G,YearlyReport!$A55,Transactions!$B:$B,"">=""&J$11,Transactions!$B:$B,""<=""&J$12)",A55,
YearlyReport,K55,"=-SUMIFS(Transactions!$J:$J,Transactions!$G:$G,YearlyReport!$A55,Transactions!$B:$B,"">=""&K$11,Transactions!$B:$B,""<=""&K$12)+SUMIFS(Transactions!$I:$I,Transactions!$G:$G,YearlyReport!$A55,Transactions!$B:$B,"">=""&K$11,Transactions!$B:$B,""<=""&K$12)",A55,
YearlyReport,L55,"=-SUMIFS(Transactions!$J:$J,Transactions!$G:$G,YearlyReport!$A55,Transactions!$B:$B,"">=""&L$11,Transactions!$B:$B,""<=""&L$12)+SUMIFS(Transactions!$I:$I,Transactions!$G:$G,YearlyReport!$A55,Transactions!$B:$B,"">=""&L$11,Transactions!$B:$B,""<=""&L$12)",A55,
YearlyReport,M55,"=-SUMIFS(Transactions!$J:$J,Transactions!$G:$G,YearlyReport!$A55,Transactions!$B:$B,"">=""&M$11,Transactions!$B:$B,""<=""&M$12)+SUMIFS(Transactions!$I:$I,Transactions!$G:$G,YearlyReport!$A55,Transactions!$B:$B,"">=""&M$11,Transactions!$B:$B,""<=""&M$12)",A55,
YearlyReport,N55,"=-SUMIFS(Transactions!$J:$J,Transactions!$G:$G,YearlyReport!$A55,Transactions!$B:$B,"">=""&N$11,Transactions!$B:$B,""<=""&N$12)+SUMIFS(Transactions!$I:$I,Transactions!$G:$G,YearlyReport!$A55,Transactions!$B:$B,"">=""&N$11,Transactions!$B:$B,""<=""&N$12)",A55,"YearlyReport!O55,YearlyReport!P55"
YearlyReport,O55,=SUM(C55:N55),"C55,N55",YearlyReport!P55
YearlyReport,P55,=O55/COLUMNS(C55:N55),"O55,C55,N55",
YearlyReport,A56,Clothing,,"YearlyReport!C56,YearlyReport!D56,YearlyReport!E56,YearlyReport!F56,YearlyReport!G56,YearlyReport!H56,YearlyReport!I56,YearlyReport!J56,YearlyReport!K56,YearlyReport!L56,YearlyReport!M56,YearlyReport!N56"
YearlyReport,B56,,,
YearlyReport,C56,"=-SUMIFS(Transactions!$J:$J,Transactions!$G:$G,YearlyReport!$A56,Transactions!$B:$B,"">=""&C$11,Transactions!$B:$B,""<=""&C$12)+SUMIFS(Transactions!$I:$I,Transactions!$G:$G,YearlyReport!$A56,Transactions!$B:$B,"">=""&C$11,Transactions!$B:$B,""<=""&C$12)",A56,"YearlyReport!O56,YearlyReport!P56"
YearlyReport,D56,"=-SUMIFS(Transactions!$J:$J,Transactions!$G:$G,YearlyReport!$A56,Transactions!$B:$B,"">=""&D$11,Transactions!$B:$B,""<=""&D$12)+SUMIFS(Transactions!$I:$I,Transactions!$G:$G,YearlyReport!$A56,Transactions!$B:$B,"">=""&D$11,Transactions!$B:$B,""<=""&D$12)",A56,
YearlyReport,E56,"=-SUMIFS(Transactions!$J:$J,Transactions!$G:$G,YearlyReport!$A56,Transactions!$B:$B,"">=""&E$11,Transactions!$B:$B,""<=""&E$12)+SUMIFS(Transactions!$I:$I,Transactions!$G:$G,YearlyReport!$A56,Transactions!$B:$B,"">=""&E$11,Transactions!$B:$B,""<=""&E$12)",A56,
YearlyReport,F56,"=-SUMIFS(Transactions!$J:$J,Transactions!$G:$G,YearlyReport!$A56,Transactions!$B:$B,"">=""&F$11,Transactions!$B:$B,""<=""&F$12)+SUMIFS(Transactions!$I:$I,Transactions!$G:$G,YearlyReport!$A56,Transactions!$B:$B,"">=""&F$11,Transactions!$B:$B,""<=""&F$12)",A56,
YearlyReport,G56,"=-SUMIFS(Transactions!$J:$J,Transactions!$G:$G,YearlyReport!$A56,Transactions!$B:$B,"">=""&G$11,Transactions!$B:$B,""<=""&G$12)+SUMIFS(Transactions!$I:$I,Transactions!$G:$G,YearlyReport!$A56,Transactions!$B:$B,"">=""&G$11,Transactions!$B:$B,""<=""&G$12)",A56,
YearlyReport,H56,"=-SUMIFS(Transactions!$J:$J,Transactions!$G:$G,YearlyReport!$A56,Transactions!$B:$B,"">=""&H$11,Transactions!$B:$B,""<=""&H$12)+SUMIFS(Transactions!$I:$I,Transactions!$G:$G,YearlyReport!$A56,Transactions!$B:$B,"">=""&H$11,Transactions!$B:$B,""<=""&H$12)",A56,
YearlyReport,I56,"=-SUMIFS(Transactions!$J:$J,Transactions!$G:$G,YearlyReport!$A56,Transactions!$B:$B,"">=""&I$11,Transactions!$B:$B,""<=""&I$12)+SUMIFS(Transactions!$I:$I,Transactions!$G:$G,YearlyReport!$A56,Transactions!$B:$B,"">=""&I$11,Transactions!$B:$B,""<=""&I$12)",A56,
YearlyReport,J56,"=-SUMIFS(Transactions!$J:$J,Transactions!$G:$G,YearlyReport!$A56,Transactions!$B:$B,"">=""&J$11,Transactions!$B:$B,""<=""&J$12)+SUMIFS(Transactions!$I:$I,Transactions!$G:$G,YearlyReport!$A56,Transactions!$B:$B,"">=""&J$11,Transactions!$B:$B,""<=""&J$12)",A56,
YearlyReport,K56,"=-SUMIFS(Transactions!$J:$J,Transactions!$G:$G,YearlyReport!$A56,Transactions!$B:$B,"">=""&K$11,Transactions!$B:$B,""<=""&K$12)+SUMIFS(Transactions!$I:$I,Transactions!$G:$G,YearlyReport!$A56,Transactions!$B:$B,"">=""&K$11,Transactions!$B:$B,""<=""&K$12)",A56,
YearlyReport,L56,"=-SUMIFS(Transactions!$J:$J,Transactions!$G:$G,YearlyReport!$A56,Transactions!$B:$B,"">=""&L$11,Transactions!$B:$B,""<=""&L$12)+SUMIFS(Transactions!$I:$I,Transactions!$G:$G,YearlyReport!$A56,Transactions!$B:$B,"">=""&L$11,Transactions!$B:$B,""<=""&L$12)",A56,
YearlyReport,M56,"=-SUMIFS(Transactions!$J:$J,Transactions!$G:$G,YearlyReport!$A56,Transactions!$B:$B,"">=""&M$11,Transactions!$B:$B,""<=""&M$12)+SUMIFS(Transactions!$I:$I,Transactions!$G:$G,YearlyReport!$A56,Transactions!$B:$B,"">=""&M$11,Transactions!$B:$B,""<=""&M$12)",A56,
YearlyReport,N56,"=-SUMIFS(Transactions!$J:$J,Transactions!$G:$G,YearlyReport!$A56,Transactions!$B:$B,"">=""&N$11,Transactions!$B:$B,""<=""&N$12)+SUMIFS(Transactions!$I:$I,Transactions!$G:$G,YearlyReport!$A56,Transactions!$B:$B,"">=""&N$11,Transactions!$B:$B,""<=""&N$12)",A56,"YearlyReport!O56,YearlyReport!P56"
YearlyReport,O56,=SUM(C56:N56),"C56,N56",YearlyReport!P56
YearlyReport,P56,=O56/COLUMNS(C56:N56),"O56,C56,N56",
YearlyReport,A57,Debt,,"YearlyReport!C57,YearlyReport!D57,YearlyReport!E57,YearlyReport!F57,YearlyReport!G57,YearlyReport!H57,YearlyReport!I57,YearlyReport!J57,YearlyReport!K57,YearlyReport!L57,YearlyReport!M57,YearlyReport!N57"
YearlyReport,B57,,,
YearlyReport,C57,"=-SUMIFS(Transactions!$J:$J,Transactions!$G:$G,YearlyReport!$A57,Transactions!$B:$B,"">=""&C$11,Transactions!$B:$B,""<=""&C$12)+SUMIFS(Transactions!$I:$I,Transactions!$G:$G,YearlyReport!$A57,Transactions!$B:$B,"">=""&C$11,Transactions!$B:$B,""<=""&C$12)",A57,"YearlyReport!O57,YearlyReport!P57"
YearlyReport,D57,"=-SUMIFS(Transactions!$J:$J,Transactions!$G:$G,YearlyReport!$A57,Transactions!$B:$B,"">=""&D$11,Transactions!$B:$B,""<=""&D$12)+SUMIFS(Transactions!$I:$I,Transactions!$G:$G,YearlyReport!$A57,Transactions!$B:$B,"">=""&D$11,Transactions!$B:$B,""<=""&D$12)",A57,
YearlyReport,E57,"=-SUMIFS(Transactions!$J:$J,Transactions!$G:$G,YearlyReport!$A57,Transactions!$B:$B,"">=""&E$11,Transactions!$B:$B,""<=""&E$12)+SUMIFS(Transactions!$I:$I,Transactions!$G:$G,YearlyReport!$A57,Transactions!$B:$B,"">=""&E$11,Transactions!$B:$B,""<=""&E$12)",A57,
YearlyReport,F57,"=-SUMIFS(Transactions!$J:$J,Transactions!$G:$G,YearlyReport!$A57,Transactions!$B:$B,"">=""&F$11,Transactions!$B:$B,""<=""&F$12)+SUMIFS(Transactions!$I:$I,Transactions!$G:$G,YearlyReport!$A57,Transactions!$B:$B,"">=""&F$11,Transactions!$B:$B,""<=""&F$12)",A57,
YearlyReport,G57,"=-SUMIFS(Transactions!$J:$J,Transactions!$G:$G,YearlyReport!$A57,Transactions!$B:$B,"">=""&G$11,Transactions!$B:$B,""<=""&G$12)+SUMIFS(Transactions!$I:$I,Transactions!$G:$G,YearlyReport!$A57,Transactions!$B:$B,"">=""&G$11,Transactions!$B:$B,""<=""&G$12)",A57,
YearlyReport,H57,"=-SUMIFS(Transactions!$J:$J,Transactions!$G:$G,YearlyReport!$A57,Transactions!$B:$B,"">=""&H$11,Transactions!$B:$B,""<=""&H$12)+SUMIFS(Transactions!$I:$I,Transactions!$G:$G,YearlyReport!$A57,Transactions!$B:$B,"">=""&H$11,Transactions!$B:$B,""<=""&H$12)",A57,
YearlyReport,I57,"=-SUMIFS(Transactions!$J:$J,Transactions!$G:$G,YearlyReport!$A57,Transactions!$B:$B,"">=""&I$11,Transactions!$B:$B,""<=""&I$12)+SUMIFS(Transactions!$I:$I,Transactions!$G:$G,YearlyReport!$A57,Transactions!$B:$B,"">=""&I$11,Transactions!$B:$B,""<=""&I$12)",A57,
YearlyReport,J57,"=-SUMIFS(Transactions!$J:$J,Transactions!$G:$G,YearlyReport!$A57,Transactions!$B:$B,"">=""&J$11,Transactions!$B:$B,""<=""&J$12)+SUMIFS(Transactions!$I:$I,Transactions!$G:$G,YearlyReport!$A57,Transactions!$B:$B,"">=""&J$11,Transactions!$B:$B,""<=""&J$12)",A57,
YearlyReport,K57,"=-SUMIFS(Transactions!$J:$J,Transactions!$G:$G,YearlyReport!$A57,Transactions!$B:$B,"">=""&K$11,Transactions!$B:$B,""<=""&K$12)+SUMIFS(Transactions!$I:$I,Transactions!$G:$G,YearlyReport!$A57,Transactions!$B:$B,"">=""&K$11,Transactions!$B:$B,""<=""&K$12)",A57,
YearlyReport,L57,"=-SUMIFS(Transactions!$J:$J,Transactions!$G:$G,YearlyReport!$A57,Transactions!$B:$B,"">=""&L$11,Transactions!$B:$B,""<=""&L$12)+SUMIFS(Transactions!$I:$I,Transactions!$G:$G,YearlyReport!$A57,Transactions!$B:$B,"">=""&L$11,Transactions!$B:$B,""<=""&L$12)",A57,
YearlyReport,M57,"=-SUMIFS(Transactions!$J:$J,Transactions!$G:$G,YearlyReport!$A57,Transactions!$B:$B,"">=""&M$11,Transactions!$B:$B,""<=""&M$12)+SUMIFS(Transactions!$I:$I,Transactions!$G:$G,YearlyReport!$A57,Transactions!$B:$B,"">=""&M$11,Transactions!$B:$B,""<=""&M$12)",A57,
YearlyReport,N57,"=-SUMIFS(Transactions!$J:$J,Transactions!$G:$G,YearlyReport!$A57,Transactions!$B:$B,"">=""&N$11,Transactions!$B:$B,""<=""&N$12)+SUMIFS(Transactions!$I:$I,Transactions!$G:$G,YearlyReport!$A57,Transactions!$B:$B,"">=""&N$11,Transactions!$B:$B,""<=""&N$12)",A57,"YearlyReport!O57,YearlyReport!P57"
YearlyReport,O57,=SUM(C57:N57),"C57,N57",YearlyReport!P57
YearlyReport,P57,=O57/COLUMNS(C57:N57),"O57,C57,N57",
YearlyReport,A58,Dining,,"YearlyReport!C58,YearlyReport!D58,YearlyReport!E58,YearlyReport!F58,YearlyReport!G58,YearlyReport!H58,YearlyReport!I58,YearlyReport!J58,YearlyReport!K58,YearlyReport!L58,YearlyReport!M58,YearlyReport!N58"
YearlyReport,B58,,,
YearlyReport,C58,"=-SUMIFS(Transactions!$J:$J,Transactions!$G:$G,YearlyReport!$A58,Transactions!$B:$B,"">=""&C$11,Transactions!$B:$B,""<=""&C$12)+SUMIFS(Transactions!$I:$I,Transactions!$G:$G,YearlyReport!$A58,Transactions!$B:$B,"">=""&C$11,Transactions!$B:$B,""<=""&C$12)",A58,"YearlyReport!O58,YearlyReport!P58"
YearlyReport,D58,"=-SUMIFS(Transactions!$J:$J,Transactions!$G:$G,YearlyReport!$A58,Transactions!$B:$B,"">=""&D$11,Transactions!$B:$B,""<=""&D$12)+SUMIFS(Transactions!$I:$I,Transactions!$G:$G,YearlyReport!$A58,Transactions!$B:$B,"">=""&D$11,Transactions!$B:$B,""<=""&D$12)",A58,
YearlyReport,E58,"=-SUMIFS(Transactions!$J:$J,Transactions!$G:$G,YearlyReport!$A58,Transactions!$B:$B,"">=""&E$11,Transactions!$B:$B,""<=""&E$12)+SUMIFS(Transactions!$I:$I,Transactions!$G:$G,YearlyReport!$A58,Transactions!$B:$B,"">=""&E$11,Transactions!$B:$B,""<=""&E$12)",A58,
YearlyReport,F58,"=-SUMIFS(Transactions!$J:$J,Transactions!$G:$G,YearlyReport!$A58,Transactions!$B:$B,"">=""&F$11,Transactions!$B:$B,""<=""&F$12)+SUMIFS(Transactions!$I:$I,Transactions!$G:$G,YearlyReport!$A58,Transactions!$B:$B,"">=""&F$11,Transactions!$B:$B,""<=""&F$12)",A58,
YearlyReport,G58,"=-SUMIFS(Transactions!$J:$J,Transactions!$G:$G,YearlyReport!$A58,Transactions!$B:$B,"">=""&G$11,Transactions!$B:$B,""<=""&G$12)+SUMIFS(Transactions!$I:$I,Transactions!$G:$G,YearlyReport!$A58,Transactions!$B:$B,"">=""&G$11,Transactions!$B:$B,""<=""&G$12)",A58,
YearlyReport,H58,"=-SUMIFS(Transactions!$J:$J,Transactions!$G:$G,YearlyReport!$A58,Transactions!$B:$B,"">=""&H$11,Transactions!$B:$B,""<=""&H$12)+SUMIFS(Transactions!$I:$I,Transactions!$G:$G,YearlyReport!$A58,Transactions!$B:$B,"">=""&H$11,Transactions!$B:$B,""<=""&H$12)",A58,
YearlyReport,I58,"=-SUMIFS(Transactions!$J:$J,Transactions!$G:$G,YearlyReport!$A58,Transactions!$B:$B,"">=""&I$11,Transactions!$B:$B,""<=""&I$12)+SUMIFS(Transactions!$I:$I,Transactions!$G:$G,YearlyReport!$A58,Transactions!$B:$B,"">=""&I$11,Transactions!$B:$B,""<=""&I$12)",A58,
YearlyReport,J58,"=-SUMIFS(Transactions!$J:$J,Transactions!$G:$G,YearlyReport!$A58,Transactions!$B:$B,"">=""&J$11,Transactions!$B:$B,""<=""&J$12)+SUMIFS(Transactions!$I:$I,Transactions!$G:$G,YearlyReport!$A58,Transactions!$B:$B,"">=""&J$11,Transactions!$B:$B,""<=""&J$12)",A58,
YearlyReport,K58,"=-SUMIFS(Transactions!$J:$J,Transactions!$G:$G,YearlyReport!$A58,Transactions!$B:$B,"">=""&K$11,Transactions!$B:$B,""<=""&K$12)+SUMIFS(Transactions!$I:$I,Transactions!$G:$G,YearlyReport!$A58,Transactions!$B:$B,"">=""&K$11,Transactions!$B:$B,""<=""&K$12)",A58,
YearlyReport,L58,"=-SUMIFS(Transactions!$J:$J,Transactions!$G:$G,YearlyReport!$A58,Transactions!$B:$B,"">=""&L$11,Transactions!$B:$B,""<=""&L$12)+SUMIFS(Transactions!$I:$I,Transactions!$G:$G,YearlyReport!$A58,Transactions!$B:$B,"">=""&L$11,Transactions!$B:$B,""<=""&L$12)",A58,
YearlyReport,M58,"=-SUMIFS(Transactions!$J:$J,Transactions!$G:$G,YearlyReport!$A58,Transactions!$B:$B,"">=""&M$11,Transactions!$B:$B,""<=""&M$12)+SUMIFS(Transactions!$I:$I,Transactions!$G:$G,YearlyReport!$A58,Transactions!$B:$B,"">=""&M$11,Transactions!$B:$B,""<=""&M$12)",A58,
YearlyReport,N58,"=-SUMIFS(Transactions!$J:$J,Transactions!$G:$G,YearlyReport!$A58,Transactions!$B:$B,"">=""&N$11,Transactions!$B:$B,""<=""&N$12)+SUMIFS(Transactions!$I:$I,Transactions!$G:$G,YearlyReport!$A58,Transactions!$B:$B,"">=""&N$11,Transactions!$B:$B,""<=""&N$12)",A58,"YearlyReport!O58,YearlyReport!P58"
YearlyReport,O58,=SUM(C58:N58),"C58,N58",YearlyReport!P58
YearlyReport,P58,=O58/COLUMNS(C58:N58),"O58,C58,N58",
YearlyReport,A59,Discretionary,,"YearlyReport!C59,YearlyReport!D59,YearlyReport!E59,YearlyReport!F59,YearlyReport!G59,YearlyReport!H59,YearlyReport!I59,YearlyReport!J59,YearlyReport!K59,YearlyReport!L59,YearlyReport!M59,YearlyReport!N59"
YearlyReport,B59,,,
YearlyReport,C59,"=-SUMIFS(Transactions!$J:$J,Transactions!$G:$G,YearlyReport!$A59,Transactions!$B:$B,"">=""&C$11,Transactions!$B:$B,""<=""&C$12)+SUMIFS(Transactions!$I:$I,Transactions!$G:$G,YearlyReport!$A59,Transactions!$B:$B,"">=""&C$11,Transactions!$B:$B,""<=""&C$12)",A59,"YearlyReport!O59,YearlyReport!P59"
YearlyReport,D59,"=-SUMIFS(Transactions!$J:$J,Transactions!$G:$G,YearlyReport!$A59,Transactions!$B:$B,"">=""&D$11,Transactions!$B:$B,""<=""&D$12)+SUMIFS(Transactions!$I:$I,Transactions!$G:$G,YearlyReport!$A59,Transactions!$B:$B,"">=""&D$11,Transactions!$B:$B,""<=""&D$12)",A59,
YearlyReport,E59,"=-SUMIFS(Transactions!$J:$J,Transactions!$G:$G,YearlyReport!$A59,Transactions!$B:$B,"">=""&E$11,Transactions!$B:$B,""<=""&E$12)+SUMIFS(Transactions!$I:$I,Transactions!$G:$G,YearlyReport!$A59,Transactions!$B:$B,"">=""&E$11,Transactions!$B:$B,""<=""&E$12)",A59,
YearlyReport,F59,"=-SUMIFS(Transactions!$J:$J,Transactions!$G:$G,YearlyReport!$A59,Transactions!$B:$B,"">=""&F$11,Transactions!$B:$B,""<=""&F$12)+SUMIFS(Transactions!$I:$I,Transactions!$G:$G,YearlyReport!$A59,Transactions!$B:$B,"">=""&F$11,Transactions!$B:$B,""<=""&F$12)",A59,
YearlyReport,G59,"=-SUMIFS(Transactions!$J:$J,Transactions!$G:$G,YearlyReport!$A59,Transactions!$B:$B,"">=""&G$11,Transactions!$B:$B,""<=""&G$12)+SUMIFS(Transactions!$I:$I,Transactions!$G:$G,YearlyReport!$A59,Transactions!$B:$B,"">=""&G$11,Transactions!$B:$B,""<=""&G$12)",A59,
YearlyReport,H59,"=-SUMIFS(Transactions!$J:$J,Transactions!$G:$G,YearlyReport!$A59,Transactions!$B:$B,"">=""&H$11,Transactions!$B:$B,""<=""&H$12)+SUMIFS(Transactions!$I:$I,Transactions!$G:$G,YearlyReport!$A59,Transactions!$B:$B,"">=""&H$11,Transactions!$B:$B,""<=""&H$12)",A59,
YearlyReport,I59,"=-SUMIFS(Transactions!$J:$J,Transactions!$G:$G,YearlyReport!$A59,Transactions!$B:$B,"">=""&I$11,Transactions!$B:$B,""<=""&I$12)+SUMIFS(Transactions!$I:$I,Transactions!$G:$G,YearlyReport!$A59,Transactions!$B:$B,"">=""&I$11,Transactions!$B:$B,""<=""&I$12)",A59,
YearlyReport,J59,"=-SUMIFS(Transactions!$J:$J,Transactions!$G:$G,YearlyReport!$A59,Transactions!$B:$B,"">=""&J$11,Transactions!$B:$B,""<=""&J$12)+SUMIFS(Transactions!$I:$I,Transactions!$G:$G,YearlyReport!$A59,Transactions!$B:$B,"">=""&J$11,Transactions!$B:$B,""<=""&J$12)",A59,
YearlyReport,K59,"=-SUMIFS(Transactions!$J:$J,Transactions!$G:$G,YearlyReport!$A59,Transactions!$B:$B,"">=""&K$11,Transactions!$B:$B,""<=""&K$12)+SUMIFS(Transactions!$I:$I,Transactions!$G:$G,YearlyReport!$A59,Transactions!$B:$B,"">=""&K$11,Transactions!$B:$B,""<=""&K$12)",A59,
YearlyReport,L59,"=-SUMIFS(Transactions!$J:$J,Transactions!$G:$G,YearlyReport!$A59,Transactions!$B:$B,"">=""&L$11,Transactions!$B:$B,""<=""&L$12)+SUMIFS(Transactions!$I:$I,Transactions!$G:$G,YearlyReport!$A59,Transactions!$B:$B,"">=""&L$11,Transactions!$B:$B,""<=""&L$12)",A59,
YearlyReport,M59,"=-SUMIFS(Transactions!$J:$J,Transactions!$G:$G,YearlyReport!$A59,Transactions!$B:$B,"">=""&M$11,Transactions!$B:$B,""<=""&M$12)+SUMIFS(Transactions!$I:$I,Transactions!$G:$G,YearlyReport!$A59,Transactions!$B:$B,"">=""&M$11,Transactions!$B:$B,""<=""&M$12)",A59,
YearlyReport,N59,"=-SUMIFS(Transactions!$J:$J,Transactions!$G:$G,YearlyReport!$A59,Transactions!$B:$B,"">=""&N$11,Transactions!$B:$B,""<=""&N$12)+SUMIFS(Transactions!$I:$I,Transactions!$G:$G,YearlyReport!$A59,Transactions!$B:$B,"">=""&N$11,Transactions!$B:$B,""<=""&N$12)",A59,"YearlyReport!O59,YearlyReport!P59"
YearlyReport,O59,=SUM(C59:N59),"C59,N59",YearlyReport!P59
YearlyReport,P59,=O59/COLUMNS(C59:N59),"O59,C59,N59",
YearlyReport,A60,Doctor / Dentist,,"YearlyReport!C60,YearlyReport!D60,YearlyReport!E60,YearlyReport!F60,YearlyReport!G60,YearlyReport!H60,YearlyReport!I60,YearlyReport!J60,YearlyReport!K60,YearlyReport!L60,YearlyReport!M60,YearlyReport!N60"
YearlyReport,B60,,,
YearlyReport,C60,"=-SUMIFS(Transactions!$J:$J,Transactions!$G:$G,YearlyReport!$A60,Transactions!$B:$B,"">=""&C$11,Transactions!$B:$B,""<=""&C$12)+SUMIFS(Transactions!$I:$I,Transactions!$G:$G,YearlyReport!$A60,Transactions!$B:$B,"">=""&C$11,Transactions!$B:$B,""<=""&C$12)",A60,"YearlyReport!O60,YearlyReport!P60"
YearlyReport,D60,"=-SUMIFS(Transactions!$J:$J,Transactions!$G:$G,YearlyReport!$A60,Transactions!$B:$B,"">=""&D$11,Transactions!$B:$B,""<=""&D$12)+SUMIFS(Transactions!$I:$I,Transactions!$G:$G,YearlyReport!$A60,Transactions!$B:$B,"">=""&D$11,Transactions!$B:$B,""<=""&D$12)",A60,
YearlyReport,E60,"=-SUMIFS(Transactions!$J:$J,Transactions!$G:$G,YearlyReport!$A60,Transactions!$B:$B,"">=""&E$11,Transactions!$B:$B,""<=""&E$12)+SUMIFS(Transactions!$I:$I,Transactions!$G:$G,YearlyReport!$A60,Transactions!$B:$B,"">=""&E$11,Transactions!$B:$B,""<=""&E$12)",A60,
YearlyReport,F60,"=-SUMIFS(Transactions!$J:$J,Transactions!$G:$G,YearlyReport!$A60,Transactions!$B:$B,"">=""&F$11,Transactions!$B:$B,""<=""&F$12)+SUMIFS(Transactions!$I:$I,Transactions!$G:$G,YearlyReport!$A60,Transactions!$B:$B,"">=""&F$11,Transactions!$B:$B,""<=""&F$12)",A60,
YearlyReport,G60,"=-SUMIFS(Transactions!$J:$J,Transactions!$G:$G,YearlyReport!$A60,Transactions!$B:$B,"">=""&G$11,Transactions!$B:$B,""<=""&G$12)+SUMIFS(Transactions!$I:$I,Transactions!$G:$G,YearlyReport!$A60,Transactions!$B:$B,"">=""&G$11,Transactions!$B:$B,""<=""&G$12)",A60,
YearlyReport,H60,"=-SUMIFS(Transactions!$J:$J,Transactions!$G:$G,YearlyReport!$A60,Transactions!$B:$B,"">=""&H$11,Transactions!$B:$B,""<=""&H$12)+SUMIFS(Transactions!$I:$I,Transactions!$G:$G,YearlyReport!$A60,Transactions!$B:$B,"">=""&H$11,Transactions!$B:$B,""<=""&H$12)",A60,
YearlyReport,I60,"=-SUMIFS(Transactions!$J:$J,Transactions!$G:$G,YearlyReport!$A60,Transactions!$B:$B,"">=""&I$11,Transactions!$B:$B,""<=""&I$12)+SUMIFS(Transactions!$I:$I,Transactions!$G:$G,YearlyReport!$A60,Transactions!$B:$B,"">=""&I$11,Transactions!$B:$B,""<=""&I$12)",A60,
YearlyReport,J60,"=-SUMIFS(Transactions!$J:$J,Transactions!$G:$G,YearlyReport!$A60,Transactions!$B:$B,"">=""&J$11,Transactions!$B:$B,""<=""&J$12)+SUMIFS(Transactions!$I:$I,Transactions!$G:$G,YearlyReport!$A60,Transactions!$B:$B,"">=""&J$11,Transactions!$B:$B,""<=""&J$12)",A60,
YearlyReport,K60,"=-SUMIFS(Transactions!$J:$J,Transactions!$G:$G,YearlyReport!$A60,Transactions!$B:$B,"">=""&K$11,Transactions!$B:$B,""<=""&K$12)+SUMIFS(Transactions!$I:$I,Transactions!$G:$G,YearlyReport!$A60,Transactions!$B:$B,"">=""&K$11,Transactions!$B:$B,""<=""&K$12)",A60,
YearlyReport,L60,"=-SUMIFS(Transactions!$J:$J,Transactions!$G:$G,YearlyReport!$A60,Transactions!$B:$B,"">=""&L$11,Transactions!$B:$B,""<=""&L$12)+SUMIFS(Transactions!$I:$I,Transactions!$G:$G,YearlyReport!$A60,Transactions!$B:$B,"">=""&L$11,Transactions!$B:$B,""<=""&L$12)",A60,
YearlyReport,M60,"=-SUMIFS(Transactions!$J:$J,Transactions!$G:$G,YearlyReport!$A60,Transactions!$B:$B,"">=""&M$11,Transactions!$B:$B,""<=""&M$12)+SUMIFS(Transactions!$I:$I,Transactions!$G:$G,YearlyReport!$A60,Transactions!$B:$B,"">=""&M$11,Transactions!$B:$B,""<=""&M$12)",A60,
YearlyReport,N60,"=-SUMIFS(Transactions!$J:$J,Transactions!$G:$G,YearlyReport!$A60,Transactions!$B:$B,"">=""&N$11,Transactions!$B:$B,""<=""&N$12)+SUMIFS(Transactions!$I:$I,Transactions!$G:$G,YearlyReport!$A60,Transactions!$B:$B,"">=""&N$11,Transactions!$B:$B,""<=""&N$12)",A60,"YearlyReport!O60,YearlyReport!P60"
YearlyReport,O60,=SUM(C60:N60),"C60,N60",YearlyReport!P60
YearlyReport,P60,=O60/COLUMNS(C60:N60),"O60,C60,N60",
YearlyReport,A61,Education,,"YearlyReport!C61,YearlyReport!D61,YearlyReport!E61,YearlyReport!F61,YearlyReport!G61,YearlyReport!H61,YearlyReport!I61,YearlyReport!J61,YearlyReport!K61,YearlyReport!L61,YearlyReport!M61,YearlyReport!N61"
YearlyReport,B61,,,
YearlyReport,C61,"=-SUMIFS(Transactions!$J:$J,Transactions!$G:$G,YearlyReport!$A61,Transactions!$B:$B,"">=""&C$11,Transactions!$B:$B,""<=""&C$12)+SUMIFS(Transactions!$I:$I,Transactions!$G:$G,YearlyReport!$A61,Transactions!$B:$B,"">=""&C$11,Transactions!$B:$B,""<=""&C$12)",A61,"YearlyReport!O61,YearlyReport!P61"
YearlyReport,D61,"=-SUMIFS(Transactions!$J:$J,Transactions!$G:$G,YearlyReport!$A61,Transactions!$B:$B,"">=""&D$11,Transactions!$B:$B,""<=""&D$12)+SUMIFS(Transactions!$I:$I,Transactions!$G:$G,YearlyReport!$A61,Transactions!$B:$B,"">=""&D$11,Transactions!$B:$B,""<=""&D$12)",A61,
YearlyReport,E61,"=-SUMIFS(Transactions!$J:$J,Transactions!$G:$G,YearlyReport!$A61,Transactions!$B:$B,"">=""&E$11,Transactions!$B:$B,""<=""&E$12)+SUMIFS(Transactions!$I:$I,Transactions!$G:$G,YearlyReport!$A61,Transactions!$B:$B,"">=""&E$11,Transactions!$B:$B,""<=""&E$12)",A61,
YearlyReport,F61,"=-SUMIFS(Transactions!$J:$J,Transactions!$G:$G,YearlyReport!$A61,Transactions!$B:$B,"">=""&F$11,Transactions!$B:$B,""<=""&F$12)+SUMIFS(Transactions!$I:$I,Transactions!$G:$G,YearlyReport!$A61,Transactions!$B:$B,"">=""&F$11,Transactions!$B:$B,""<=""&F$12)",A61,
YearlyReport,G61,"=-SUMIFS(Transactions!$J:$J,Transactions!$G:$G,YearlyReport!$A61,Transactions!$B:$B,"">=""&G$11,Transactions!$B:$B,""<=""&G$12)+SUMIFS(Transactions!$I:$I,Transactions!$G:$G,YearlyReport!$A61,Transactions!$B:$B,"">=""&G$11,Transactions!$B:$B,""<=""&G$12)",A61,
YearlyReport,H61,"=-SUMIFS(Transactions!$J:$J,Transactions!$G:$G,YearlyReport!$A61,Transactions!$B:$B,"">=""&H$11,Transactions!$B:$B,""<=""&H$12)+SUMIFS(Transactions!$I:$I,Transactions!$G:$G,YearlyReport!$A61,Transactions!$B:$B,"">=""&H$11,Transactions!$B:$B,""<=""&H$12)",A61,
YearlyReport,I61,"=-SUMIFS(Transactions!$J:$J,Transactions!$G:$G,YearlyReport!$A61,Transactions!$B:$B,"">=""&I$11,Transactions!$B:$B,""<=""&I$12)+SUMIFS(Transactions!$I:$I,Transactions!$G:$G,YearlyReport!$A61,Transactions!$B:$B,"">=""&I$11,Transactions!$B:$B,""<=""&I$12)",A61,
YearlyReport,J61,"=-SUMIFS(Transactions!$J:$J,Transactions!$G:$G,YearlyReport!$A61,Transactions!$B:$B,"">=""&J$11,Transactions!$B:$B,""<=""&J$12)+SUMIFS(Transactions!$I:$I,Transactions!$G:$G,YearlyReport!$A61,Transactions!$B:$B,"">=""&J$11,Transactions!$B:$B,""<=""&J$12)",A61,
YearlyReport,K61,"=-SUMIFS(Transactions!$J:$J,Transactions!$G:$G,YearlyReport!$A61,Transactions!$B:$B,"">=""&K$11,Transactions!$B:$B,""<=""&K$12)+SUMIFS(Transactions!$I:$I,Transactions!$G:$G,YearlyReport!$A61,Transactions!$B:$B,"">=""&K$11,Transactions!$B:$B,""<=""&K$12)",A61,
YearlyReport,L61,"=-SUMIFS(Transactions!$J:$J,Transactions!$G:$G,YearlyReport!$A61,Transactions!$B:$B,"">=""&L$11,Transactions!$B:$B,""<=""&L$12)+SUMIFS(Transactions!$I:$I,Transactions!$G:$G,YearlyReport!$A61,Transactions!$B:$B,"">=""&L$11,Transactions!$B:$B,""<=""&L$12)",A61,
YearlyReport,M61,"=-SUMIFS(Transactions!$J:$J,Transactions!$G:$G,YearlyReport!$A61,Transactions!$B:$B,"">=""&M$11,Transactions!$B:$B,""<=""&M$12)+SUMIFS(Transactions!$I:$I,Transactions!$G:$G,YearlyReport!$A61,Transactions!$B:$B,"">=""&M$11,Transactions!$B:$B,""<=""&M$12)",A61,
YearlyReport,N61,"=-SUMIFS(Transactions!$J:$J,Transactions!$G:$G,YearlyReport!$A61,Transactions!$B:$B,"">=""&N$11,Transactions!$B:$B,""<=""&N$12)+SUMIFS(Transactions!$I:$I,Transactions!$G:$G,YearlyReport!$A61,Transactions!$B:$B,"">=""&N$11,Transactions!$B:$B,""<=""&N$12)",A61,"YearlyReport!O61,YearlyReport!P61"
YearlyReport,O61,=SUM(C61:N61),"C61,N61",YearlyReport!P61
YearlyReport,P61,=O61/COLUMNS(C61:N61),"O61,C61,N61",
YearlyReport,A62,Emergency Fund,,"YearlyReport!C62,YearlyReport!D62,YearlyReport!E62,YearlyReport!F62,YearlyReport!G62,YearlyReport!H62,YearlyReport!I62,YearlyReport!J62,YearlyReport!K62,YearlyReport!L62,YearlyReport!M62,YearlyReport!N62"
YearlyReport,B62,,,
YearlyReport,C62,"=-SUMIFS(Transactions!$J:$J,Transactions!$G:$G,YearlyReport!$A62,Transactions!$B:$B,"">=""&C$11,Transactions!$B:$B,""<=""&C$12)+SUMIFS(Transactions!$I:$I,Transactions!$G:$G,YearlyReport!$A62,Transactions!$B:$B,"">=""&C$11,Transactions!$B:$B,""<=""&C$12)",A62,"YearlyReport!O62,YearlyReport!P62"
YearlyReport,D62,"=-SUMIFS(Transactions!$J:$J,Transactions!$G:$G,YearlyReport!$A62,Transactions!$B:$B,"">=""&D$11,Transactions!$B:$B,""<=""&D$12)+SUMIFS(Transactions!$I:$I,Transactions!$G:$G,YearlyReport!$A62,Transactions!$B:$B,"">=""&D$11,Transactions!$B:$B,""<=""&D$12)",A62,
YearlyReport,E62,"=-SUMIFS(Transactions!$J:$J,Transactions!$G:$G,YearlyReport!$A62,Transactions!$B:$B,"">=""&E$11,Transactions!$B:$B,""<=""&E$12)+SUMIFS(Transactions!$I:$I,Transactions!$G:$G,YearlyReport!$A62,Transactions!$B:$B,"">=""&E$11,Transactions!$B:$B,""<=""&E$12)",A62,
YearlyReport,F62,"=-SUMIFS(Transactions!$J:$J,Transactions!$G:$G,YearlyReport!$A62,Transactions!$B:$B,"">=""&F$11,Transactions!$B:$B,""<=""&F$12)+SUMIFS(Transactions!$I:$I,Transactions!$G:$G,YearlyReport!$A62,Transactions!$B:$B,"">=""&F$11,Transactions!$B:$B,""<=""&F$12)",A62,
YearlyReport,G62,"=-SUMIFS(Transactions!$J:$J,Transactions!$G:$G,YearlyReport!$A62,Transactions!$B:$B,"">=""&G$11,Transactions!$B:$B,""<=""&G$12)+SUMIFS(Transactions!$I:$I,Transactions!$G:$G,YearlyReport!$A62,Transactions!$B:$B,"">=""&G$11,Transactions!$B:$B,""<=""&G$12)",A62,
YearlyReport,H62,"=-SUMIFS(Transactions!$J:$J,Transactions!$G:$G,YearlyReport!$A62,Transactions!$B:$B,"">=""&H$11,Transactions!$B:$B,""<=""&H$12)+SUMIFS(Transactions!$I:$I,Transactions!$G:$G,YearlyReport!$A62,Transactions!$B:$B,"">=""&H$11,Transactions!$B:$B,""<=""&H$12)",A62,
YearlyReport,I62,"=-SUMIFS(Transactions!$J:$J,Transactions!$G:$G,YearlyReport!$A62,Transactions!$B:$B,"">=""&I$11,Transactions!$B:$B,""<=""&I$12)+SUMIFS(Transactions!$I:$I,Transactions!$G:$G,YearlyReport!$A62,Transactions!$B:$B,"">=""&I$11,Transactions!$B:$B,""<=""&I$12)",A62,
YearlyReport,J62,"=-SUMIFS(Transactions!$J:$J,Transactions!$G:$G,YearlyReport!$A62,Transactions!$B:$B,"">=""&J$11,Transactions!$B:$B,""<=""&J$12)+SUMIFS(Transactions!$I:$I,Transactions!$G:$G,YearlyReport!$A62,Transactions!$B:$B,"">=""&J$11,Transactions!$B:$B,""<=""&J$12)",A62,
YearlyReport,K62,"=-SUMIFS(Transactions!$J:$J,Transactions!$G:$G,YearlyReport!$A62,Transactions!$B:$B,"">=""&K$11,Transactions!$B:$B,""<=""&K$12)+SUMIFS(Transactions!$I:$I,Transactions!$G:$G,YearlyReport!$A62,Transactions!$B:$B,"">=""&K$11,Transactions!$B:$B,""<=""&K$12)",A62,
YearlyReport,L62,"=-SUMIFS(Transactions!$J:$J,Transactions!$G:$G,YearlyReport!$A62,Transactions!$B:$B,"">=""&L$11,Transactions!$B:$B,""<=""&L$12)+SUMIFS(Transactions!$I:$I,Transactions!$G:$G,YearlyReport!$A62,Transactions!$B:$B,"">=""&L$11,Transactions!$B:$B,""<=""&L$12)",A62,
YearlyReport,M62,"=-SUMIFS(Transactions!$J:$J,Transactions!$G:$G,YearlyReport!$A62,Transactions!$B:$B,"">=""&M$11,Transactions!$B:$B,""<=""&M$12)+SUMIFS(Transactions!$I:$I,Transactions!$G:$G,YearlyReport!$A62,Transactions!$B:$B,"">=""&M$11,Transactions!$B:$B,""<=""&M$12)",A62,
YearlyReport,N62,"=-SUMIFS(Transactions!$J:$J,Transactions!$G:$G,YearlyReport!$A62,Transactions!$B:$B,"">=""&N$11,Transactions!$B:$B,""<=""&N$12)+SUMIFS(Transactions!$I:$I,Transactions!$G:$G,YearlyReport!$A62,Transactions!$B:$B,"">=""&N$11,Transactions!$B:$B,""<=""&N$12)",A62,"YearlyReport!O62,YearlyReport!P62"
YearlyReport,O62,=SUM(C62:N62),"C62,N62",YearlyReport!P62
YearlyReport,P62,=O62/COLUMNS(C62:N62),"O62,C62,N62",
YearlyReport,A63,Fuel,,"YearlyReport!C63,YearlyReport!D63,YearlyReport!E63,YearlyReport!F63,YearlyReport!G63,YearlyReport!H63,YearlyReport!I63,YearlyReport!J63,YearlyReport!K63,YearlyReport!L63,YearlyReport!M63,YearlyReport!N63"
YearlyReport,B63,,,
YearlyReport,C63,"=-SUMIFS(Transactions!$J:$J,Transactions!$G:$G,YearlyReport!$A63,Transactions!$B:$B,"">=""&C$11,Transactions!$B:$B,""<=""&C$12)+SUMIFS(Transactions!$I:$I,Transactions!$G:$G,YearlyReport!$A63,Transactions!$B:$B,"">=""&C$11,Transactions!$B:$B,""<=""&C$12)",A63,"YearlyReport!O63,YearlyReport!P63"
YearlyReport,D63,"=-SUMIFS(Transactions!$J:$J,Transactions!$G:$G,YearlyReport!$A63,Transactions!$B:$B,"">=""&D$11,Transactions!$B:$B,""<=""&D$12)+SUMIFS(Transactions!$I:$I,Transactions!$G:$G,YearlyReport!$A63,Transactions!$B:$B,"">=""&D$11,Transactions!$B:$B,""<=""&D$12)",A63,
YearlyReport,E63,"=-SUMIFS(Transactions!$J:$J,Transactions!$G:$G,YearlyReport!$A63,Transactions!$B:$B,"">=""&E$11,Transactions!$B:$B,""<=""&E$12)+SUMIFS(Transactions!$I:$I,Transactions!$G:$G,YearlyReport!$A63,Transactions!$B:$B,"">=""&E$11,Transactions!$B:$B,""<=""&E$12)",A63,
YearlyReport,F63,"=-SUMIFS(Transactions!$J:$J,Transactions!$G:$G,YearlyReport!$A63,Transactions!$B:$B,"">=""&F$11,Transactions!$B:$B,""<=""&F$12)+SUMIFS(Transactions!$I:$I,Transactions!$G:$G,YearlyReport!$A63,Transactions!$B:$B,"">=""&F$11,Transactions!$B:$B,""<=""&F$12)",A63,
YearlyReport,G63,"=-SUMIFS(Transactions!$J:$J,Transactions!$G:$G,YearlyReport!$A63,Transactions!$B:$B,"">=""&G$11,Transactions!$B:$B,""<=""&G$12)+SUMIFS(Transactions!$I:$I,Transactions!$G:$G,YearlyReport!$A63,Transactions!$B:$B,"">=""&G$11,Transactions!$B:$B,""<=""&G$12)",A63,
YearlyReport,H63,"=-SUMIFS(Transactions!$J:$J,Transactions!$G:$G,YearlyReport!$A63,Transactions!$B:$B,"">=""&H$11,Transactions!$B:$B,""<=""&H$12)+SUMIFS(Transactions!$I:$I,Transactions!$G:$G,YearlyReport!$A63,Transactions!$B:$B,"">=""&H$11,Transactions!$B:$B,""<=""&H$12)",A63,
YearlyReport,I63,"=-SUMIFS(Transactions!$J:$J,Transactions!$G:$G,YearlyReport!$A63,Transactions!$B:$B,"">=""&I$11,Transactions!$B:$B,""<=""&I$12)+SUMIFS(Transactions!$I:$I,Transactions!$G:$G,YearlyReport!$A63,Transactions!$B:$B,"">=""&I$11,Transactions!$B:$B,""<=""&I$12)",A63,
YearlyReport,J63,"=-SUMIFS(Transactions!$J:$J,Transactions!$G:$G,YearlyReport!$A63,Transactions!$B:$B,"">=""&J$11,Transactions!$B:$B,""<=""&J$12)+SUMIFS(Transactions!$I:$I,Transactions!$G:$G,YearlyReport!$A63,Transactions!$B:$B,"">=""&J$11,Transactions!$B:$B,""<=""&J$12)",A63,
YearlyReport,K63,"=-SUMIFS(Transactions!$J:$J,Transactions!$G:$G,YearlyReport!$A63,Transactions!$B:$B,"">=""&K$11,Transactions!$B:$B,""<=""&K$12)+SUMIFS(Transactions!$I:$I,Transactions!$G:$G,YearlyReport!$A63,Transactions!$B:$B,"">=""&K$11,Transactions!$B:$B,""<=""&K$12)",A63,
YearlyReport,L63,"=-SUMIFS(Transactions!$J:$J,Transactions!$G:$G,YearlyReport!$A63,Transactions!$B:$B,"">=""&L$11,Transactions!$B:$B,""<=""&L$12)+SUMIFS(Transactions!$I:$I,Transactions!$G:$G,YearlyReport!$A63,Transactions!$B:$B,"">=""&L$11,Transactions!$B:$B,""<=""&L$12)",A63,
YearlyReport,M63,"=-SUMIFS(Transactions!$J:$J,Transactions!$G:$G,YearlyReport!$A63,Transactions!$B:$B,"">=""&M$11,Transactions!$B:$B,""<=""&M$12)+SUMIFS(Transactions!$I:$I,Transactions!$G:$G,YearlyReport!$A63,Transactions!$B:$B,"">=""&M$11,Transactions!$B:$B,""<=""&M$12)",A63,
YearlyReport,N63,"=-SUMIFS(Transactions!$J:$J,Transactions!$G:$G,YearlyReport!$A63,Transactions!$B:$B,"">=""&N$11,Transactions!$B:$B,""<=""&N$12)+SUMIFS(Transactions!$I:$I,Transactions!$G:$G,YearlyReport!$A63,Transactions!$B:$B,"">=""&N$11,Transactions!$B:$B,""<=""&N$12)",A63,"YearlyReport!O63,YearlyReport!P63"
YearlyReport,O63,=SUM(C63:N63),"C63,N63",YearlyReport!P63
YearlyReport,P63,=O63/COLUMNS(C63:N63),"O63,C63,N63",
YearlyReport,A64,Fun / Entertainment,,"YearlyReport!C64,YearlyReport!D64,YearlyReport!E64,YearlyReport!F64,YearlyReport!G64,YearlyReport!H64,YearlyReport!I64,YearlyReport!J64,YearlyReport!K64,YearlyReport!L64,YearlyReport!M64,YearlyReport!N64"
YearlyReport,B64,,,
YearlyReport,C64,"=-SUMIFS(Transactions!$J:$J,Transactions!$G:$G,YearlyReport!$A64,Transactions!$B:$B,"">=""&C$11,Transactions!$B:$B,""<=""&C$12)+SUMIFS(Transactions!$I:$I,Transactions!$G:$G,YearlyReport!$A64,Transactions!$B:$B,"">=""&C$11,Transactions!$B:$B,""<=""&C$12)",A64,"YearlyReport!O64,YearlyReport!P64"
YearlyReport,D64,"=-SUMIFS(Transactions!$J:$J,Transactions!$G:$G,YearlyReport!$A64,Transactions!$B:$B,"">=""&D$11,Transactions!$B:$B,""<=""&D$12)+SUMIFS(Transactions!$I:$I,Transactions!$G:$G,YearlyReport!$A64,Transactions!$B:$B,"">=""&D$11,Transactions!$B:$B,""<=""&D$12)",A64,
YearlyReport,E64,"=-SUMIFS(Transactions!$J:$J,Transactions!$G:$G,YearlyReport!$A64,Transactions!$B:$B,"">=""&E$11,Transactions!$B:$B,""<=""&E$12)+SUMIFS(Transactions!$I:$I,Transactions!$G:$G,YearlyReport!$A64,Transactions!$B:$B,"">=""&E$11,Transactions!$B:$B,""<=""&E$12)",A64,
YearlyReport,F64,"=-SUMIFS(Transactions!$J:$J,Transactions!$G:$G,YearlyReport!$A64,Transactions!$B:$B,"">=""&F$11,Transactions!$B:$B,""<=""&F$12)+SUMIFS(Transactions!$I:$I,Transactions!$G:$G,YearlyReport!$A64,Transactions!$B:$B,"">=""&F$11,Transactions!$B:$B,""<=""&F$12)",A64,
YearlyReport,G64,"=-SUMIFS(Transactions!$J:$J,Transactions!$G:$G,YearlyReport!$A64,Transactions!$B:$B,"">=""&G$11,Transactions!$B:$B,""<=""&G$12)+SUMIFS(Transactions!$I:$I,Transactions!$G:$G,YearlyReport!$A64,Transactions!$B:$B,"">=""&G$11,Transactions!$B:$B,""<=""&G$12)",A64,
YearlyReport,H64,"=-SUMIFS(Transactions!$J:$J,Transactions!$G:$G,YearlyReport!$A64,Transactions!$B:$B,"">=""&H$11,Transactions!$B:$B,""<=""&H$12)+SUMIFS(Transactions!$I:$I,Transactions!$G:$G,YearlyReport!$A64,Transactions!$B:$B,"">=""&H$11,Transactions!$B:$B,""<=""&H$12)",A64,
YearlyReport,I64,"=-SUMIFS(Transactions!$J:$J,Transactions!$G:$G,YearlyReport!$A64,Transactions!$B:$B,"">=""&I$11,Transactions!$B:$B,""<=""&I$12)+SUMIFS(Transactions!$I:$I,Transactions!$G:$G,YearlyReport!$A64,Transactions!$B:$B,"">=""&I$11,Transactions!$B:$B,""<=""&I$12)",A64,
YearlyReport,J64,"=-SUMIFS(Transactions!$J:$J,Transactions!$G:$G,YearlyReport!$A64,Transactions!$B:$B,"">=""&J$11,Transactions!$B:$B,""<=""&J$12)+SUMIFS(Transactions!$I:$I,Transactions!$G:$G,YearlyReport!$A64,Transactions!$B:$B,"">=""&J$11,Transactions!$B:$B,""<=""&J$12)",A64,
YearlyReport,K64,"=-SUMIFS(Transactions!$J:$J,Transactions!$G:$G,YearlyReport!$A64,Transactions!$B:$B,"">=""&K$11,Transactions!$B:$B,""<=""&K$12)+SUMIFS(Transactions!$I:$I,Transactions!$G:$G,YearlyReport!$A64,Transactions!$B:$B,"">=""&K$11,Transactions!$B:$B,""<=""&K$12)",A64,
YearlyReport,L64,"=-SUMIFS(Transactions!$J:$J,Transactions!$G:$G,YearlyReport!$A64,Transactions!$B:$B,"">=""&L$11,Transactions!$B:$B,""<=""&L$12)+SUMIFS(Transactions!$I:$I,Transactions!$G:$G,YearlyReport!$A64,Transactions!$B:$B,"">=""&L$11,Transactions!$B:$B,""<=""&L$12)",A64,
YearlyReport,M64,"=-SUMIFS(Transactions!$J:$J,Transactions!$G:$G,YearlyReport!$A64,Transactions!$B:$B,"">=""&M$11,Transactions!$B:$B,""<=""&M$12)+SUMIFS(Transactions!$I:$I,Transactions!$G:$G,YearlyReport!$A64,Transactions!$B:$B,"">=""&M$11,Transactions!$B:$B,""<=""&M$12)",A64,
YearlyReport,N64,"=-SUMIFS(Transactions!$J:$J,Transactions!$G:$G,YearlyReport!$A64,Transactions!$B:$B,"">=""&N$11,Transactions!$B:$B,""<=""&N$12)+SUMIFS(Transactions!$I:$I,Transactions!$G:$G,YearlyReport!$A64,Transactions!$B:$B,"">=""&N$11,Transactions!$B:$B,""<=""&N$12)",A64,"YearlyReport!O64,YearlyReport!P64"
YearlyReport,O64,=SUM(C64:N64),"C64,N64",YearlyReport!P64
YearlyReport,P64,=O64/COLUMNS(C64:N64),"O64,C64,N64",
YearlyReport,A65,Furniture / Appliances,,"YearlyReport!C65,YearlyReport!D65,YearlyReport!E65,YearlyReport!F65,YearlyReport!G65,YearlyReport!H65,YearlyReport!I65,YearlyReport!J65,YearlyReport!K65,YearlyReport!L65,YearlyReport!M65,YearlyReport!N65"
YearlyReport,B65,,,
YearlyReport,C65,"=-SUMIFS(Transactions!$J:$J,Transactions!$G:$G,YearlyReport!$A65,Transactions!$B:$B,"">=""&C$11,Transactions!$B:$B,""<=""&C$12)+SUMIFS(Transactions!$I:$I,Transactions!$G:$G,YearlyReport!$A65,Transactions!$B:$B,"">=""&C$11,Transactions!$B:$B,""<=""&C$12)",A65,"YearlyReport!O65,YearlyReport!P65"
YearlyReport,D65,"=-SUMIFS(Transactions!$J:$J,Transactions!$G:$G,YearlyReport!$A65,Transactions!$B:$B,"">=""&D$11,Transactions!$B:$B,""<=""&D$12)+SUMIFS(Transactions!$I:$I,Transactions!$G:$G,YearlyReport!$A65,Transactions!$B:$B,"">=""&D$11,Transactions!$B:$B,""<=""&D$12)",A65,
YearlyReport,E65,"=-SUMIFS(Transactions!$J:$J,Transactions!$G:$G,YearlyReport!$A65,Transactions!$B:$B,"">=""&E$11,Transactions!$B:$B,""<=""&E$12)+SUMIFS(Transactions!$I:$I,Transactions!$G:$G,YearlyReport!$A65,Transactions!$B:$B,"">=""&E$11,Transactions!$B:$B,""<=""&E$12)",A65,
YearlyReport,F65,"=-SUMIFS(Transactions!$J:$J,Transactions!$G:$G,YearlyReport!$A65,Transactions!$B:$B,"">=""&F$11,Transactions!$B:$B,""<=""&F$12)+SUMIFS(Transactions!$I:$I,Transactions!$G:$G,YearlyReport!$A65,Transactions!$B:$B,"">=""&F$11,Transactions!$B:$B,""<=""&F$12)",A65,
YearlyReport,G65,"=-SUMIFS(Transactions!$J:$J,Transactions!$G:$G,YearlyReport!$A65,Transactions!$B:$B,"">=""&G$11,Transactions!$B:$B,""<=""&G$12)+SUMIFS(Transactions!$I:$I,Transactions!$G:$G,YearlyReport!$A65,Transactions!$B:$B,"">=""&G$11,Transactions!$B:$B,""<=""&G$12)",A65,
YearlyReport,H65,"=-SUMIFS(Transactions!$J:$J,Transactions!$G:$G,YearlyReport!$A65,Transactions!$B:$B,"">=""&H$11,Transactions!$B:$B,""<=""&H$12)+SUMIFS(Transactions!$I:$I,Transactions!$G:$G,YearlyReport!$A65,Transactions!$B:$B,"">=""&H$11,Transactions!$B:$B,""<=""&H$12)",A65,
YearlyReport,I65,"=-SUMIFS(Transactions!$J:$J,Transactions!$G:$G,YearlyReport!$A65,Transactions!$B:$B,"">=""&I$11,Transactions!$B:$B,""<=""&I$12)+SUMIFS(Transactions!$I:$I,Transactions!$G:$G,YearlyReport!$A65,Transactions!$B:$B,"">=""&I$11,Transactions!$B:$B,""<=""&I$12)",A65,
YearlyReport,J65,"=-SUMIFS(Transactions!$J:$J,Transactions!$G:$G,YearlyReport!$A65,Transactions!$B:$B,"">=""&J$11,Transactions!$B:$B,""<=""&J$12)+SUMIFS(Transactions!$I:$I,Transactions!$G:$G,YearlyReport!$A65,Transactions!$B:$B,"">=""&J$11,Transactions!$B:$B,""<=""&J$12)",A65,
YearlyReport,K65,"=-SUMIFS(Transactions!$J:$J,Transactions!$G:$G,YearlyReport!$A65,Transactions!$B:$B,"">=""&K$11,Transactions!$B:$B,""<=""&K$12)+SUMIFS(Transactions!$I:$I,Transactions!$G:$G,YearlyReport!$A65,Transactions!$B:$B,"">=""&K$11,Transactions!$B:$B,""<=""&K$12)",A65,
YearlyReport,L65,"=-SUMIFS(Transactions!$J:$J,Transactions!$G:$G,YearlyReport!$A65,Transactions!$B:$B,"">=""&L$11,Transactions!$B:$B,""<=""&L$12)+SUMIFS(Transactions!$I:$I,Transactions!$G:$G,YearlyReport!$A65,Transactions!$B:$B,"">=""&L$11,Transactions!$B:$B,""<=""&L$12)",A65,
YearlyReport,M65,"=-SUMIFS(Transactions!$J:$J,Transactions!$G:$G,YearlyReport!$A65,Transactions!$B:$B,"">=""&M$11,Transactions!$B:$B,""<=""&M$12)+SUMIFS(Transactions!$I:$I,Transactions!$G:$G,YearlyReport!$A65,Transactions!$B:$B,"">=""&M$11,Transactions!$B:$B,""<=""&M$12)",A65,
YearlyReport,N65,"=-SUMIFS(Transactions!$J:$J,Transactions!$G:$G,YearlyReport!$A65,Transactions!$B:$B,"">=""&N$11,Transactions!$B:$B,""<=""&N$12)+SUMIFS(Transactions!$I:$I,Transactions!$G:$G,YearlyReport!$A65,Transactions!$B:$B,"">=""&N$11,Transactions!$B:$B,""<=""&N$12)",A65,"YearlyReport!O65,YearlyReport!P65"
YearlyReport,O65,=SUM(C65:N65),"C65,N65",YearlyReport!P65
YearlyReport,P65,=O65/COLUMNS(C65:N65),"O65,C65,N65",
YearlyReport,A66,Gifts Given,,"YearlyReport!C66,YearlyReport!D66,YearlyReport!E66,YearlyReport!F66,YearlyReport!G66,YearlyReport!H66,YearlyReport!I66,YearlyReport!J66,YearlyReport!K66,YearlyReport!L66,YearlyReport!M66,YearlyReport!N66"
YearlyReport,B66,,,
YearlyReport,C66,"=-SUMIFS(Transactions!$J:$J,Transactions!$G:$G,YearlyReport!$A66,Transactions!$B:$B,"">=""&C$11,Transactions!$B:$B,""<=""&C$12)+SUMIFS(Transactions!$I:$I,Transactions!$G:$G,YearlyReport!$A66,Transactions!$B:$B,"">=""&C$11,Transactions!$B:$B,""<=""&C$12)",A66,"YearlyReport!O66,YearlyReport!P66"
YearlyReport,D66,"=-SUMIFS(Transactions!$J:$J,Transactions!$G:$G,YearlyReport!$A66,Transactions!$B:$B,"">=""&D$11,Transactions!$B:$B,""<=""&D$12)+SUMIFS(Transactions!$I:$I,Transactions!$G:$G,YearlyReport!$A66,Transactions!$B:$B,"">=""&D$11,Transactions!$B:$B,""<=""&D$12)",A66,
YearlyReport,E66,"=-SUMIFS(Transactions!$J:$J,Transactions!$G:$G,YearlyReport!$A66,Transactions!$B:$B,"">=""&E$11,Transactions!$B:$B,""<=""&E$12)+SUMIFS(Transactions!$I:$I,Transactions!$G:$G,YearlyReport!$A66,Transactions!$B:$B,"">=""&E$11,Transactions!$B:$B,""<=""&E$12)",A66,
YearlyReport,F66,"=-SUMIFS(Transactions!$J:$J,Transactions!$G:$G,YearlyReport!$A66,Transactions!$B:$B,"">=""&F$11,Transactions!$B:$B,""<=""&F$12)+SUMIFS(Transactions!$I:$I,Transactions!$G:$G,YearlyReport!$A66,Transactions!$B:$B,"">=""&F$11,Transactions!$B:$B,""<=""&F$12)",A66,
YearlyReport,G66,"=-SUMIFS(Transactions!$J:$J,Transactions!$G:$G,YearlyReport!$A66,Transactions!$B:$B,"">=""&G$11,Transactions!$B:$B,""<=""&G$12)+SUMIFS(Transactions!$I:$I,Transactions!$G:$G,YearlyReport!$A66,Transactions!$B:$B,"">=""&G$11,Transactions!$B:$B,""<=""&G$12)",A66,
YearlyReport,H66,"=-SUMIFS(Transactions!$J:$J,Transactions!$G:$G,YearlyReport!$A66,Transactions!$B:$B,"">=""&H$11,Transactions!$B:$B,""<=""&H$12)+SUMIFS(Transactions!$I:$I,Transactions!$G:$G,YearlyReport!$A66,Transactions!$B:$B,"">=""&H$11,Transactions!$B:$B,""<=""&H$12)",A66,
YearlyReport,I66,"=-SUMIFS(Transactions!$J:$J,Transactions!$G:$G,YearlyReport!$A66,Transactions!$B:$B,"">=""&I$11,Transactions!$B:$B,""<=""&I$12)+SUMIFS(Transactions!$I:$I,Transactions!$G:$G,YearlyReport!$A66,Transactions!$B:$B,"">=""&I$11,Transactions!$B:$B,""<=""&I$12)",A66,
YearlyReport,J66,"=-SUMIFS(Transactions!$J:$J,Transactions!$G:$G,YearlyReport!$A66,Transactions!$B:$B,"">=""&J$11,Transactions!$B:$B,""<=""&J$12)+SUMIFS(Transactions!$I:$I,Transactions!$G:$G,YearlyReport!$A66,Transactions!$B:$B,"">=""&J$11,Transactions!$B:$B,""<=""&J$12)",A66,
YearlyReport,K66,"=-SUMIFS(Transactions!$J:$J,Transactions!$G:$G,YearlyReport!$A66,Transactions!$B:$B,"">=""&K$11,Transactions!$B:$B,""<=""&K$12)+SUMIFS(Transactions!$I:$I,Transactions!$G:$G,YearlyReport!$A66,Transactions!$B:$B,"">=""&K$11,Transactions!$B:$B,""<=""&K$12)",A66,
YearlyReport,L66,"=-SUMIFS(Transactions!$J:$J,Transactions!$G:$G,YearlyReport!$A66,Transactions!$B:$B,"">=""&L$11,Transactions!$B:$B,""<=""&L$12)+SUMIFS(Transactions!$I:$I,Transactions!$G:$G,YearlyReport!$A66,Transactions!$B:$B,"">=""&L$11,Transactions!$B:$B,""<=""&L$12)",A66,
YearlyReport,M66,"=-SUMIFS(Transactions!$J:$J,Transactions!$G:$G,YearlyReport!$A66,Transactions!$B:$B,"">=""&M$11,Transactions!$B:$B,""<=""&M$12)+SUMIFS(Transactions!$I:$I,Transactions!$G:$G,YearlyReport!$A66,Transactions!$B:$B,"">=""&M$11,Transactions!$B:$B,""<=""&M$12)",A66,
YearlyReport,N66,"=-SUMIFS(Transactions!$J:$J,Transactions!$G:$G,YearlyReport!$A66,Transactions!$B:$B,"">=""&N$11,Transactions!$B:$B,""<=""&N$12)+SUMIFS(Transactions!$I:$I,Transactions!$G:$G,YearlyReport!$A66,Transactions!$B:$B,"">=""&N$11,Transactions!$B:$B,""<=""&N$12)",A66,"YearlyReport!O66,YearlyReport!P66"
YearlyReport,O66,=SUM(C66:N66),"C66,N66",YearlyReport!P66
YearlyReport,P66,=O66/COLUMNS(C66:N66),"O66,C66,N66",
YearlyReport,A67,Groceries,,"YearlyReport!C67,YearlyReport!D67,YearlyReport!E67,YearlyReport!F67,YearlyReport!G67,YearlyReport!H67,YearlyReport!I67,YearlyReport!J67,YearlyReport!K67,YearlyReport!L67,YearlyReport!M67,YearlyReport!N67"
YearlyReport,B67,,,
YearlyReport,C67,"=-SUMIFS(Transactions!$J:$J,Transactions!$G:$G,YearlyReport!$A67,Transactions!$B:$B,"">=""&C$11,Transactions!$B:$B,""<=""&C$12)+SUMIFS(Transactions!$I:$I,Transactions!$G:$G,YearlyReport!$A67,Transactions!$B:$B,"">=""&C$11,Transactions!$B:$B,""<=""&C$12)",A67,"YearlyReport!O67,YearlyReport!P67"
YearlyReport,D67,"=-SUMIFS(Transactions!$J:$J,Transactions!$G:$G,YearlyReport!$A67,Transactions!$B:$B,"">=""&D$11,Transactions!$B:$B,""<=""&D$12)+SUMIFS(Transactions!$I:$I,Transactions!$G:$G,YearlyReport!$A67,Transactions!$B:$B,"">=""&D$11,Transactions!$B:$B,""<=""&D$12)",A67,
YearlyReport,E67,"=-SUMIFS(Transactions!$J:$J,Transactions!$G:$G,YearlyReport!$A67,Transactions!$B:$B,"">=""&E$11,Transactions!$B:$B,""<=""&E$12)+SUMIFS(Transactions!$I:$I,Transactions!$G:$G,YearlyReport!$A67,Transactions!$B:$B,"">=""&E$11,Transactions!$B:$B,""<=""&E$12)",A67,
YearlyReport,F67,"=-SUMIFS(Transactions!$J:$J,Transactions!$G:$G,YearlyReport!$A67,Transactions!$B:$B,"">=""&F$11,Transactions!$B:$B,""<=""&F$12)+SUMIFS(Transactions!$I:$I,Transactions!$G:$G,YearlyReport!$A67,Transactions!$B:$B,"">=""&F$11,Transactions!$B:$B,""<=""&F$12)",A67,
YearlyReport,G67,"=-SUMIFS(Transactions!$J:$J,Transactions!$G:$G,YearlyReport!$A67,Transactions!$B:$B,"">=""&G$11,Transactions!$B:$B,""<=""&G$12)+SUMIFS(Transactions!$I:$I,Transactions!$G:$G,YearlyReport!$A67,Transactions!$B:$B,"">=""&G$11,Transactions!$B:$B,""<=""&G$12)",A67,
YearlyReport,H67,"=-SUMIFS(Transactions!$J:$J,Transactions!$G:$G,YearlyReport!$A67,Transactions!$B:$B,"">=""&H$11,Transactions!$B:$B,""<=""&H$12)+SUMIFS(Transactions!$I:$I,Transactions!$G:$G,YearlyReport!$A67,Transactions!$B:$B,"">=""&H$11,Transactions!$B:$B,""<=""&H$12)",A67,
YearlyReport,I67,"=-SUMIFS(Transactions!$J:$J,Transactions!$G:$G,YearlyReport!$A67,Transactions!$B:$B,"">=""&I$11,Transactions!$B:$B,""<=""&I$12)+SUMIFS(Transactions!$I:$I,Transactions!$G:$G,YearlyReport!$A67,Transactions!$B:$B,"">=""&I$11,Transactions!$B:$B,""<=""&I$12)",A67,
YearlyReport,J67,"=-SUMIFS(Transactions!$J:$J,Transactions!$G:$G,YearlyReport!$A67,Transactions!$B:$B,"">=""&J$11,Transactions!$B:$B,""<=""&J$12)+SUMIFS(Transactions!$I:$I,Transactions!$G:$G,YearlyReport!$A67,Transactions!$B:$B,"">=""&J$11,Transactions!$B:$B,""<=""&J$12)",A67,
YearlyReport,K67,"=-SUMIFS(Transactions!$J:$J,Transactions!$G:$G,YearlyReport!$A67,Transactions!$B:$B,"">=""&K$11,Transactions!$B:$B,""<=""&K$12)+SUMIFS(Transactions!$I:$I,Transactions!$G:$G,YearlyReport!$A67,Transactions!$B:$B,"">=""&K$11,Transactions!$B:$B,""<=""&K$12)",A67,
YearlyReport,L67,"=-SUMIFS(Transactions!$J:$J,Transactions!$G:$G,YearlyReport!$A67,Transactions!$B:$B,"">=""&L$11,Transactions!$B:$B,""<=""&L$12)+SUMIFS(Transactions!$I:$I,Transactions!$G:$G,YearlyReport!$A67,Transactions!$B:$B,"">=""&L$11,Transactions!$B:$B,""<=""&L$12)",A67,
YearlyReport,M67,"=-SUMIFS(Transactions!$J:$J,Transactions!$G:$G,YearlyReport!$A67,Transactions!$B:$B,"">=""&M$11,Transactions!$B:$B,""<=""&M$12)+SUMIFS(Transactions!$I:$I,Transactions!$G:$G,YearlyReport!$A67,Transactions!$B:$B,"">=""&M$11,Transactions!$B:$B,""<=""&M$12)",A67,
YearlyReport,N67,"=-SUMIFS(Transactions!$J:$J,Transactions!$G:$G,YearlyReport!$A67,Transactions!$B:$B,"">=""&N$11,Transactions!$B:$B,""<=""&N$12)+SUMIFS(Transactions!$I:$I,Transactions!$G:$G,YearlyReport!$A67,Transactions!$B:$B,"">=""&N$11,Transactions!$B:$B,""<=""&N$12)",A67,"YearlyReport!O67,YearlyReport!P67"
YearlyReport,O67,=SUM(C67:N67),"C67,N67",YearlyReport!P67
YearlyReport,P67,=O67/COLUMNS(C67:N67),"O67,C67,N67",
YearlyReport,A68,Health Insurance,,"YearlyReport!C68,YearlyReport!D68,YearlyReport!E68,YearlyReport!F68,YearlyReport!G68,YearlyReport!H68,YearlyReport!I68,YearlyReport!J68,YearlyReport!K68,YearlyReport!L68,YearlyReport!M68,YearlyReport!N68"
YearlyReport,B68,,,
YearlyReport,C68,"=-SUMIFS(Transactions!$J:$J,Transactions!$G:$G,YearlyReport!$A68,Transactions!$B:$B,"">=""&C$11,Transactions!$B:$B,""<=""&C$12)+SUMIFS(Transactions!$I:$I,Transactions!$G:$G,YearlyReport!$A68,Transactions!$B:$B,"">=""&C$11,Transactions!$B:$B,""<=""&C$12)",A68,"YearlyReport!O68,YearlyReport!P68"
YearlyReport,D68,"=-SUMIFS(Transactions!$J:$J,Transactions!$G:$G,YearlyReport!$A68,Transactions!$B:$B,"">=""&D$11,Transactions!$B:$B,""<=""&D$12)+SUMIFS(Transactions!$I:$I,Transactions!$G:$G,YearlyReport!$A68,Transactions!$B:$B,"">=""&D$11,Transactions!$B:$B,""<=""&D$12)",A68,
YearlyReport,E68,"=-SUMIFS(Transactions!$J:$J,Transactions!$G:$G,YearlyReport!$A68,Transactions!$B:$B,"">=""&E$11,Transactions!$B:$B,""<=""&E$12)+SUMIFS(Transactions!$I:$I,Transactions!$G:$G,YearlyReport!$A68,Transactions!$B:$B,"">=""&E$11,Transactions!$B:$B,""<=""&E$12)",A68,
YearlyReport,F68,"=-SUMIFS(Transactions!$J:$J,Transactions!$G:$G,YearlyReport!$A68,Transactions!$B:$B,"">=""&F$11,Transactions!$B:$B,""<=""&F$12)+SUMIFS(Transactions!$I:$I,Transactions!$G:$G,YearlyReport!$A68,Transactions!$B:$B,"">=""&F$11,Transactions!$B:$B,""<=""&F$12)",A68,
YearlyReport,G68,"=-SUMIFS(Transactions!$J:$J,Transactions!$G:$G,YearlyReport!$A68,Transactions!$B:$B,"">=""&G$11,Transactions!$B:$B,""<=""&G$12)+SUMIFS(Transactions!$I:$I,Transactions!$G:$G,YearlyReport!$A68,Transactions!$B:$B,"">=""&G$11,Transactions!$B:$B,""<=""&G$12)",A68,
YearlyReport,H68,"=-SUMIFS(Transactions!$J:$J,Transactions!$G:$G,YearlyReport!$A68,Transactions!$B:$B,"">=""&H$11,Transactions!$B:$B,""<=""&H$12)+SUMIFS(Transactions!$I:$I,Transactions!$G:$G,YearlyReport!$A68,Transactions!$B:$B,"">=""&H$11,Transactions!$B:$B,""<=""&H$12)",A68,
YearlyReport,I68,"=-SUMIFS(Transactions!$J:$J,Transactions!$G:$G,YearlyReport!$A68,Transactions!$B:$B,"">=""&I$11,Transactions!$B:$B,""<=""&I$12)+SUMIFS(Transactions!$I:$I,Transactions!$G:$G,YearlyReport!$A68,Transactions!$B:$B,"">=""&I$11,Transactions!$B:$B,""<=""&I$12)",A68,
YearlyReport,J68,"=-SUMIFS(Transactions!$J:$J,Transactions!$G:$G,YearlyReport!$A68,Transactions!$B:$B,"">=""&J$11,Transactions!$B:$B,""<=""&J$12)+SUMIFS(Transactions!$I:$I,Transactions!$G:$G,YearlyReport!$A68,Transactions!$B:$B,"">=""&J$11,Transactions!$B:$B,""<=""&J$12)",A68,
YearlyReport,K68,"=-SUMIFS(Transactions!$J:$J,Transactions!$G:$G,YearlyReport!$A68,Transactions!$B:$B,"">=""&K$11,Transactions!$B:$B,""<=""&K$12)+SUMIFS(Transactions!$I:$I,Transactions!$G:$G,YearlyReport!$A68,Transactions!$B:$B,"">=""&K$11,Transactions!$B:$B,""<=""&K$12)",A68,
YearlyReport,L68,"=-SUMIFS(Transactions!$J:$J,Transactions!$G:$G,YearlyReport!$A68,Transactions!$B:$B,"">=""&L$11,Transactions!$B:$B,""<=""&L$12)+SUMIFS(Transactions!$I:$I,Transactions!$G:$G,YearlyReport!$A68,Transactions!$B:$B,"">=""&L$11,Transactions!$B:$B,""<=""&L$12)",A68,
YearlyReport,M68,"=-SUMIFS(Transactions!$J:$J,Transactions!$G:$G,YearlyReport!$A68,Transactions!$B:$B,"">=""&M$11,Transactions!$B:$B,""<=""&M$12)+SUMIFS(Transactions!$I:$I,Transactions!$G:$G,YearlyReport!$A68,Transactions!$B:$B,"">=""&M$11,Transactions!$B:$B,""<=""&M$12)",A68,
YearlyReport,N68,"=-SUMIFS(Transactions!$J:$J,Transactions!$G:$G,YearlyReport!$A68,Transactions!$B:$B,"">=""&N$11,Transactions!$B:$B,""<=""&N$12)+SUMIFS(Transactions!$I:$I,Transactions!$G:$G,YearlyReport!$A68,Transactions!$B:$B,"">=""&N$11,Transactions!$B:$B,""<=""&N$12)",A68,"YearlyReport!O68,YearlyReport!P68"
YearlyReport,O68,=SUM(C68:N68),"C68,N68",YearlyReport!P68
YearlyReport,P68,=O68/COLUMNS(C68:N68),"O68,C68,N68",
YearlyReport,A69,Home Insurance,,"YearlyReport!C69,YearlyReport!D69,YearlyReport!E69,YearlyReport!F69,YearlyReport!G69,YearlyReport!H69,YearlyReport!I69,YearlyReport!J69,YearlyReport!K69,YearlyReport!L69,YearlyReport!M69,YearlyReport!N69"
YearlyReport,B69,,,
YearlyReport,C69,"=-SUMIFS(Transactions!$J:$J,Transactions!$G:$G,YearlyReport!$A69,Transactions!$B:$B,"">=""&C$11,Transactions!$B:$B,""<=""&C$12)+SUMIFS(Transactions!$I:$I,Transactions!$G:$G,YearlyReport!$A69,Transactions!$B:$B,"">=""&C$11,Transactions!$B:$B,""<=""&C$12)",A69,"YearlyReport!O69,YearlyReport!P69"
YearlyReport,D69,"=-SUMIFS(Transactions!$J:$J,Transactions!$G:$G,YearlyReport!$A69,Transactions!$B:$B,"">=""&D$11,Transactions!$B:$B,""<=""&D$12)+SUMIFS(Transactions!$I:$I,Transactions!$G:$G,YearlyReport!$A69,Transactions!$B:$B,"">=""&D$11,Transactions!$B:$B,""<=""&D$12)",A69,
YearlyReport,E69,"=-SUMIFS(Transactions!$J:$J,Transactions!$G:$G,YearlyReport!$A69,Transactions!$B:$B,"">=""&E$11,Transactions!$B:$B,""<=""&E$12)+SUMIFS(Transactions!$I:$I,Transactions!$G:$G,YearlyReport!$A69,Transactions!$B:$B,"">=""&E$11,Transactions!$B:$B,""<=""&E$12)",A69,
YearlyReport,F69,"=-SUMIFS(Transactions!$J:$J,Transactions!$G:$G,YearlyReport!$A69,Transactions!$B:$B,"">=""&F$11,Transactions!$B:$B,""<=""&F$12)+SUMIFS(Transactions!$I:$I,Transactions!$G:$G,YearlyReport!$A69,Transactions!$B:$B,"">=""&F$11,Transactions!$B:$B,""<=""&F$12)",A69,
YearlyReport,G69,"=-SUMIFS(Transactions!$J:$J,Transactions!$G:$G,YearlyReport!$A69,Transactions!$B:$B,"">=""&G$11,Transactions!$B:$B,""<=""&G$12)+SUMIFS(Transactions!$I:$I,Transactions!$G:$G,YearlyReport!$A69,Transactions!$B:$B,"">=""&G$11,Transactions!$B:$B,""<=""&G$12)",A69,
YearlyReport,H69,"=-SUMIFS(Transactions!$J:$J,Transactions!$G:$G,YearlyReport!$A69,Transactions!$B:$B,"">=""&H$11,Transactions!$B:$B,""<=""&H$12)+SUMIFS(Transactions!$I:$I,Transactions!$G:$G,YearlyReport!$A69,Transactions!$B:$B,"">=""&H$11,Transactions!$B:$B,""<=""&H$12)",A69,
YearlyReport,I69,"=-SUMIFS(Transactions!$J:$J,Transactions!$G:$G,YearlyReport!$A69,Transactions!$B:$B,"">=""&I$11,Transactions!$B:$B,""<=""&I$12)+SUMIFS(Transactions!$I:$I,Transactions!$G:$G,YearlyReport!$A69,Transactions!$B:$B,"">=""&I$11,Transactions!$B:$B,""<=""&I$12)",A69,
YearlyReport,J69,"=-SUMIFS(Transactions!$J:$J,Transactions!$G:$G,YearlyReport!$A69,Transactions!$B:$B,"">=""&J$11,Transactions!$B:$B,""<=""&J$12)+SUMIFS(Transactions!$I:$I,Transactions!$G:$G,YearlyReport!$A69,Transactions!$B:$B,"">=""&J$11,Transactions!$B:$B,""<=""&J$12)",A69,
YearlyReport,K69,"=-SUMIFS(Transactions!$J:$J,Transactions!$G:$G,YearlyReport!$A69,Transactions!$B:$B,"">=""&K$11,Transactions!$B:$B,""<=""&K$12)+SUMIFS(Transactions!$I:$I,Transactions!$G:$G,YearlyReport!$A69,Transactions!$B:$B,"">=""&K$11,Transactions!$B:$B,""<=""&K$12)",A69,
YearlyReport,L69,"=-SUMIFS(Transactions!$J:$J,Transactions!$G:$G,YearlyReport!$A69,Transactions!$B:$B,"">=""&L$11,Transactions!$B:$B,""<=""&L$12)+SUMIFS(Transactions!$I:$I,Transactions!$G:$G,YearlyReport!$A69,Transactions!$B:$B,"">=""&L$11,Transactions!$B:$B,""<=""&L$12)",A69,
YearlyReport,M69,"=-SUMIFS(Transactions!$J:$J,Transactions!$G:$G,YearlyReport!$A69,Transactions!$B:$B,"">=""&M$11,Transactions!$B:$B,""<=""&M$12)+SUMIFS(Transactions!$I:$I,Transactions!$G:$G,YearlyReport!$A69,Transactions!$B:$B,"">=""&M$11,Transactions!$B:$B,""<=""&M$12)",A69,
YearlyReport,N69,"=-SUMIFS(Transactions!$J:$J,Transactions!$G:$G,YearlyReport!$A69,Transactions!$B:$B,"">=""&N$11,Transactions!$B:$B,""<=""&N$12)+SUMIFS(Transactions!$I:$I,Transactions!$G:$G,YearlyReport!$A69,Transactions!$B:$B,"">=""&N$11,Transactions!$B:$B,""<=""&N$12)",A69,"YearlyReport!O69,YearlyReport!P69"
YearlyReport,O69,=SUM(C69:N69),"C69,N69",YearlyReport!P69
YearlyReport,P69,=O69/COLUMNS(C69:N69),"O69,C69,N69",
YearlyReport,A70,Home Supplies,,"YearlyReport!C70,YearlyReport!D70,YearlyReport!E70,YearlyReport!F70,YearlyReport!G70,YearlyReport!H70,YearlyReport!I70,YearlyReport!J70,YearlyReport!K70,YearlyReport!L70,YearlyReport!M70,YearlyReport!N70"
YearlyReport,B70,,,
YearlyReport,C70,"=-SUMIFS(Transactions!$J:$J,Transactions!$G:$G,YearlyReport!$A70,Transactions!$B:$B,"">=""&C$11,Transactions!$B:$B,""<=""&C$12)+SUMIFS(Transactions!$I:$I,Transactions!$G:$G,YearlyReport!$A70,Transactions!$B:$B,"">=""&C$11,Transactions!$B:$B,""<=""&C$12)",A70,"YearlyReport!O70,YearlyReport!P70"
YearlyReport,D70,"=-SUMIFS(Transactions!$J:$J,Transactions!$G:$G,YearlyReport!$A70,Transactions!$B:$B,"">=""&D$11,Transactions!$B:$B,""<=""&D$12)+SUMIFS(Transactions!$I:$I,Transactions!$G:$G,YearlyReport!$A70,Transactions!$B:$B,"">=""&D$11,Transactions!$B:$B,""<=""&D$12)",A70,
YearlyReport,E70,"=-SUMIFS(Transactions!$J:$J,Transactions!$G:$G,YearlyReport!$A70,Transactions!$B:$B,"">=""&E$11,Transactions!$B:$B,""<=""&E$12)+SUMIFS(Transactions!$I:$I,Transactions!$G:$G,YearlyReport!$A70,Transactions!$B:$B,"">=""&E$11,Transactions!$B:$B,""<=""&E$12)",A70,
YearlyReport,F70,"=-SUMIFS(Transactions!$J:$J,Transactions!$G:$G,YearlyReport!$A70,Transactions!$B:$B,"">=""&F$11,Transactions!$B:$B,""<=""&F$12)+SUMIFS(Transactions!$I:$I,Transactions!$G:$G,YearlyReport!$A70,Transactions!$B:$B,"">=""&F$11,Transactions!$B:$B,""<=""&F$12)",A70,
YearlyReport,G70,"=-SUMIFS(Transactions!$J:$J,Transactions!$G:$G,YearlyReport!$A70,Transactions!$B:$B,"">=""&G$11,Transactions!$B:$B,""<=""&G$12)+SUMIFS(Transactions!$I:$I,Transactions!$G:$G,YearlyReport!$A70,Transactions!$B:$B,"">=""&G$11,Transactions!$B:$B,""<=""&G$12)",A70,
YearlyReport,H70,"=-SUMIFS(Transactions!$J:$J,Transactions!$G:$G,YearlyReport!$A70,Transactions!$B:$B,"">=""&H$11,Transactions!$B:$B,""<=""&H$12)+SUMIFS(Transactions!$I:$I,Transactions!$G:$G,YearlyReport!$A70,Transactions!$B:$B,"">=""&H$11,Transactions!$B:$B,""<=""&H$12)",A70,
YearlyReport,I70,"=-SUMIFS(Transactions!$J:$J,Transactions!$G:$G,YearlyReport!$A70,Transactions!$B:$B,"">=""&I$11,Transactions!$B:$B,""<=""&I$12)+SUMIFS(Transactions!$I:$I,Transactions!$G:$G,YearlyReport!$A70,Transactions!$B:$B,"">=""&I$11,Transactions!$B:$B,""<=""&I$12)",A70,
YearlyReport,J70,"=-SUMIFS(Transactions!$J:$J,Transactions!$G:$G,YearlyReport!$A70,Transactions!$B:$B,"">=""&J$11,Transactions!$B:$B,""<=""&J$12)+SUMIFS(Transactions!$I:$I,Transactions!$G:$G,YearlyReport!$A70,Transactions!$B:$B,"">=""&J$11,Transactions!$B:$B,""<=""&J$12)",A70,
YearlyReport,K70,"=-SUMIFS(Transactions!$J:$J,Transactions!$G:$G,YearlyReport!$A70,Transactions!$B:$B,"">=""&K$11,Transactions!$B:$B,""<=""&K$12)+SUMIFS(Transactions!$I:$I,Transactions!$G:$G,YearlyReport!$A70,Transactions!$B:$B,"">=""&K$11,Transactions!$B:$B,""<=""&K$12)",A70,
YearlyReport,L70,"=-SUMIFS(Transactions!$J:$J,Transactions!$G:$G,YearlyReport!$A70,Transactions!$B:$B,"">=""&L$11,Transactions!$B:$B,""<=""&L$12)+SUMIFS(Transactions!$I:$I,Transactions!$G:$G,YearlyReport!$A70,Transactions!$B:$B,"">=""&L$11,Transactions!$B:$B,""<=""&L$12)",A70,
YearlyReport,M70,"=-SUMIFS(Transactions!$J:$J,Transactions!$G:$G,YearlyReport!$A70,Transactions!$B:$B,"">=""&M$11,Transactions!$B:$B,""<=""&M$12)+SUMIFS(Transactions!$I:$I,Transactions!$G:$G,YearlyReport!$A70,Transactions!$B:$B,"">=""&M$11,Transactions!$B:$B,""<=""&M$12)",A70,
YearlyReport,N70,"=-SUMIFS(Transactions!$J:$J,Transactions!$G:$G,YearlyReport!$A70,Transactions!$B:$B,"">=""&N$11,Transactions!$B:$B,""<=""&N$12)+SUMIFS(Transactions!$I:$I,Transactions!$G:$G,YearlyReport!$A70,Transactions!$B:$B,"">=""&N$11,Transactions!$B:$B,""<=""&N$12)",A70,"YearlyReport!O70,YearlyReport!P70"
YearlyReport,O70,=SUM(C70:N70),"C70,N70",YearlyReport!P70
YearlyReport,P70,=O70/COLUMNS(C70:N70),"O70,C70,N70",
YearlyReport,A71,Interest Expense,,"YearlyReport!C71,YearlyReport!D71,YearlyReport!E71,YearlyReport!F71,YearlyReport!G71,YearlyReport!H71,YearlyReport!I71,YearlyReport!J71,YearlyReport!K71,YearlyReport!L71,YearlyReport!M71,YearlyReport!N71"
YearlyReport,B71,,,
YearlyReport,C71,"=-SUMIFS(Transactions!$J:$J,Transactions!$G:$G,YearlyReport!$A71,Transactions!$B:$B,"">=""&C$11,Transactions!$B:$B,""<=""&C$12)+SUMIFS(Transactions!$I:$I,Transactions!$G:$G,YearlyReport!$A71,Transactions!$B:$B,"">=""&C$11,Transactions!$B:$B,""<=""&C$12)",A71,"YearlyReport!O71,YearlyReport!P71"
YearlyReport,D71,"=-SUMIFS(Transactions!$J:$J,Transactions!$G:$G,YearlyReport!$A71,Transactions!$B:$B,"">=""&D$11,Transactions!$B:$B,""<=""&D$12)+SUMIFS(Transactions!$I:$I,Transactions!$G:$G,YearlyReport!$A71,Transactions!$B:$B,"">=""&D$11,Transactions!$B:$B,""<=""&D$12)",A71,
YearlyReport,E71,"=-SUMIFS(Transactions!$J:$J,Transactions!$G:$G,YearlyReport!$A71,Transactions!$B:$B,"">=""&E$11,Transactions!$B:$B,""<=""&E$12)+SUMIFS(Transactions!$I:$I,Transactions!$G:$G,YearlyReport!$A71,Transactions!$B:$B,"">=""&E$11,Transactions!$B:$B,""<=""&E$12)",A71,
YearlyReport,F71,"=-SUMIFS(Transactions!$J:$J,Transactions!$G:$G,YearlyReport!$A71,Transactions!$B:$B,"">=""&F$11,Transactions!$B:$B,""<=""&F$12)+SUMIFS(Transactions!$I:$I,Transactions!$G:$G,YearlyReport!$A71,Transactions!$B:$B,"">=""&F$11,Transactions!$B:$B,""<=""&F$12)",A71,
YearlyReport,G71,"=-SUMIFS(Transactions!$J:$J,Transactions!$G:$G,YearlyReport!$A71,Transactions!$B:$B,"">=""&G$11,Transactions!$B:$B,""<=""&G$12)+SUMIFS(Transactions!$I:$I,Transactions!$G:$G,YearlyReport!$A71,Transactions!$B:$B,"">=""&G$11,Transactions!$B:$B,""<=""&G$12)",A71,
YearlyReport,H71,"=-SUMIFS(Transactions!$J:$J,Transactions!$G:$G,YearlyReport!$A71,Transactions!$B:$B,"">=""&H$11,Transactions!$B:$B,""<=""&H$12)+SUMIFS(Transactions!$I:$I,Transactions!$G:$G,YearlyReport!$A71,Transactions!$B:$B,"">=""&H$11,Transactions!$B:$B,""<=""&H$12)",A71,
YearlyReport,I71,"=-SUMIFS(Transactions!$J:$J,Transactions!$G:$G,YearlyReport!$A71,Transactions!$B:$B,"">=""&I$11,Transactions!$B:$B,""<=""&I$12)+SUMIFS(Transactions!$I:$I,Transactions!$G:$G,YearlyReport!$A71,Transactions!$B:$B,"">=""&I$11,Transactions!$B:$B,""<=""&I$12)",A71,
YearlyReport,J71,"=-SUMIFS(Transactions!$J:$J,Transactions!$G:$G,YearlyReport!$A71,Transactions!$B:$B,"">=""&J$11,Transactions!$B:$B,""<=""&J$12)+SUMIFS(Transactions!$I:$I,Transactions!$G:$G,YearlyReport!$A71,Transactions!$B:$B,"">=""&J$11,Transactions!$B:$B,""<=""&J$12)",A71,
YearlyReport,K71,"=-SUMIFS(Transactions!$J:$J,Transactions!$G:$G,YearlyReport!$A71,Transactions!$B:$B,"">=""&K$11,Transactions!$B:$B,""<=""&K$12)+SUMIFS(Transactions!$I:$I,Transactions!$G:$G,YearlyReport!$A71,Transactions!$B:$B,"">=""&K$11,Transactions!$B:$B,""<=""&K$12)",A71,
YearlyReport,L71,"=-SUMIFS(Transactions!$J:$J,Transactions!$G:$G,YearlyReport!$A71,Transactions!$B:$B,"">=""&L$11,Transactions!$B:$B,""<=""&L$12)+SUMIFS(Transactions!$I:$I,Transactions!$G:$G,YearlyReport!$A71,Transactions!$B:$B,"">=""&L$11,Transactions!$B:$B,""<=""&L$12)",A71,
YearlyReport,M71,"=-SUMIFS(Transactions!$J:$J,Transactions!$G:$G,YearlyReport!$A71,Transactions!$B:$B,"">=""&M$11,Transactions!$B:$B,""<=""&M$12)+SUMIFS(Transactions!$I:$I,Transactions!$G:$G,YearlyReport!$A71,Transactions!$B:$B,"">=""&M$11,Transactions!$B:$B,""<=""&M$12)",A71,
YearlyReport,N71,"=-SUMIFS(Transactions!$J:$J,Transactions!$G:$G,YearlyReport!$A71,Transactions!$B:$B,"">=""&N$11,Transactions!$B:$B,""<=""&N$12)+SUMIFS(Transactions!$I:$I,Transactions!$G:$G,YearlyReport!$A71,Transactions!$B:$B,"">=""&N$11,Transactions!$B:$B,""<=""&N$12)",A71,"YearlyReport!O71,YearlyReport!P71"
YearlyReport,O71,=SUM(C71:N71),"C71,N71",YearlyReport!P71
YearlyReport,P71,=O71/COLUMNS(C71:N71),"O71,C71,N71",
YearlyReport,A72,Life Insurance,,"YearlyReport!C72,YearlyReport!D72,YearlyReport!E72,YearlyReport!F72,YearlyReport!G72,YearlyReport!H72,YearlyReport!I72,YearlyReport!J72,YearlyReport!K72,YearlyReport!L72,YearlyReport!M72,YearlyReport!N72"
YearlyReport,B72,,,
YearlyReport,C72,"=-SUMIFS(Transactions!$J:$J,Transactions!$G:$G,YearlyReport!$A72,Transactions!$B:$B,"">=""&C$11,Transactions!$B:$B,""<=""&C$12)+SUMIFS(Transactions!$I:$I,Transactions!$G:$G,YearlyReport!$A72,Transactions!$B:$B,"">=""&C$11,Transactions!$B:$B,""<=""&C$12)",A72,"YearlyReport!O72,YearlyReport!P72"
YearlyReport,D72,"=-SUMIFS(Transactions!$J:$J,Transactions!$G:$G,YearlyReport!$A72,Transactions!$B:$B,"">=""&D$11,Transactions!$B:$B,""<=""&D$12)+SUMIFS(Transactions!$I:$I,Transactions!$G:$G,YearlyReport!$A72,Transactions!$B:$B,"">=""&D$11,Transactions!$B:$B,""<=""&D$12)",A72,
YearlyReport,E72,"=-SUMIFS(Transactions!$J:$J,Transactions!$G:$G,YearlyReport!$A72,Transactions!$B:$B,"">=""&E$11,Transactions!$B:$B,""<=""&E$12)+SUMIFS(Transactions!$I:$I,Transactions!$G:$G,YearlyReport!$A72,Transactions!$B:$B,"">=""&E$11,Transactions!$B:$B,""<=""&E$12)",A72,
YearlyReport,F72,"=-SUMIFS(Transactions!$J:$J,Transactions!$G:$G,YearlyReport!$A72,Transactions!$B:$B,"">=""&F$11,Transactions!$B:$B,""<=""&F$12)+SUMIFS(Transactions!$I:$I,Transactions!$G:$G,YearlyReport!$A72,Transactions!$B:$B,"">=""&F$11,Transactions!$B:$B,""<=""&F$12)",A72,
YearlyReport,G72,"=-SUMIFS(Transactions!$J:$J,Transactions!$G:$G,YearlyReport!$A72,Transactions!$B:$B,"">=""&G$11,Transactions!$B:$B,""<=""&G$12)+SUMIFS(Transactions!$I:$I,Transactions!$G:$G,YearlyReport!$A72,Transactions!$B:$B,"">=""&G$11,Transactions!$B:$B,""<=""&G$12)",A72,
YearlyReport,H72,"=-SUMIFS(Transactions!$J:$J,Transactions!$G:$G,YearlyReport!$A72,Transactions!$B:$B,"">=""&H$11,Transactions!$B:$B,""<=""&H$12)+SUMIFS(Transactions!$I:$I,Transactions!$G:$G,YearlyReport!$A72,Transactions!$B:$B,"">=""&H$11,Transactions!$B:$B,""<=""&H$12)",A72,
YearlyReport,I72,"=-SUMIFS(Transactions!$J:$J,Transactions!$G:$G,YearlyReport!$A72,Transactions!$B:$B,"">=""&I$11,Transactions!$B:$B,""<=""&I$12)+SUMIFS(Transactions!$I:$I,Transactions!$G:$G,YearlyReport!$A72,Transactions!$B:$B,"">=""&I$11,Transactions!$B:$B,""<=""&I$12)",A72,
YearlyReport,J72,"=-SUMIFS(Transactions!$J:$J,Transactions!$G:$G,YearlyReport!$A72,Transactions!$B:$B,"">=""&J$11,Transactions!$B:$B,""<=""&J$12)+SUMIFS(Transactions!$I:$I,Transactions!$G:$G,YearlyReport!$A72,Transactions!$B:$B,"">=""&J$11,Transactions!$B:$B,""<=""&J$12)",A72,
YearlyReport,K72,"=-SUMIFS(Transactions!$J:$J,Transactions!$G:$G,YearlyReport!$A72,Transactions!$B:$B,"">=""&K$11,Transactions!$B:$B,""<=""&K$12)+SUMIFS(Transactions!$I:$I,Transactions!$G:$G,YearlyReport!$A72,Transactions!$B:$B,"">=""&K$11,Transactions!$B:$B,""<=""&K$12)",A72,
YearlyReport,L72,"=-SUMIFS(Transactions!$J:$J,Transactions!$G:$G,YearlyReport!$A72,Transactions!$B:$B,"">=""&L$11,Transactions!$B:$B,""<=""&L$12)+SUMIFS(Transactions!$I:$I,Transactions!$G:$G,YearlyReport!$A72,Transactions!$B:$B,"">=""&L$11,Transactions!$B:$B,""<=""&L$12)",A72,
YearlyReport,M72,"=-SUMIFS(Transactions!$J:$J,Transactions!$G:$G,YearlyReport!$A72,Transactions!$B:$B,"">=""&M$11,Transactions!$B:$B,""<=""&M$12)+SUMIFS(Transactions!$I:$I,Transactions!$G:$G,YearlyReport!$A72,Transactions!$B:$B,"">=""&M$11,Transactions!$B:$B,""<=""&M$12)",A72,
YearlyReport,N72,"=-SUMIFS(Transactions!$J:$J,Transactions!$G:$G,YearlyReport!$A72,Transactions!$B:$B,"">=""&N$11,Transactions!$B:$B,""<=""&N$12)+SUMIFS(Transactions!$I:$I,Transactions!$G:$G,YearlyReport!$A72,Transactions!$B:$B,"">=""&N$11,Transactions!$B:$B,""<=""&N$12)",A72,"YearlyReport!O72,YearlyReport!P72"
YearlyReport,O72,=SUM(C72:N72),"C72,N72",YearlyReport!P72
YearlyReport,P72,=O72/COLUMNS(C72:N72),"O72,C72,N72",
YearlyReport,A73,Medicine,,"YearlyReport!C73,YearlyReport!D73,YearlyReport!E73,YearlyReport!F73,YearlyReport!G73,YearlyReport!H73,YearlyReport!I73,YearlyReport!J73,YearlyReport!K73,YearlyReport!L73,YearlyReport!M73,YearlyReport!N73"
YearlyReport,B73,,,
YearlyReport,C73,"=-SUMIFS(Transactions!$J:$J,Transactions!$G:$G,YearlyReport!$A73,Transactions!$B:$B,"">=""&C$11,Transactions!$B:$B,""<=""&C$12)+SUMIFS(Transactions!$I:$I,Transactions!$G:$G,YearlyReport!$A73,Transactions!$B:$B,"">=""&C$11,Transactions!$B:$B,""<=""&C$12)",A73,"YearlyReport!O73,YearlyReport!P73"
YearlyReport,D73,"=-SUMIFS(Transactions!$J:$J,Transactions!$G:$G,YearlyReport!$A73,Transactions!$B:$B,"">=""&D$11,Transactions!$B:$B,""<=""&D$12)+SUMIFS(Transactions!$I:$I,Transactions!$G:$G,YearlyReport!$A73,Transactions!$B:$B,"">=""&D$11,Transactions!$B:$B,""<=""&D$12)",A73,
YearlyReport,E73,"=-SUMIFS(Transactions!$J:$J,Transactions!$G:$G,YearlyReport!$A73,Transactions!$B:$B,"">=""&E$11,Transactions!$B:$B,""<=""&E$12)+SUMIFS(Transactions!$I:$I,Transactions!$G:$G,YearlyReport!$A73,Transactions!$B:$B,"">=""&E$11,Transactions!$B:$B,""<=""&E$12)",A73,
YearlyReport,F73,"=-SUMIFS(Transactions!$J:$J,Transactions!$G:$G,YearlyReport!$A73,Transactions!$B:$B,"">=""&F$11,Transactions!$B:$B,""<=""&F$12)+SUMIFS(Transactions!$I:$I,Transactions!$G:$G,YearlyReport!$A73,Transactions!$B:$B,"">=""&F$11,Transactions!$B:$B,""<=""&F$12)",A73,
YearlyReport,G73,"=-SUMIFS(Transactions!$J:$J,Transactions!$G:$G,YearlyReport!$A73,Transactions!$B:$B,"">=""&G$11,Transactions!$B:$B,""<=""&G$12)+SUMIFS(Transactions!$I:$I,Transactions!$G:$G,YearlyReport!$A73,Transactions!$B:$B,"">=""&G$11,Transactions!$B:$B,""<=""&G$12)",A73,
YearlyReport,H73,"=-SUMIFS(Transactions!$J:$J,Transactions!$G:$G,YearlyReport!$A73,Transactions!$B:$B,"">=""&H$11,Transactions!$B:$B,""<=""&H$12)+SUMIFS(Transactions!$I:$I,Transactions!$G:$G,YearlyReport!$A73,Transactions!$B:$B,"">=""&H$11,Transactions!$B:$B,""<=""&H$12)",A73,
YearlyReport,I73,"=-SUMIFS(Transactions!$J:$J,Transactions!$G:$G,YearlyReport!$A73,Transactions!$B:$B,"">=""&I$11,Transactions!$B:$B,""<=""&I$12)+SUMIFS(Transactions!$I:$I,Transactions!$G:$G,YearlyReport!$A73,Transactions!$B:$B,"">=""&I$11,Transactions!$B:$B,""<=""&I$12)",A73,
YearlyReport,J73,"=-SUMIFS(Transactions!$J:$J,Transactions!$G:$G,YearlyReport!$A73,Transactions!$B:$B,"">=""&J$11,Transactions!$B:$B,""<=""&J$12)+SUMIFS(Transactions!$I:$I,Transactions!$G:$G,YearlyReport!$A73,Transactions!$B:$B,"">=""&J$11,Transactions!$B:$B,""<=""&J$12)",A73,
YearlyReport,K73,"=-SUMIFS(Transactions!$J:$J,Transactions!$G:$G,YearlyReport!$A73,Transactions!$B:$B,"">=""&K$11,Transactions!$B:$B,""<=""&K$12)+SUMIFS(Transactions!$I:$I,Transactions!$G:$G,YearlyReport!$A73,Transactions!$B:$B,"">=""&K$11,Transactions!$B:$B,""<=""&K$12)",A73,
YearlyReport,L73,"=-SUMIFS(Transactions!$J:$J,Transactions!$G:$G,YearlyReport!$A73,Transactions!$B:$B,"">=""&L$11,Transactions!$B:$B,""<=""&L$12)+SUMIFS(Transactions!$I:$I,Transactions!$G:$G,YearlyReport!$A73,Transactions!$B:$B,"">=""&L$11,Transactions!$B:$B,""<=""&L$12)",A73,
YearlyReport,M73,"=-SUMIFS(Transactions!$J:$J,Transactions!$G:$G,YearlyReport!$A73,Transactions!$B:$B,"">=""&M$11,Transactions!$B:$B,""<=""&M$12)+SUMIFS(Transactions!$I:$I,Transactions!$G:$G,YearlyReport!$A73,Transactions!$B:$B,"">=""&M$11,Transactions!$B:$B,""<=""&M$12)",A73,
YearlyReport,N73,"=-SUMIFS(Transactions!$J:$J,Transactions!$G:$G,YearlyReport!$A73,Transactions!$B:$B,"">=""&N$11,Transactions!$B:$B,""<=""&N$12)+SUMIFS(Transactions!$I:$I,Transactions!$G:$G,YearlyReport!$A73,Transactions!$B:$B,"">=""&N$11,Transactions!$B:$B,""<=""&N$12)",A73,"YearlyReport!O73,YearlyReport!P73"
YearlyReport,O73,=SUM(C73:N73),"C73,N73",YearlyReport!P73
YearlyReport,P73,=O73/COLUMNS(C73:N73),"O73,C73,N73",
YearlyReport,A74,Miscellaneous,,"YearlyReport!C74,YearlyReport!D74,YearlyReport!E74,YearlyReport!F74,YearlyReport!G74,YearlyReport!H74,YearlyReport!I74,YearlyReport!J74,YearlyReport!K74,YearlyReport!L74,YearlyReport!M74,YearlyReport!N74"
YearlyReport,B74,,,
YearlyReport,C74,"=-SUMIFS(Transactions!$J:$J,Transactions!$G:$G,YearlyReport!$A74,Transactions!$B:$B,"">=""&C$11,Transactions!$B:$B,""<=""&C$12)+SUMIFS(Transactions!$I:$I,Transactions!$G:$G,YearlyReport!$A74,Transactions!$B:$B,"">=""&C$11,Transactions!$B:$B,""<=""&C$12)",A74,"YearlyReport!O74,YearlyReport!P74"
YearlyReport,D74,"=-SUMIFS(Transactions!$J:$J,Transactions!$G:$G,YearlyReport!$A74,Transactions!$B:$B,"">=""&D$11,Transactions!$B:$B,""<=""&D$12)+SUMIFS(Transactions!$I:$I,Transactions!$G:$G,YearlyReport!$A74,Transactions!$B:$B,"">=""&D$11,Transactions!$B:$B,""<=""&D$12)",A74,
YearlyReport,E74,"=-SUMIFS(Transactions!$J:$J,Transactions!$G:$G,YearlyReport!$A74,Transactions!$B:$B,"">=""&E$11,Transactions!$B:$B,""<=""&E$12)+SUMIFS(Transactions!$I:$I,Transactions!$G:$G,YearlyReport!$A74,Transactions!$B:$B,"">=""&E$11,Transactions!$B:$B,""<=""&E$12)",A74,
YearlyReport,F74,"=-SUMIFS(Transactions!$J:$J,Transactions!$G:$G,YearlyReport!$A74,Transactions!$B:$B,"">=""&F$11,Transactions!$B:$B,""<=""&F$12)+SUMIFS(Transactions!$I:$I,Transactions!$G:$G,YearlyReport!$A74,Transactions!$B:$B,"">=""&F$11,Transactions!$B:$B,""<=""&F$12)",A74,
YearlyReport,G74,"=-SUMIFS(Transactions!$J:$J,Transactions!$G:$G,YearlyReport!$A74,Transactions!$B:$B,"">=""&G$11,Transactions!$B:$B,""<=""&G$12)+SUMIFS(Transactions!$I:$I,Transactions!$G:$G,YearlyReport!$A74,Transactions!$B:$B,"">=""&G$11,Transactions!$B:$B,""<=""&G$12)",A74,
YearlyReport,H74,"=-SUMIFS(Transactions!$J:$J,Transactions!$G:$G,YearlyReport!$A74,Transactions!$B:$B,"">=""&H$11,Transactions!$B:$B,""<=""&H$12)+SUMIFS(Transactions!$I:$I,Transactions!$G:$G,YearlyReport!$A74,Transactions!$B:$B,"">=""&H$11,Transactions!$B:$B,""<=""&H$12)",A74,
YearlyReport,I74,"=-SUMIFS(Transactions!$J:$J,Transactions!$G:$G,YearlyReport!$A74,Transactions!$B:$B,"">=""&I$11,Transactions!$B:$B,""<=""&I$12)+SUMIFS(Transactions!$I:$I,Transactions!$G:$G,YearlyReport!$A74,Transactions!$B:$B,"">=""&I$11,Transactions!$B:$B,""<=""&I$12)",A74,
YearlyReport,J74,"=-SUMIFS(Transactions!$J:$J,Transactions!$G:$G,YearlyReport!$A74,Transactions!$B:$B,"">=""&J$11,Transactions!$B:$B,""<=""&J$12)+SUMIFS(Transactions!$I:$I,Transactions!$G:$G,YearlyReport!$A74,Transactions!$B:$B,"">=""&J$11,Transactions!$B:$B,""<=""&J$12)",A74,
YearlyReport,K74,"=-SUMIFS(Transactions!$J:$J,Transactions!$G:$G,YearlyReport!$A74,Transactions!$B:$B,"">=""&K$11,Transactions!$B:$B,""<=""&K$12)+SUMIFS(Transactions!$I:$I,Transactions!$G:$G,YearlyReport!$A74,Transactions!$B:$B,"">=""&K$11,Transactions!$B:$B,""<=""&K$12)",A74,
YearlyReport,L74,"=-SUMIFS(Transactions!$J:$J,Transactions!$G:$G,YearlyReport!$A74,Transactions!$B:$B,"">=""&L$11,Transactions!$B:$B,""<=""&L$12)+SUMIFS(Transactions!$I:$I,Transactions!$G:$G,YearlyReport!$A74,Transactions!$B:$B,"">=""&L$11,Transactions!$B:$B,""<=""&L$12)",A74,
YearlyReport,M74,"=-SUMIFS(Transactions!$J:$J,Transactions!$G:$G,YearlyReport!$A74,Transactions!$B:$B,"">=""&M$11,Transactions!$B:$B,""<=""&M$12)+SUMIFS(Transactions!$I:$I,Transactions!$G:$G,YearlyReport!$A74,Transactions!$B:$B,"">=""&M$11,Transactions!$B:$B,""<=""&M$12)",A74,
YearlyReport,N74,"=-SUMIFS(Transactions!$J:$J,Transactions!$G:$G,YearlyReport!$A74,Transactions!$B:$B,"">=""&N$11,Transactions!$B:$B,""<=""&N$12)+SUMIFS(Transactions!$I:$I,Transactions!$G:$G,YearlyReport!$A74,Transactions!$B:$B,"">=""&N$11,Transactions!$B:$B,""<=""&N$12)",A74,"YearlyReport!O74,YearlyReport!P74"
YearlyReport,O74,=SUM(C74:N74),"C74,N74",YearlyReport!P74
YearlyReport,P74,=O74/COLUMNS(C74:N74),"O74,C74,N74",
YearlyReport,A75,Mortgage / Rent,,"YearlyReport!C75,YearlyReport!D75,YearlyReport!E75,YearlyReport!F75,YearlyReport!G75,YearlyReport!H75,YearlyReport!I75,YearlyReport!J75,YearlyReport!K75,YearlyReport!L75,YearlyReport!M75,YearlyReport!N75"
YearlyReport,B75,,,
YearlyReport,C75,"=-SUMIFS(Transactions!$J:$J,Transactions!$G:$G,YearlyReport!$A75,Transactions!$B:$B,"">=""&C$11,Transactions!$B:$B,""<=""&C$12)+SUMIFS(Transactions!$I:$I,Transactions!$G:$G,YearlyReport!$A75,Transactions!$B:$B,"">=""&C$11,Transactions!$B:$B,""<=""&C$12)",A75,"YearlyReport!O75,YearlyReport!P75"
YearlyReport,D75,"=-SUMIFS(Transactions!$J:$J,Transactions!$G:$G,YearlyReport!$A75,Transactions!$B:$B,"">=""&D$11,Transactions!$B:$B,""<=""&D$12)+SUMIFS(Transactions!$I:$I,Transactions!$G:$G,YearlyReport!$A75,Transactions!$B:$B,"">=""&D$11,Transactions!$B:$B,""<=""&D$12)",A75,
YearlyReport,E75,"=-SUMIFS(Transactions!$J:$J,Transactions!$G:$G,YearlyReport!$A75,Transactions!$B:$B,"">=""&E$11,Transactions!$B:$B,""<=""&E$12)+SUMIFS(Transactions!$I:$I,Transactions!$G:$G,YearlyReport!$A75,Transactions!$B:$B,"">=""&E$11,Transactions!$B:$B,""<=""&E$12)",A75,
YearlyReport,F75,"=-SUMIFS(Transactions!$J:$J,Transactions!$G:$G,YearlyReport!$A75,Transactions!$B:$B,"">=""&F$11,Transactions!$B:$B,""<=""&F$12)+SUMIFS(Transactions!$I:$I,Transactions!$G:$G,YearlyReport!$A75,Transactions!$B:$B,"">=""&F$11,Transactions!$B:$B,""<=""&F$12)",A75,
YearlyReport,G75,"=-SUMIFS(Transactions!$J:$J,Transactions!$G:$G,YearlyReport!$A75,Transactions!$B:$B,"">=""&G$11,Transactions!$B:$B,""<=""&G$12)+SUMIFS(Transactions!$I:$I,Transactions!$G:$G,YearlyReport!$A75,Transactions!$B:$B,"">=""&G$11,Transactions!$B:$B,""<=""&G$12)",A75,
YearlyReport,H75,"=-SUMIFS(Transactions!$J:$J,Transactions!$G:$G,YearlyReport!$A75,Transactions!$B:$B,"">=""&H$11,Transactions!$B:$B,""<=""&H$12)+SUMIFS(Transactions!$I:$I,Transactions!$G:$G,YearlyReport!$A75,Transactions!$B:$B,"">=""&H$11,Transactions!$B:$B,""<=""&H$12)",A75,
YearlyReport,I75,"=-SUMIFS(Transactions!$J:$J,Transactions!$G:$G,YearlyReport!$A75,Transactions!$B:$B,"">=""&I$11,Transactions!$B:$B,""<=""&I$12)+SUMIFS(Transactions!$I:$I,Transactions!$G:$G,YearlyReport!$A75,Transactions!$B:$B,"">=""&I$11,Transactions!$B:$B,""<=""&I$12)",A75,
YearlyReport,J75,"=-SUMIFS(Transactions!$J:$J,Transactions!$G:$G,YearlyReport!$A75,Transactions!$B:$B,"">=""&J$11,Transactions!$B:$B,""<=""&J$12)+SUMIFS(Transactions!$I:$I,Transactions!$G:$G,YearlyReport!$A75,Transactions!$B:$B,"">=""&J$11,Transactions!$B:$B,""<=""&J$12)",A75,
YearlyReport,K75,"=-SUMIFS(Transactions!$J:$J,Transactions!$G:$G,YearlyReport!$A75,Transactions!$B:$B,"">=""&K$11,Transactions!$B:$B,""<=""&K$12)+SUMIFS(Transactions!$I:$I,Transactions!$G:$G,YearlyReport!$A75,Transactions!$B:$B,"">=""&K$11,Transactions!$B:$B,""<=""&K$12)",A75,
YearlyReport,L75,"=-SUMIFS(Transactions!$J:$J,Transactions!$G:$G,YearlyReport!$A75,Transactions!$B:$B,"">=""&L$11,Transactions!$B:$B,""<=""&L$12)+SUMIFS(Transactions!$I:$I,Transactions!$G:$G,YearlyReport!$A75,Transactions!$B:$B,"">=""&L$11,Transactions!$B:$B,""<=""&L$12)",A75,
YearlyReport,M75,"=-SUMIFS(Transactions!$J:$J,Transactions!$G:$G,YearlyReport!$A75,Transactions!$B:$B,"">=""&M$11,Transactions!$B:$B,""<=""&M$12)+SUMIFS(Transactions!$I:$I,Transactions!$G:$G,YearlyReport!$A75,Transactions!$B:$B,"">=""&M$11,Transactions!$B:$B,""<=""&M$12)",A75,
YearlyReport,N75,"=-SUMIFS(Transactions!$J:$J,Transactions!$G:$G,YearlyReport!$A75,Transactions!$B:$B,"">=""&N$11,Transactions!$B:$B,""<=""&N$12)+SUMIFS(Transactions!$I:$I,Transactions!$G:$G,YearlyReport!$A75,Transactions!$B:$B,"">=""&N$11,Transactions!$B:$B,""<=""&N$12)",A75,"YearlyReport!O75,YearlyReport!P75"
YearlyReport,O75,=SUM(C75:N75),"C75,N75",YearlyReport!P75
YearlyReport,P75,=O75/COLUMNS(C75:N75),"O75,C75,N75",
YearlyReport,A76,Other Savings,,"YearlyReport!C76,YearlyReport!D76,YearlyReport!E76,YearlyReport!F76,YearlyReport!G76,YearlyReport!H76,YearlyReport!I76,YearlyReport!J76,YearlyReport!K76,YearlyReport!L76,YearlyReport!M76,YearlyReport!N76"
YearlyReport,B76,,,
YearlyReport,C76,"=-SUMIFS(Transactions!$J:$J,Transactions!$G:$G,YearlyReport!$A76,Transactions!$B:$B,"">=""&C$11,Transactions!$B:$B,""<=""&C$12)+SUMIFS(Transactions!$I:$I,Transactions!$G:$G,YearlyReport!$A76,Transactions!$B:$B,"">=""&C$11,Transactions!$B:$B,""<=""&C$12)",A76,"YearlyReport!O76,YearlyReport!P76"
YearlyReport,D76,"=-SUMIFS(Transactions!$J:$J,Transactions!$G:$G,YearlyReport!$A76,Transactions!$B:$B,"">=""&D$11,Transactions!$B:$B,""<=""&D$12)+SUMIFS(Transactions!$I:$I,Transactions!$G:$G,YearlyReport!$A76,Transactions!$B:$B,"">=""&D$11,Transactions!$B:$B,""<=""&D$12)",A76,
YearlyReport,E76,"=-SUMIFS(Transactions!$J:$J,Transactions!$G:$G,YearlyReport!$A76,Transactions!$B:$B,"">=""&E$11,Transactions!$B:$B,""<=""&E$12)+SUMIFS(Transactions!$I:$I,Transactions!$G:$G,YearlyReport!$A76,Transactions!$B:$B,"">=""&E$11,Transactions!$B:$B,""<=""&E$12)",A76,
YearlyReport,F76,"=-SUMIFS(Transactions!$J:$J,Transactions!$G:$G,YearlyReport!$A76,Transactions!$B:$B,"">=""&F$11,Transactions!$B:$B,""<=""&F$12)+SUMIFS(Transactions!$I:$I,Transactions!$G:$G,YearlyReport!$A76,Transactions!$B:$B,"">=""&F$11,Transactions!$B:$B,""<=""&F$12)",A76,
YearlyReport,G76,"=-SUMIFS(Transactions!$J:$J,Transactions!$G:$G,YearlyReport!$A76,Transactions!$B:$B,"">=""&G$11,Transactions!$B:$B,""<=""&G$12)+SUMIFS(Transactions!$I:$I,Transactions!$G:$G,YearlyReport!$A76,Transactions!$B:$B,"">=""&G$11,Transactions!$B:$B,""<=""&G$12)",A76,
YearlyReport,H76,"=-SUMIFS(Transactions!$J:$J,Transactions!$G:$G,YearlyReport!$A76,Transactions!$B:$B,"">=""&H$11,Transactions!$B:$B,""<=""&H$12)+SUMIFS(Transactions!$I:$I,Transactions!$G:$G,YearlyReport!$A76,Transactions!$B:$B,"">=""&H$11,Transactions!$B:$B,""<=""&H$12)",A76,
YearlyReport,I76,"=-SUMIFS(Transactions!$J:$J,Transactions!$G:$G,YearlyReport!$A76,Transactions!$B:$B,"">=""&I$11,Transactions!$B:$B,""<=""&I$12)+SUMIFS(Transactions!$I:$I,Transactions!$G:$G,YearlyReport!$A76,Transactions!$B:$B,"">=""&I$11,Transactions!$B:$B,""<=""&I$12)",A76,
YearlyReport,J76,"=-SUMIFS(Transactions!$J:$J,Transactions!$G:$G,YearlyReport!$A76,Transactions!$B:$B,"">=""&J$11,Transactions!$B:$B,""<=""&J$12)+SUMIFS(Transactions!$I:$I,Transactions!$G:$G,YearlyReport!$A76,Transactions!$B:$B,"">=""&J$11,Transactions!$B:$B,""<=""&J$12)",A76,
YearlyReport,K76,"=-SUMIFS(Transactions!$J:$J,Transactions!$G:$G,YearlyReport!$A76,Transactions!$B:$B,"">=""&K$11,Transactions!$B:$B,""<=""&K$12)+SUMIFS(Transactions!$I:$I,Transactions!$G:$G,YearlyReport!$A76,Transactions!$B:$B,"">=""&K$11,Transactions!$B:$B,""<=""&K$12)",A76,
YearlyReport,L76,"=-SUMIFS(Transactions!$J:$J,Transactions!$G:$G,YearlyReport!$A76,Transactions!$B:$B,"">=""&L$11,Transactions!$B:$B,""<=""&L$12)+SUMIFS(Transactions!$I:$I,Transactions!$G:$G,YearlyReport!$A76,Transactions!$B:$B,"">=""&L$11,Transactions!$B:$B,""<=""&L$12)",A76,
YearlyReport,M76,"=-SUMIFS(Transactions!$J:$J,Transactions!$G:$G,YearlyReport!$A76,Transactions!$B:$B,"">=""&M$11,Transactions!$B:$B,""<=""&M$12)+SUMIFS(Transactions!$I:$I,Transactions!$G:$G,YearlyReport!$A76,Transactions!$B:$B,"">=""&M$11,Transactions!$B:$B,""<=""&M$12)",A76,
YearlyReport,N76,"=-SUMIFS(Transactions!$J:$J,Transactions!$G:$G,YearlyReport!$A76,Transactions!$B:$B,"">=""&N$11,Transactions!$B:$B,""<=""&N$12)+SUMIFS(Transactions!$I:$I,Transactions!$G:$G,YearlyReport!$A76,Transactions!$B:$B,"">=""&N$11,Transactions!$B:$B,""<=""&N$12)",A76,"YearlyReport!O76,YearlyReport!P76"
YearlyReport,O76,=SUM(C76:N76),"C76,N76",YearlyReport!P76
YearlyReport,P76,=O76/COLUMNS(C76:N76),"O76,C76,N76",
YearlyReport,A77,Other_1,,"YearlyReport!C77,YearlyReport!D77,YearlyReport!E77,YearlyReport!F77,YearlyReport!G77,YearlyReport!H77,YearlyReport!I77,YearlyReport!J77,YearlyReport!K77,YearlyReport!L77,YearlyReport!M77,YearlyReport!N77"
YearlyReport,B77,,,
YearlyReport,C77,"=-SUMIFS(Transactions!$J:$J,Transactions!$G:$G,YearlyReport!$A77,Transactions!$B:$B,"">=""&C$11,Transactions!$B:$B,""<=""&C$12)+SUMIFS(Transactions!$I:$I,Transactions!$G:$G,YearlyReport!$A77,Transactions!$B:$B,"">=""&C$11,Transactions!$B:$B,""<=""&C$12)",A77,"YearlyReport!O77,YearlyReport!P77"
YearlyReport,D77,"=-SUMIFS(Transactions!$J:$J,Transactions!$G:$G,YearlyReport!$A77,Transactions!$B:$B,"">=""&D$11,Transactions!$B:$B,""<=""&D$12)+SUMIFS(Transactions!$I:$I,Transactions!$G:$G,YearlyReport!$A77,Transactions!$B:$B,"">=""&D$11,Transactions!$B:$B,""<=""&D$12)",A77,
YearlyReport,E77,"=-SUMIFS(Transactions!$J:$J,Transactions!$G:$G,YearlyReport!$A77,Transactions!$B:$B,"">=""&E$11,Transactions!$B:$B,""<=""&E$12)+SUMIFS(Transactions!$I:$I,Transactions!$G:$G,YearlyReport!$A77,Transactions!$B:$B,"">=""&E$11,Transactions!$B:$B,""<=""&E$12)",A77,
YearlyReport,F77,"=-SUMIFS(Transactions!$J:$J,Transactions!$G:$G,YearlyReport!$A77,Transactions!$B:$B,"">=""&F$11,Transactions!$B:$B,""<=""&F$12)+SUMIFS(Transactions!$I:$I,Transactions!$G:$G,YearlyReport!$A77,Transactions!$B:$B,"">=""&F$11,Transactions!$B:$B,""<=""&F$12)",A77,
YearlyReport,G77,"=-SUMIFS(Transactions!$J:$J,Transactions!$G:$G,YearlyReport!$A77,Transactions!$B:$B,"">=""&G$11,Transactions!$B:$B,""<=""&G$12)+SUMIFS(Transactions!$I:$I,Transactions!$G:$G,YearlyReport!$A77,Transactions!$B:$B,"">=""&G$11,Transactions!$B:$B,""<=""&G$12)",A77,
YearlyReport,H77,"=-SUMIFS(Transactions!$J:$J,Transactions!$G:$G,YearlyReport!$A77,Transactions!$B:$B,"">=""&H$11,Transactions!$B:$B,""<=""&H$12)+SUMIFS(Transactions!$I:$I,Transactions!$G:$G,YearlyReport!$A77,Transactions!$B:$B,"">=""&H$11,Transactions!$B:$B,""<=""&H$12)",A77,
YearlyReport,I77,"=-SUMIFS(Transactions!$J:$J,Transactions!$G:$G,YearlyReport!$A77,Transactions!$B:$B,"">=""&I$11,Transactions!$B:$B,""<=""&I$12)+SUMIFS(Transactions!$I:$I,Transactions!$G:$G,YearlyReport!$A77,Transactions!$B:$B,"">=""&I$11,Transactions!$B:$B,""<=""&I$12)",A77,
YearlyReport,J77,"=-SUMIFS(Transactions!$J:$J,Transactions!$G:$G,YearlyReport!$A77,Transactions!$B:$B,"">=""&J$11,Transactions!$B:$B,""<=""&J$12)+SUMIFS(Transactions!$I:$I,Transactions!$G:$G,YearlyReport!$A77,Transactions!$B:$B,"">=""&J$11,Transactions!$B:$B,""<=""&J$12)",A77,
YearlyReport,K77,"=-SUMIFS(Transactions!$J:$J,Transactions!$G:$G,YearlyReport!$A77,Transactions!$B:$B,"">=""&K$11,Transactions!$B:$B,""<=""&K$12)+SUMIFS(Transactions!$I:$I,Transactions!$G:$G,YearlyReport!$A77,Transactions!$B:$B,"">=""&K$11,Transactions!$B:$B,""<=""&K$12)",A77,
YearlyReport,L77,"=-SUMIFS(Transactions!$J:$J,Transactions!$G:$G,YearlyReport!$A77,Transactions!$B:$B,"">=""&L$11,Transactions!$B:$B,""<=""&L$12)+SUMIFS(Transactions!$I:$I,Transactions!$G:$G,YearlyReport!$A77,Transactions!$B:$B,"">=""&L$11,Transactions!$B:$B,""<=""&L$12)",A77,
YearlyReport,M77,"=-SUMIFS(Transactions!$J:$J,Transactions!$G:$G,YearlyReport!$A77,Transactions!$B:$B,"">=""&M$11,Transactions!$B:$B,""<=""&M$12)+SUMIFS(Transactions!$I:$I,Transactions!$G:$G,YearlyReport!$A77,Transactions!$B:$B,"">=""&M$11,Transactions!$B:$B,""<=""&M$12)",A77,
YearlyReport,N77,"=-SUMIFS(Transactions!$J:$J,Transactions!$G:$G,YearlyReport!$A77,Transactions!$B:$B,"">=""&N$11,Transactions!$B:$B,""<=""&N$12)+SUMIFS(Transactions!$I:$I,Transactions!$G:$G,YearlyReport!$A77,Transactions!$B:$B,"">=""&N$11,Transactions!$B:$B,""<=""&N$12)",A77,"YearlyReport!O77,YearlyReport!P77"
YearlyReport,O77,=SUM(C77:N77),"C77,N77",YearlyReport!P77
YearlyReport,P77,=O77/COLUMNS(C77:N77),"O77,C77,N77",
YearlyReport,A78,Other_2,,"YearlyReport!C78,YearlyReport!D78,YearlyReport!E78,YearlyReport!F78,YearlyReport!G78,YearlyReport!H78,YearlyReport!I78,YearlyReport!J78,YearlyReport!K78,YearlyReport!L78,YearlyReport!M78,YearlyReport!N78"
YearlyReport,B78,,,
YearlyReport,C78,"=-SUMIFS(Transactions!$J:$J,Transactions!$G:$G,YearlyReport!$A78,Transactions!$B:$B,"">=""&C$11,Transactions!$B:$B,""<=""&C$12)+SUMIFS(Transactions!$I:$I,Transactions!$G:$G,YearlyReport!$A78,Transactions!$B:$B,"">=""&C$11,Transactions!$B:$B,""<=""&C$12)",A78,"YearlyReport!O78,YearlyReport!P78"
YearlyReport,D78,"=-SUMIFS(Transactions!$J:$J,Transactions!$G:$G,YearlyReport!$A78,Transactions!$B:$B,"">=""&D$11,Transactions!$B:$B,""<=""&D$12)+SUMIFS(Transactions!$I:$I,Transactions!$G:$G,YearlyReport!$A78,Transactions!$B:$B,"">=""&D$11,Transactions!$B:$B,""<=""&D$12)",A78,
YearlyReport,E78,"=-SUMIFS(Transactions!$J:$J,Transactions!$G:$G,YearlyReport!$A78,Transactions!$B:$B,"">=""&E$11,Transactions!$B:$B,""<=""&E$12)+SUMIFS(Transactions!$I:$I,Transactions!$G:$G,YearlyReport!$A78,Transactions!$B:$B,"">=""&E$11,Transactions!$B:$B,""<=""&E$12)",A78,
YearlyReport,F78,"=-SUMIFS(Transactions!$J:$J,Transactions!$G:$G,YearlyReport!$A78,Transactions!$B:$B,"">=""&F$11,Transactions!$B:$B,""<=""&F$12)+SUMIFS(Transactions!$I:$I,Transactions!$G:$G,YearlyReport!$A78,Transactions!$B:$B,"">=""&F$11,Transactions!$B:$B,""<=""&F$12)",A78,
YearlyReport,G78,"=-SUMIFS(Transactions!$J:$J,Transactions!$G:$G,YearlyReport!$A78,Transactions!$B:$B,"">=""&G$11,Transactions!$B:$B,""<=""&G$12)+SUMIFS(Transactions!$I:$I,Transactions!$G:$G,YearlyReport!$A78,Transactions!$B:$B,"">=""&G$11,Transactions!$B:$B,""<=""&G$12)",A78,
YearlyReport,H78,"=-SUMIFS(Transactions!$J:$J,Transactions!$G:$G,YearlyReport!$A78,Transactions!$B:$B,"">=""&H$11,Transactions!$B:$B,""<=""&H$12)+SUMIFS(Transactions!$I:$I,Transactions!$G:$G,YearlyReport!$A78,Transactions!$B:$B,"">=""&H$11,Transactions!$B:$B,""<=""&H$12)",A78,
YearlyReport,I78,"=-SUMIFS(Transactions!$J:$J,Transactions!$G:$G,YearlyReport!$A78,Transactions!$B:$B,"">=""&I$11,Transactions!$B:$B,""<=""&I$12)+SUMIFS(Transactions!$I:$I,Transactions!$G:$G,YearlyReport!$A78,Transactions!$B:$B,"">=""&I$11,Transactions!$B:$B,""<=""&I$12)",A78,
YearlyReport,J78,"=-SUMIFS(Transactions!$J:$J,Transactions!$G:$G,YearlyReport!$A78,Transactions!$B:$B,"">=""&J$11,Transactions!$B:$B,""<=""&J$12)+SUMIFS(Transactions!$I:$I,Transactions!$G:$G,YearlyReport!$A78,Transactions!$B:$B,"">=""&J$11,Transactions!$B:$B,""<=""&J$12)",A78,
YearlyReport,K78,"=-SUMIFS(Transactions!$J:$J,Transactions!$G:$G,YearlyReport!$A78,Transactions!$B:$B,"">=""&K$11,Transactions!$B:$B,""<=""&K$12)+SUMIFS(Transactions!$I:$I,Transactions!$G:$G,YearlyReport!$A78,Transactions!$B:$B,"">=""&K$11,Transactions!$B:$B,""<=""&K$12)",A78,
YearlyReport,L78,"=-SUMIFS(Transactions!$J:$J,Transactions!$G:$G,YearlyReport!$A78,Transactions!$B:$B,"">=""&L$11,Transactions!$B:$B,""<=""&L$12)+SUMIFS(Transactions!$I:$I,Transactions!$G:$G,YearlyReport!$A78,Transactions!$B:$B,"">=""&L$11,Transactions!$B:$B,""<=""&L$12)",A78,
YearlyReport,M78,"=-SUMIFS(Transactions!$J:$J,Transactions!$G:$G,YearlyReport!$A78,Transactions!$B:$B,"">=""&M$11,Transactions!$B:$B,""<=""&M$12)+SUMIFS(Transactions!$I:$I,Transactions!$G:$G,YearlyReport!$A78,Transactions!$B:$B,"">=""&M$11,Transactions!$B:$B,""<=""&M$12)",A78,
YearlyReport,N78,"=-SUMIFS(Transactions!$J:$J,Transactions!$G:$G,YearlyReport!$A78,Transactions!$B:$B,"">=""&N$11,Transactions!$B:$B,""<=""&N$12)+SUMIFS(Transactions!$I:$I,Transactions!$G:$G,YearlyReport!$A78,Transactions!$B:$B,"">=""&N$11,Transactions!$B:$B,""<=""&N$12)",A78,"YearlyReport!O78,YearlyReport!P78"
YearlyReport,O78,=SUM(C78:N78),"C78,N78",YearlyReport!P78
YearlyReport,P78,=O78/COLUMNS(C78:N78),"O78,C78,N78",
YearlyReport,A79,Other_3,,"YearlyReport!C79,YearlyReport!D79,YearlyReport!E79,YearlyReport!F79,YearlyReport!G79,YearlyReport!H79,YearlyReport!I79,YearlyReport!J79,YearlyReport!K79,YearlyReport!L79,YearlyReport!M79,YearlyReport!N79"
YearlyReport,B79,,,
YearlyReport,C79,"=-SUMIFS(Transactions!$J:$J,Transactions!$G:$G,YearlyReport!$A79,Transactions!$B:$B,"">=""&C$11,Transactions!$B:$B,""<=""&C$12)+SUMIFS(Transactions!$I:$I,Transactions!$G:$G,YearlyReport!$A79,Transactions!$B:$B,"">=""&C$11,Transactions!$B:$B,""<=""&C$12)",A79,"YearlyReport!O79,YearlyReport!P79"
YearlyReport,D79,"=-SUMIFS(Transactions!$J:$J,Transactions!$G:$G,YearlyReport!$A79,Transactions!$B:$B,"">=""&D$11,Transactions!$B:$B,""<=""&D$12)+SUMIFS(Transactions!$I:$I,Transactions!$G:$G,YearlyReport!$A79,Transactions!$B:$B,"">=""&D$11,Transactions!$B:$B,""<=""&D$12)",A79,
YearlyReport,E79,"=-SUMIFS(Transactions!$J:$J,Transactions!$G:$G,YearlyReport!$A79,Transactions!$B:$B,"">=""&E$11,Transactions!$B:$B,""<=""&E$12)+SUMIFS(Transactions!$I:$I,Transactions!$G:$G,YearlyReport!$A79,Transactions!$B:$B,"">=""&E$11,Transactions!$B:$B,""<=""&E$12)",A79,
YearlyReport,F79,"=-SUMIFS(Transactions!$J:$J,Transactions!$G:$G,YearlyReport!$A79,Transactions!$B:$B,"">=""&F$11,Transactions!$B:$B,""<=""&F$12)+SUMIFS(Transactions!$I:$I,Transactions!$G:$G,YearlyReport!$A79,Transactions!$B:$B,"">=""&F$11,Transactions!$B:$B,""<=""&F$12)",A79,
YearlyReport,G79,"=-SUMIFS(Transactions!$J:$J,Transactions!$G:$G,YearlyReport!$A79,Transactions!$B:$B,"">=""&G$11,Transactions!$B:$B,""<=""&G$12)+SUMIFS(Transactions!$I:$I,Transactions!$G:$G,YearlyReport!$A79,Transactions!$B:$B,"">=""&G$11,Transactions!$B:$B,""<=""&G$12)",A79,
YearlyReport,H79,"=-SUMIFS(Transactions!$J:$J,Transactions!$G:$G,YearlyReport!$A79,Transactions!$B:$B,"">=""&H$11,Transactions!$B:$B,""<=""&H$12)+SUMIFS(Transactions!$I:$I,Transactions!$G:$G,YearlyReport!$A79,Transactions!$B:$B,"">=""&H$11,Transactions!$B:$B,""<=""&H$12)",A79,
YearlyReport,I79,"=-SUMIFS(Transactions!$J:$J,Transactions!$G:$G,YearlyReport!$A79,Transactions!$B:$B,"">=""&I$11,Transactions!$B:$B,""<=""&I$12)+SUMIFS(Transactions!$I:$I,Transactions!$G:$G,YearlyReport!$A79,Transactions!$B:$B,"">=""&I$11,Transactions!$B:$B,""<=""&I$12)",A79,
YearlyReport,J79,"=-SUMIFS(Transactions!$J:$J,Transactions!$G:$G,YearlyReport!$A79,Transactions!$B:$B,"">=""&J$11,Transactions!$B:$B,""<=""&J$12)+SUMIFS(Transactions!$I:$I,Transactions!$G:$G,YearlyReport!$A79,Transactions!$B:$B,"">=""&J$11,Transactions!$B:$B,""<=""&J$12)",A79,
YearlyReport,K79,"=-SUMIFS(Transactions!$J:$J,Transactions!$G:$G,YearlyReport!$A79,Transactions!$B:$B,"">=""&K$11,Transactions!$B:$B,""<=""&K$12)+SUMIFS(Transactions!$I:$I,Transactions!$G:$G,YearlyReport!$A79,Transactions!$B:$B,"">=""&K$11,Transactions!$B:$B,""<=""&K$12)",A79,
YearlyReport,L79,"=-SUMIFS(Transactions!$J:$J,Transactions!$G:$G,YearlyReport!$A79,Transactions!$B:$B,"">=""&L$11,Transactions!$B:$B,""<=""&L$12)+SUMIFS(Transactions!$I:$I,Transactions!$G:$G,YearlyReport!$A79,Transactions!$B:$B,"">=""&L$11,Transactions!$B:$B,""<=""&L$12)",A79,
YearlyReport,M79,"=-SUMIFS(Transactions!$J:$J,Transactions!$G:$G,YearlyReport!$A79,Transactions!$B:$B,"">=""&M$11,Transactions!$B:$B,""<=""&M$12)+SUMIFS(Transactions!$I:$I,Transactions!$G:$G,YearlyReport!$A79,Transactions!$B:$B,"">=""&M$11,Transactions!$B:$B,""<=""&M$12)",A79,
YearlyReport,N79,"=-SUMIFS(Transactions!$J:$J,Transactions!$G:$G,YearlyReport!$A79,Transactions!$B:$B,"">=""&N$11,Transactions!$B:$B,""<=""&N$12)+SUMIFS(Transactions!$I:$I,Transactions!$G:$G,YearlyReport!$A79,Transactions!$B:$B,"">=""&N$11,Transactions!$B:$B,""<=""&N$12)",A79,"YearlyReport!O79,YearlyReport!P79"
YearlyReport,O79,=SUM(C79:N79),"C79,N79",YearlyReport!P79
YearlyReport,P79,=O79/COLUMNS(C79:N79),"O79,C79,N79",
YearlyReport,A80,Other_4,,"YearlyReport!C80,YearlyReport!D80,YearlyReport!E80,YearlyReport!F80,YearlyReport!G80,YearlyReport!H80,YearlyReport!I80,YearlyReport!J80,YearlyReport!K80,YearlyReport!L80,YearlyReport!M80,YearlyReport!N80"
YearlyReport,B80,,,
YearlyReport,C80,"=-SUMIFS(Transactions!$J:$J,Transactions!$G:$G,YearlyReport!$A80,Transactions!$B:$B,"">=""&C$11,Transactions!$B:$B,""<=""&C$12)+SUMIFS(Transactions!$I:$I,Transactions!$G:$G,YearlyReport!$A80,Transactions!$B:$B,"">=""&C$11,Transactions!$B:$B,""<=""&C$12)",A80,"YearlyReport!O80,YearlyReport!P80"
YearlyReport,D80,"=-SUMIFS(Transactions!$J:$J,Transactions!$G:$G,YearlyReport!$A80,Transactions!$B:$B,"">=""&D$11,Transactions!$B:$B,""<=""&D$12)+SUMIFS(Transactions!$I:$I,Transactions!$G:$G,YearlyReport!$A80,Transactions!$B:$B,"">=""&D$11,Transactions!$B:$B,""<=""&D$12)",A80,
YearlyReport,E80,"=-SUMIFS(Transactions!$J:$J,Transactions!$G:$G,YearlyReport!$A80,Transactions!$B:$B,"">=""&E$11,Transactions!$B:$B,""<=""&E$12)+SUMIFS(Transactions!$I:$I,Transactions!$G:$G,YearlyReport!$A80,Transactions!$B:$B,"">=""&E$11,Transactions!$B:$B,""<=""&E$12)",A80,
YearlyReport,F80,"=-SUMIFS(Transactions!$J:$J,Transactions!$G:$G,YearlyReport!$A80,Transactions!$B:$B,"">=""&F$11,Transactions!$B:$B,""<=""&F$12)+SUMIFS(Transactions!$I:$I,Transactions!$G:$G,YearlyReport!$A80,Transactions!$B:$B,"">=""&F$11,Transactions!$B:$B,""<=""&F$12)",A80,
YearlyReport,G80,"=-SUMIFS(Transactions!$J:$J,Transactions!$G:$G,YearlyReport!$A80,Transactions!$B:$B,"">=""&G$11,Transactions!$B:$B,""<=""&G$12)+SUMIFS(Transactions!$I:$I,Transactions!$G:$G,YearlyReport!$A80,Transactions!$B:$B,"">=""&G$11,Transactions!$B:$B,""<=""&G$12)",A80,
YearlyReport,H80,"=-SUMIFS(Transactions!$J:$J,Transactions!$G:$G,YearlyReport!$A80,Transactions!$B:$B,"">=""&H$11,Transactions!$B:$B,""<=""&H$12)+SUMIFS(Transactions!$I:$I,Transactions!$G:$G,YearlyReport!$A80,Transactions!$B:$B,"">=""&H$11,Transactions!$B:$B,""<=""&H$12)",A80,
YearlyReport,I80,"=-SUMIFS(Transactions!$J:$J,Transactions!$G:$G,YearlyReport!$A80,Transactions!$B:$B,"">=""&I$11,Transactions!$B:$B,""<=""&I$12)+SUMIFS(Transactions!$I:$I,Transactions!$G:$G,YearlyReport!$A80,Transactions!$B:$B,"">=""&I$11,Transactions!$B:$B,""<=""&I$12)",A80,
YearlyReport,J80,"=-SUMIFS(Transactions!$J:$J,Transactions!$G:$G,YearlyReport!$A80,Transactions!$B:$B,"">=""&J$11,Transactions!$B:$B,""<=""&J$12)+SUMIFS(Transactions!$I:$I,Transactions!$G:$G,YearlyReport!$A80,Transactions!$B:$B,"">=""&J$11,Transactions!$B:$B,""<=""&J$12)",A80,
YearlyReport,K80,"=-SUMIFS(Transactions!$J:$J,Transactions!$G:$G,YearlyReport!$A80,Transactions!$B:$B,"">=""&K$11,Transactions!$B:$B,""<=""&K$12)+SUMIFS(Transactions!$I:$I,Transactions!$G:$G,YearlyReport!$A80,Transactions!$B:$B,"">=""&K$11,Transactions!$B:$B,""<=""&K$12)",A80,
YearlyReport,L80,"=-SUMIFS(Transactions!$J:$J,Transactions!$G:$G,YearlyReport!$A80,Transactions!$B:$B,"">=""&L$11,Transactions!$B:$B,""<=""&L$12)+SUMIFS(Transactions!$I:$I,Transactions!$G:$G,YearlyReport!$A80,Transactions!$B:$B,"">=""&L$11,Transactions!$B:$B,""<=""&L$12)",A80,
YearlyReport,M80,"=-SUMIFS(Transactions!$J:$J,Transactions!$G:$G,YearlyReport!$A80,Transactions!$B:$B,"">=""&M$11,Transactions!$B:$B,""<=""&M$12)+SUMIFS(Transactions!$I:$I,Transactions!$G:$G,YearlyReport!$A80,Transactions!$B:$B,"">=""&M$11,Transactions!$B:$B,""<=""&M$12)",A80,
YearlyReport,N80,"=-SUMIFS(Transactions!$J:$J,Transactions!$G:$G,YearlyReport!$A80,Transactions!$B:$B,"">=""&N$11,Transactions!$B:$B,""<=""&N$12)+SUMIFS(Transactions!$I:$I,Transactions!$G:$G,YearlyReport!$A80,Transactions!$B:$B,"">=""&N$11,Transactions!$B:$B,""<=""&N$12)",A80,"YearlyReport!O80,YearlyReport!P80"
YearlyReport,O80,=SUM(C80:N80),"C80,N80",YearlyReport!P80
YearlyReport,P80,=O80/COLUMNS(C80:N80),"O80,C80,N80",
YearlyReport,A81,Other_5,,"YearlyReport!C81,YearlyReport!D81,YearlyReport!E81,YearlyReport!F81,YearlyReport!G81,YearlyReport!H81,YearlyReport!I81,YearlyReport!J81,YearlyReport!K81,YearlyReport!L81,YearlyReport!M81,YearlyReport!N81"
YearlyReport,B81,,,
YearlyReport,C81,"=-SUMIFS(Transactions!$J:$J,Transactions!$G:$G,YearlyReport!$A81,Transactions!$B:$B,"">=""&C$11,Transactions!$B:$B,""<=""&C$12)+SUMIFS(Transactions!$I:$I,Transactions!$G:$G,YearlyReport!$A81,Transactions!$B:$B,"">=""&C$11,Transactions!$B:$B,""<=""&C$12)",A81,"YearlyReport!O81,YearlyReport!P81"
YearlyReport,D81,"=-SUMIFS(Transactions!$J:$J,Transactions!$G:$G,YearlyReport!$A81,Transactions!$B:$B,"">=""&D$11,Transactions!$B:$B,""<=""&D$12)+SUMIFS(Transactions!$I:$I,Transactions!$G:$G,YearlyReport!$A81,Transactions!$B:$B,"">=""&D$11,Transactions!$B:$B,""<=""&D$12)",A81,
YearlyReport,E81,"=-SUMIFS(Transactions!$J:$J,Transactions!$G:$G,YearlyReport!$A81,Transactions!$B:$B,"">=""&E$11,Transactions!$B:$B,""<=""&E$12)+SUMIFS(Transactions!$I:$I,Transactions!$G:$G,YearlyReport!$A81,Transactions!$B:$B,"">=""&E$11,Transactions!$B:$B,""<=""&E$12)",A81,
YearlyReport,F81,"=-SUMIFS(Transactions!$J:$J,Transactions!$G:$G,YearlyReport!$A81,Transactions!$B:$B,"">=""&F$11,Transactions!$B:$B,""<=""&F$12)+SUMIFS(Transactions!$I:$I,Transactions!$G:$G,YearlyReport!$A81,Transactions!$B:$B,"">=""&F$11,Transactions!$B:$B,""<=""&F$12)",A81,
YearlyReport,G81,"=-SUMIFS(Transactions!$J:$J,Transactions!$G:$G,YearlyReport!$A81,Transactions!$B:$B,"">=""&G$11,Transactions!$B:$B,""<=""&G$12)+SUMIFS(Transactions!$I:$I,Transactions!$G:$G,YearlyReport!$A81,Transactions!$B:$B,"">=""&G$11,Transactions!$B:$B,""<=""&G$12)",A81,
YearlyReport,H81,"=-SUMIFS(Transactions!$J:$J,Transactions!$G:$G,YearlyReport!$A81,Transactions!$B:$B,"">=""&H$11,Transactions!$B:$B,""<=""&H$12)+SUMIFS(Transactions!$I:$I,Transactions!$G:$G,YearlyReport!$A81,Transactions!$B:$B,"">=""&H$11,Transactions!$B:$B,""<=""&H$12)",A81,
YearlyReport,I81,"=-SUMIFS(Transactions!$J:$J,Transactions!$G:$G,YearlyReport!$A81,Transactions!$B:$B,"">=""&I$11,Transactions!$B:$B,""<=""&I$12)+SUMIFS(Transactions!$I:$I,Transactions!$G:$G,YearlyReport!$A81,Transactions!$B:$B,"">=""&I$11,Transactions!$B:$B,""<=""&I$12)",A81,
YearlyReport,J81,"=-SUMIFS(Transactions!$J:$J,Transactions!$G:$G,YearlyReport!$A81,Transactions!$B:$B,"">=""&J$11,Transactions!$B:$B,""<=""&J$12)+SUMIFS(Transactions!$I:$I,Transactions!$G:$G,YearlyReport!$A81,Transactions!$B:$B,"">=""&J$11,Transactions!$B:$B,""<=""&J$12)",A81,
YearlyReport,K81,"=-SUMIFS(Transactions!$J:$J,Transactions!$G:$G,YearlyReport!$A81,Transactions!$B:$B,"">=""&K$11,Transactions!$B:$B,""<=""&K$12)+SUMIFS(Transactions!$I:$I,Transactions!$G:$G,YearlyReport!$A81,Transactions!$B:$B,"">=""&K$11,Transactions!$B:$B,""<=""&K$12)",A81,
YearlyReport,L81,"=-SUMIFS(Transactions!$J:$J,Transactions!$G:$G,YearlyReport!$A81,Transactions!$B:$B,"">=""&L$11,Transactions!$B:$B,""<=""&L$12)+SUMIFS(Transactions!$I:$I,Transactions!$G:$G,YearlyReport!$A81,Transactions!$B:$B,"">=""&L$11,Transactions!$B:$B,""<=""&L$12)",A81,
YearlyReport,M81,"=-SUMIFS(Transactions!$J:$J,Transactions!$G:$G,YearlyReport!$A81,Transactions!$B:$B,"">=""&M$11,Transactions!$B:$B,""<=""&M$12)+SUMIFS(Transactions!$I:$I,Transactions!$G:$G,YearlyReport!$A81,Transactions!$B:$B,"">=""&M$11,Transactions!$B:$B,""<=""&M$12)",A81,
YearlyReport,N81,"=-SUMIFS(Transactions!$J:$J,Transactions!$G:$G,YearlyReport!$A81,Transactions!$B:$B,"">=""&N$11,Transactions!$B:$B,""<=""&N$12)+SUMIFS(Transactions!$I:$I,Transactions!$G:$G,YearlyReport!$A81,Transactions!$B:$B,"">=""&N$11,Transactions!$B:$B,""<=""&N$12)",A81,"YearlyReport!O81,YearlyReport!P81"
YearlyReport,O81,=SUM(C81:N81),"C81,N81",YearlyReport!P81
YearlyReport,P81,=O81/COLUMNS(C81:N81),"O81,C81,N81",
YearlyReport,A82,Personal Supplies,,"YearlyReport!C82,YearlyReport!D82,YearlyReport!E82,YearlyReport!F82,YearlyReport!G82,YearlyReport!H82,YearlyReport!I82,YearlyReport!J82,YearlyReport!K82,YearlyReport!L82,YearlyReport!M82,YearlyReport!N82"
YearlyReport,B82,,,
YearlyReport,C82,"=-SUMIFS(Transactions!$J:$J,Transactions!$G:$G,YearlyReport!$A82,Transactions!$B:$B,"">=""&C$11,Transactions!$B:$B,""<=""&C$12)+SUMIFS(Transactions!$I:$I,Transactions!$G:$G,YearlyReport!$A82,Transactions!$B:$B,"">=""&C$11,Transactions!$B:$B,""<=""&C$12)",A82,"YearlyReport!O82,YearlyReport!P82"
YearlyReport,D82,"=-SUMIFS(Transactions!$J:$J,Transactions!$G:$G,YearlyReport!$A82,Transactions!$B:$B,"">=""&D$11,Transactions!$B:$B,""<=""&D$12)+SUMIFS(Transactions!$I:$I,Transactions!$G:$G,YearlyReport!$A82,Transactions!$B:$B,"">=""&D$11,Transactions!$B:$B,""<=""&D$12)",A82,
YearlyReport,E82,"=-SUMIFS(Transactions!$J:$J,Transactions!$G:$G,YearlyReport!$A82,Transactions!$B:$B,"">=""&E$11,Transactions!$B:$B,""<=""&E$12)+SUMIFS(Transactions!$I:$I,Transactions!$G:$G,YearlyReport!$A82,Transactions!$B:$B,"">=""&E$11,Transactions!$B:$B,""<=""&E$12)",A82,
YearlyReport,F82,"=-SUMIFS(Transactions!$J:$J,Transactions!$G:$G,YearlyReport!$A82,Transactions!$B:$B,"">=""&F$11,Transactions!$B:$B,""<=""&F$12)+SUMIFS(Transactions!$I:$I,Transactions!$G:$G,YearlyReport!$A82,Transactions!$B:$B,"">=""&F$11,Transactions!$B:$B,""<=""&F$12)",A82,
YearlyReport,G82,"=-SUMIFS(Transactions!$J:$J,Transactions!$G:$G,YearlyReport!$A82,Transactions!$B:$B,"">=""&G$11,Transactions!$B:$B,""<=""&G$12)+SUMIFS(Transactions!$I:$I,Transactions!$G:$G,YearlyReport!$A82,Transactions!$B:$B,"">=""&G$11,Transactions!$B:$B,""<=""&G$12)",A82,
YearlyReport,H82,"=-SUMIFS(Transactions!$J:$J,Transactions!$G:$G,YearlyReport!$A82,Transactions!$B:$B,"">=""&H$11,Transactions!$B:$B,""<=""&H$12)+SUMIFS(Transactions!$I:$I,Transactions!$G:$G,YearlyReport!$A82,Transactions!$B:$B,"">=""&H$11,Transactions!$B:$B,""<=""&H$12)",A82,
YearlyReport,I82,"=-SUMIFS(Transactions!$J:$J,Transactions!$G:$G,YearlyReport!$A82,Transactions!$B:$B,"">=""&I$11,Transactions!$B:$B,""<=""&I$12)+SUMIFS(Transactions!$I:$I,Transactions!$G:$G,YearlyReport!$A82,Transactions!$B:$B,"">=""&I$11,Transactions!$B:$B,""<=""&I$12)",A82,
YearlyReport,J82,"=-SUMIFS(Transactions!$J:$J,Transactions!$G:$G,YearlyReport!$A82,Transactions!$B:$B,"">=""&J$11,Transactions!$B:$B,""<=""&J$12)+SUMIFS(Transactions!$I:$I,Transactions!$G:$G,YearlyReport!$A82,Transactions!$B:$B,"">=""&J$11,Transactions!$B:$B,""<=""&J$12)",A82,
YearlyReport,K82,"=-SUMIFS(Transactions!$J:$J,Transactions!$G:$G,YearlyReport!$A82,Transactions!$B:$B,"">=""&K$11,Transactions!$B:$B,""<=""&K$12)+SUMIFS(Transactions!$I:$I,Transactions!$G:$G,YearlyReport!$A82,Transactions!$B:$B,"">=""&K$11,Transactions!$B:$B,""<=""&K$12)",A82,
YearlyReport,L82,"=-SUMIFS(Transactions!$J:$J,Transactions!$G:$G,YearlyReport!$A82,Transactions!$B:$B,"">=""&L$11,Transactions!$B:$B,""<=""&L$12)+SUMIFS(Transactions!$I:$I,Transactions!$G:$G,YearlyReport!$A82,Transactions!$B:$B,"">=""&L$11,Transactions!$B:$B,""<=""&L$12)",A82,
YearlyReport,M82,"=-SUMIFS(Transactions!$J:$J,Transactions!$G:$G,YearlyReport!$A82,Transactions!$B:$B,"">=""&M$11,Transactions!$B:$B,""<=""&M$12)+SUMIFS(Transactions!$I:$I,Transactions!$G:$G,YearlyReport!$A82,Transactions!$B:$B,"">=""&M$11,Transactions!$B:$B,""<=""&M$12)",A82,
YearlyReport,N82,"=-SUMIFS(Transactions!$J:$J,Transactions!$G:$G,YearlyReport!$A82,Transactions!$B:$B,"">=""&N$11,Transactions!$B:$B,""<=""&N$12)+SUMIFS(Transactions!$I:$I,Transactions!$G:$G,YearlyReport!$A82,Transactions!$B:$B,"">=""&N$11,Transactions!$B:$B,""<=""&N$12)",A82,"YearlyReport!O82,YearlyReport!P82"
YearlyReport,O82,=SUM(C82:N82),"C82,N82",YearlyReport!P82
YearlyReport,P82,=O82/COLUMNS(C82:N82),"O82,C82,N82",
YearlyReport,A83,Retirement Fund,,"YearlyReport!C83,YearlyReport!D83,YearlyReport!E83,YearlyReport!F83,YearlyReport!G83,YearlyReport!H83,YearlyReport!I83,YearlyReport!J83,YearlyReport!K83,YearlyReport!L83,YearlyReport!M83,YearlyReport!N83"
YearlyReport,B83,,,
YearlyReport,C83,"=-SUMIFS(Transactions!$J:$J,Transactions!$G:$G,YearlyReport!$A83,Transactions!$B:$B,"">=""&C$11,Transactions!$B:$B,""<=""&C$12)+SUMIFS(Transactions!$I:$I,Transactions!$G:$G,YearlyReport!$A83,Transactions!$B:$B,"">=""&C$11,Transactions!$B:$B,""<=""&C$12)",A83,"YearlyReport!O83,YearlyReport!P83"
YearlyReport,D83,"=-SUMIFS(Transactions!$J:$J,Transactions!$G:$G,YearlyReport!$A83,Transactions!$B:$B,"">=""&D$11,Transactions!$B:$B,""<=""&D$12)+SUMIFS(Transactions!$I:$I,Transactions!$G:$G,YearlyReport!$A83,Transactions!$B:$B,"">=""&D$11,Transactions!$B:$B,""<=""&D$12)",A83,
YearlyReport,E83,"=-SUMIFS(Transactions!$J:$J,Transactions!$G:$G,YearlyReport!$A83,Transactions!$B:$B,"">=""&E$11,Transactions!$B:$B,""<=""&E$12)+SUMIFS(Transactions!$I:$I,Transactions!$G:$G,YearlyReport!$A83,Transactions!$B:$B,"">=""&E$11,Transactions!$B:$B,""<=""&E$12)",A83,
YearlyReport,F83,"=-SUMIFS(Transactions!$J:$J,Transactions!$G:$G,YearlyReport!$A83,Transactions!$B:$B,"">=""&F$11,Transactions!$B:$B,""<=""&F$12)+SUMIFS(Transactions!$I:$I,Transactions!$G:$G,YearlyReport!$A83,Transactions!$B:$B,"">=""&F$11,Transactions!$B:$B,""<=""&F$12)",A83,
YearlyReport,G83,"=-SUMIFS(Transactions!$J:$J,Transactions!$G:$G,YearlyReport!$A83,Transactions!$B:$B,"">=""&G$11,Transactions!$B:$B,""<=""&G$12)+SUMIFS(Transactions!$I:$I,Transactions!$G:$G,YearlyReport!$A83,Transactions!$B:$B,"">=""&G$11,Transactions!$B:$B,""<=""&G$12)",A83,
YearlyReport,H83,"=-SUMIFS(Transactions!$J:$J,Transactions!$G:$G,YearlyReport!$A83,Transactions!$B:$B,"">=""&H$11,Transactions!$B:$B,""<=""&H$12)+SUMIFS(Transactions!$I:$I,Transactions!$G:$G,YearlyReport!$A83,Transactions!$B:$B,"">=""&H$11,Transactions!$B:$B,""<=""&H$12)",A83,
YearlyReport,I83,"=-SUMIFS(Transactions!$J:$J,Transactions!$G:$G,YearlyReport!$A83,Transactions!$B:$B,"">=""&I$11,Transactions!$B:$B,""<=""&I$12)+SUMIFS(Transactions!$I:$I,Transactions!$G:$G,YearlyReport!$A83,Transactions!$B:$B,"">=""&I$11,Transactions!$B:$B,""<=""&I$12)",A83,
YearlyReport,J83,"=-SUMIFS(Transactions!$J:$J,Transactions!$G:$G,YearlyReport!$A83,Transactions!$B:$B,"">=""&J$11,Transactions!$B:$B,""<=""&J$12)+SUMIFS(Transactions!$I:$I,Transactions!$G:$G,YearlyReport!$A83,Transactions!$B:$B,"">=""&J$11,Transactions!$B:$B,""<=""&J$12)",A83,
YearlyReport,K83,"=-SUMIFS(Transactions!$J:$J,Transactions!$G:$G,YearlyReport!$A83,Transactions!$B:$B,"">=""&K$11,Transactions!$B:$B,""<=""&K$12)+SUMIFS(Transactions!$I:$I,Transactions!$G:$G,YearlyReport!$A83,Transactions!$B:$B,"">=""&K$11,Transactions!$B:$B,""<=""&K$12)",A83,
YearlyReport,L83,"=-SUMIFS(Transactions!$J:$J,Transactions!$G:$G,YearlyReport!$A83,Transactions!$B:$B,"">=""&L$11,Transactions!$B:$B,""<=""&L$12)+SUMIFS(Transactions!$I:$I,Transactions!$G:$G,YearlyReport!$A83,Transactions!$B:$B,"">=""&L$11,Transactions!$B:$B,""<=""&L$12)",A83,
YearlyReport,M83,"=-SUMIFS(Transactions!$J:$J,Transactions!$G:$G,YearlyReport!$A83,Transactions!$B:$B,"">=""&M$11,Transactions!$B:$B,""<=""&M$12)+SUMIFS(Transactions!$I:$I,Transactions!$G:$G,YearlyReport!$A83,Transactions!$B:$B,"">=""&M$11,Transactions!$B:$B,""<=""&M$12)",A83,
YearlyReport,N83,"=-SUMIFS(Transactions!$J:$J,Transactions!$G:$G,YearlyReport!$A83,Transactions!$B:$B,"">=""&N$11,Transactions!$B:$B,""<=""&N$12)+SUMIFS(Transactions!$I:$I,Transactions!$G:$G,YearlyReport!$A83,Transactions!$B:$B,"">=""&N$11,Transactions!$B:$B,""<=""&N$12)",A83,"YearlyReport!O83,YearlyReport!P83"
YearlyReport,O83,=SUM(C83:N83),"C83,N83",YearlyReport!P83
YearlyReport,P83,=O83/COLUMNS(C83:N83),"O83,C83,N83",
YearlyReport,A84,Subscriptions/Dues,,"YearlyReport!C84,YearlyReport!D84,YearlyReport!E84,YearlyReport!F84,YearlyReport!G84,YearlyReport!H84,YearlyReport!I84,YearlyReport!J84,YearlyReport!K84,YearlyReport!L84,YearlyReport!M84,YearlyReport!N84"
YearlyReport,B84,,,
YearlyReport,C84,"=-SUMIFS(Transactions!$J:$J,Transactions!$G:$G,YearlyReport!$A84,Transactions!$B:$B,"">=""&C$11,Transactions!$B:$B,""<=""&C$12)+SUMIFS(Transactions!$I:$I,Transactions!$G:$G,YearlyReport!$A84,Transactions!$B:$B,"">=""&C$11,Transactions!$B:$B,""<=""&C$12)",A84,"YearlyReport!O84,YearlyReport!P84"
YearlyReport,D84,"=-SUMIFS(Transactions!$J:$J,Transactions!$G:$G,YearlyReport!$A84,Transactions!$B:$B,"">=""&D$11,Transactions!$B:$B,""<=""&D$12)+SUMIFS(Transactions!$I:$I,Transactions!$G:$G,YearlyReport!$A84,Transactions!$B:$B,"">=""&D$11,Transactions!$B:$B,""<=""&D$12)",A84,
YearlyReport,E84,"=-SUMIFS(Transactions!$J:$J,Transactions!$G:$G,YearlyReport!$A84,Transactions!$B:$B,"">=""&E$11,Transactions!$B:$B,""<=""&E$12)+SUMIFS(Transactions!$I:$I,Transactions!$G:$G,YearlyReport!$A84,Transactions!$B:$B,"">=""&E$11,Transactions!$B:$B,""<=""&E$12)",A84,
YearlyReport,F84,"=-SUMIFS(Transactions!$J:$J,Transactions!$G:$G,YearlyReport!$A84,Transactions!$B:$B,"">=""&F$11,Transactions!$B:$B,""<=""&F$12)+SUMIFS(Transactions!$I:$I,Transactions!$G:$G,YearlyReport!$A84,Transactions!$B:$B,"">=""&F$11,Transactions!$B:$B,""<=""&F$12)",A84,
YearlyReport,G84,"=-SUMIFS(Transactions!$J:$J,Transactions!$G:$G,YearlyReport!$A84,Transactions!$B:$B,"">=""&G$11,Transactions!$B:$B,""<=""&G$12)+SUMIFS(Transactions!$I:$I,Transactions!$G:$G,YearlyReport!$A84,Transactions!$B:$B,"">=""&G$11,Transactions!$B:$B,""<=""&G$12)",A84,
YearlyReport,H84,"=-SUMIFS(Transactions!$J:$J,Transactions!$G:$G,YearlyReport!$A84,Transactions!$B:$B,"">=""&H$11,Transactions!$B:$B,""<=""&H$12)+SUMIFS(Transactions!$I:$I,Transactions!$G:$G,YearlyReport!$A84,Transactions!$B:$B,"">=""&H$11,Transactions!$B:$B,""<=""&H$12)",A84,
YearlyReport,I84,"=-SUMIFS(Transactions!$J:$J,Transactions!$G:$G,YearlyReport!$A84,Transactions!$B:$B,"">=""&I$11,Transactions!$B:$B,""<=""&I$12)+SUMIFS(Transactions!$I:$I,Transactions!$G:$G,YearlyReport!$A84,Transactions!$B:$B,"">=""&I$11,Transactions!$B:$B,""<=""&I$12)",A84,
YearlyReport,J84,"=-SUMIFS(Transactions!$J:$J,Transactions!$G:$G,YearlyReport!$A84,Transactions!$B:$B,"">=""&J$11,Transactions!$B:$B,""<=""&J$12)+SUMIFS(Transactions!$I:$I,Transactions!$G:$G,YearlyReport!$A84,Transactions!$B:$B,"">=""&J$11,Transactions!$B:$B,""<=""&J$12)",A84,
YearlyReport,K84,"=-SUMIFS(Transactions!$J:$J,Transactions!$G:$G,YearlyReport!$A84,Transactions!$B:$B,"">=""&K$11,Transactions!$B:$B,""<=""&K$12)+SUMIFS(Transactions!$I:$I,Transactions!$G:$G,YearlyReport!$A84,Transactions!$B:$B,"">=""&K$11,Transactions!$B:$B,""<=""&K$12)",A84,
YearlyReport,L84,"=-SUMIFS(Transactions!$J:$J,Transactions!$G:$G,YearlyReport!$A84,Transactions!$B:$B,"">=""&L$11,Transactions!$B:$B,""<=""&L$12)+SUMIFS(Transactions!$I:$I,Transactions!$G:$G,YearlyReport!$A84,Transactions!$B:$B,"">=""&L$11,Transactions!$B:$B,""<=""&L$12)",A84,
YearlyReport,M84,"=-SUMIFS(Transactions!$J:$J,Transactions!$G:$G,YearlyReport!$A84,Transactions!$B:$B,"">=""&M$11,Transactions!$B:$B,""<=""&M$12)+SUMIFS(Transactions!$I:$I,Transactions!$G:$G,YearlyReport!$A84,Transactions!$B:$B,"">=""&M$11,Transactions!$B:$B,""<=""&M$12)",A84,
YearlyReport,N84,"=-SUMIFS(Transactions!$J:$J,Transactions!$G:$G,YearlyReport!$A84,Transactions!$B:$B,"">=""&N$11,Transactions!$B:$B,""<=""&N$12)+SUMIFS(Transactions!$I:$I,Transactions!$G:$G,YearlyReport!$A84,Transactions!$B:$B,"">=""&N$11,Transactions!$B:$B,""<=""&N$12)",A84,"YearlyReport!O84,YearlyReport!P84"
YearlyReport,O84,=SUM(C84:N84),"C84,N84",YearlyReport!P84
YearlyReport,P84,=O84/COLUMNS(C84:N84),"O84,C84,N84",
YearlyReport,A85,Taxes,,"YearlyReport!C85,YearlyReport!D85,YearlyReport!E85,YearlyReport!F85,YearlyReport!G85,YearlyReport!H85,YearlyReport!I85,YearlyReport!J85,YearlyReport!K85,YearlyReport!L85,YearlyReport!M85,YearlyReport!N85"
YearlyReport,B85,,,
YearlyReport,C85,"=-SUMIFS(Transactions!$J:$J,Transactions!$G:$G,YearlyReport!$A85,Transactions!$B:$B,"">=""&C$11,Transactions!$B:$B,""<=""&C$12)+SUMIFS(Transactions!$I:$I,Transactions!$G:$G,YearlyReport!$A85,Transactions!$B:$B,"">=""&C$11,Transactions!$B:$B,""<=""&C$12)",A85,"YearlyReport!O85,YearlyReport!P85"
YearlyReport,D85,"=-SUMIFS(Transactions!$J:$J,Transactions!$G:$G,YearlyReport!$A85,Transactions!$B:$B,"">=""&D$11,Transactions!$B:$B,""<=""&D$12)+SUMIFS(Transactions!$I:$I,Transactions!$G:$G,YearlyReport!$A85,Transactions!$B:$B,"">=""&D$11,Transactions!$B:$B,""<=""&D$12)",A85,
YearlyReport,E85,"=-SUMIFS(Transactions!$J:$J,Transactions!$G:$G,YearlyReport!$A85,Transactions!$B:$B,"">=""&E$11,Transactions!$B:$B,""<=""&E$12)+SUMIFS(Transactions!$I:$I,Transactions!$G:$G,YearlyReport!$A85,Transactions!$B:$B,"">=""&E$11,Transactions!$B:$B,""<=""&E$12)",A85,
YearlyReport,F85,"=-SUMIFS(Transactions!$J:$J,Transactions!$G:$G,YearlyReport!$A85,Transactions!$B:$B,"">=""&F$11,Transactions!$B:$B,""<=""&F$12)+SUMIFS(Transactions!$I:$I,Transactions!$G:$G,YearlyReport!$A85,Transactions!$B:$B,"">=""&F$11,Transactions!$B:$B,""<=""&F$12)",A85,
YearlyReport,G85,"=-SUMIFS(Transactions!$J:$J,Transactions!$G:$G,YearlyReport!$A85,Transactions!$B:$B,"">=""&G$11,Transactions!$B:$B,""<=""&G$12)+SUMIFS(Transactions!$I:$I,Transactions!$G:$G,YearlyReport!$A85,Transactions!$B:$B,"">=""&G$11,Transactions!$B:$B,""<=""&G$12)",A85,
YearlyReport,H85,"=-SUMIFS(Transactions!$J:$J,Transactions!$G:$G,YearlyReport!$A85,Transactions!$B:$B,"">=""&H$11,Transactions!$B:$B,""<=""&H$12)+SUMIFS(Transactions!$I:$I,Transactions!$G:$G,YearlyReport!$A85,Transactions!$B:$B,"">=""&H$11,Transactions!$B:$B,""<=""&H$12)",A85,
YearlyReport,I85,"=-SUMIFS(Transactions!$J:$J,Transactions!$G:$G,YearlyReport!$A85,Transactions!$B:$B,"">=""&I$11,Transactions!$B:$B,""<=""&I$12)+SUMIFS(Transactions!$I:$I,Transactions!$G:$G,YearlyReport!$A85,Transactions!$B:$B,"">=""&I$11,Transactions!$B:$B,""<=""&I$12)",A85,
YearlyReport,J85,"=-SUMIFS(Transactions!$J:$J,Transactions!$G:$G,YearlyReport!$A85,Transactions!$B:$B,"">=""&J$11,Transactions!$B:$B,""<=""&J$12)+SUMIFS(Transactions!$I:$I,Transactions!$G:$G,YearlyReport!$A85,Transactions!$B:$B,"">=""&J$11,Transactions!$B:$B,""<=""&J$12)",A85,
YearlyReport,K85,"=-SUMIFS(Transactions!$J:$J,Transactions!$G:$G,YearlyReport!$A85,Transactions!$B:$B,"">=""&K$11,Transactions!$B:$B,""<=""&K$12)+SUMIFS(Transactions!$I:$I,Transactions!$G:$G,YearlyReport!$A85,Transactions!$B:$B,"">=""&K$11,Transactions!$B:$B,""<=""&K$12)",A85,
YearlyReport,L85,"=-SUMIFS(Transactions!$J:$J,Transactions!$G:$G,YearlyReport!$A85,Transactions!$B:$B,"">=""&L$11,Transactions!$B:$B,""<=""&L$12)+SUMIFS(Transactions!$I:$I,Transactions!$G:$G,YearlyReport!$A85,Transactions!$B:$B,"">=""&L$11,Transactions!$B:$B,""<=""&L$12)",A85,
YearlyReport,M85,"=-SUMIFS(Transactions!$J:$J,Transactions!$G:$G,YearlyReport!$A85,Transactions!$B:$B,"">=""&M$11,Transactions!$B:$B,""<=""&M$12)+SUMIFS(Transactions!$I:$I,Transactions!$G:$G,YearlyReport!$A85,Transactions!$B:$B,"">=""&M$11,Transactions!$B:$B,""<=""&M$12)",A85,
YearlyReport,N85,"=-SUMIFS(Transactions!$J:$J,Transactions!$G:$G,YearlyReport!$A85,Transactions!$B:$B,"">=""&N$11,Transactions!$B:$B,""<=""&N$12)+SUMIFS(Transactions!$I:$I,Transactions!$G:$G,YearlyReport!$A85,Transactions!$B:$B,"">=""&N$11,Transactions!$B:$B,""<=""&N$12)",A85,"YearlyReport!O85,YearlyReport!P85"
YearlyReport,O85,=SUM(C85:N85),"C85,N85",YearlyReport!P85
YearlyReport,P85,=O85/COLUMNS(C85:N85),"O85,C85,N85",
YearlyReport,A86,Util. Electricity,,"YearlyReport!C86,YearlyReport!D86,YearlyReport!E86,YearlyReport!F86,YearlyReport!G86,YearlyReport!H86,YearlyReport!I86,YearlyReport!J86,YearlyReport!K86,YearlyReport!L86,YearlyReport!M86,YearlyReport!N86"
YearlyReport,B86,,,
YearlyReport,C86,"=-SUMIFS(Transactions!$J:$J,Transactions!$G:$G,YearlyReport!$A86,Transactions!$B:$B,"">=""&C$11,Transactions!$B:$B,""<=""&C$12)+SUMIFS(Transactions!$I:$I,Transactions!$G:$G,YearlyReport!$A86,Transactions!$B:$B,"">=""&C$11,Transactions!$B:$B,""<=""&C$12)",A86,"YearlyReport!O86,YearlyReport!P86"
YearlyReport,D86,"=-SUMIFS(Transactions!$J:$J,Transactions!$G:$G,YearlyReport!$A86,Transactions!$B:$B,"">=""&D$11,Transactions!$B:$B,""<=""&D$12)+SUMIFS(Transactions!$I:$I,Transactions!$G:$G,YearlyReport!$A86,Transactions!$B:$B,"">=""&D$11,Transactions!$B:$B,""<=""&D$12)",A86,
YearlyReport,E86,"=-SUMIFS(Transactions!$J:$J,Transactions!$G:$G,YearlyReport!$A86,Transactions!$B:$B,"">=""&E$11,Transactions!$B:$B,""<=""&E$12)+SUMIFS(Transactions!$I:$I,Transactions!$G:$G,YearlyReport!$A86,Transactions!$B:$B,"">=""&E$11,Transactions!$B:$B,""<=""&E$12)",A86,
YearlyReport,F86,"=-SUMIFS(Transactions!$J:$J,Transactions!$G:$G,YearlyReport!$A86,Transactions!$B:$B,"">=""&F$11,Transactions!$B:$B,""<=""&F$12)+SUMIFS(Transactions!$I:$I,Transactions!$G:$G,YearlyReport!$A86,Transactions!$B:$B,"">=""&F$11,Transactions!$B:$B,""<=""&F$12)",A86,
YearlyReport,G86,"=-SUMIFS(Transactions!$J:$J,Transactions!$G:$G,YearlyReport!$A86,Transactions!$B:$B,"">=""&G$11,Transactions!$B:$B,""<=""&G$12)+SUMIFS(Transactions!$I:$I,Transactions!$G:$G,YearlyReport!$A86,Transactions!$B:$B,"">=""&G$11,Transactions!$B:$B,""<=""&G$12)",A86,
YearlyReport,H86,"=-SUMIFS(Transactions!$J:$J,Transactions!$G:$G,YearlyReport!$A86,Transactions!$B:$B,"">=""&H$11,Transactions!$B:$B,""<=""&H$12)+SUMIFS(Transactions!$I:$I,Transactions!$G:$G,YearlyReport!$A86,Transactions!$B:$B,"">=""&H$11,Transactions!$B:$B,""<=""&H$12)",A86,
YearlyReport,I86,"=-SUMIFS(Transactions!$J:$J,Transactions!$G:$G,YearlyReport!$A86,Transactions!$B:$B,"">=""&I$11,Transactions!$B:$B,""<=""&I$12)+SUMIFS(Transactions!$I:$I,Transactions!$G:$G,YearlyReport!$A86,Transactions!$B:$B,"">=""&I$11,Transactions!$B:$B,""<=""&I$12)",A86,
YearlyReport,J86,"=-SUMIFS(Transactions!$J:$J,Transactions!$G:$G,YearlyReport!$A86,Transactions!$B:$B,"">=""&J$11,Transactions!$B:$B,""<=""&J$12)+SUMIFS(Transactions!$I:$I,Transactions!$G:$G,YearlyReport!$A86,Transactions!$B:$B,"">=""&J$11,Transactions!$B:$B,""<=""&J$12)",A86,
YearlyReport,K86,"=-SUMIFS(Transactions!$J:$J,Transactions!$G:$G,YearlyReport!$A86,Transactions!$B:$B,"">=""&K$11,Transactions!$B:$B,""<=""&K$12)+SUMIFS(Transactions!$I:$I,Transactions!$G:$G,YearlyReport!$A86,Transactions!$B:$B,"">=""&K$11,Transactions!$B:$B,""<=""&K$12)",A86,
YearlyReport,L86,"=-SUMIFS(Transactions!$J:$J,Transactions!$G:$G,YearlyReport!$A86,Transactions!$B:$B,"">=""&L$11,Transactions!$B:$B,""<=""&L$12)+SUMIFS(Transactions!$I:$I,Transactions!$G:$G,YearlyReport!$A86,Transactions!$B:$B,"">=""&L$11,Transactions!$B:$B,""<=""&L$12)",A86,
YearlyReport,M86,"=-SUMIFS(Transactions!$J:$J,Transactions!$G:$G,YearlyReport!$A86,Transactions!$B:$B,"">=""&M$11,Transactions!$B:$B,""<=""&M$12)+SUMIFS(Transactions!$I:$I,Transactions!$G:$G,YearlyReport!$A86,Transactions!$B:$B,"">=""&M$11,Transactions!$B:$B,""<=""&M$12)",A86,
YearlyReport,N86,"=-SUMIFS(Transactions!$J:$J,Transactions!$G:$G,YearlyReport!$A86,Transactions!$B:$B,"">=""&N$11,Transactions!$B:$B,""<=""&N$12)+SUMIFS(Transactions!$I:$I,Transactions!$G:$G,YearlyReport!$A86,Transactions!$B:$B,"">=""&N$11,Transactions!$B:$B,""<=""&N$12)",A86,"YearlyReport!O86,YearlyReport!P86"
YearlyReport,O86,=SUM(C86:N86),"C86,N86",YearlyReport!P86
YearlyReport,P86,=O86/COLUMNS(C86:N86),"O86,C86,N86",
YearlyReport,A87,Util. Gas,,"YearlyReport!C87,YearlyReport!D87,YearlyReport!E87,YearlyReport!F87,YearlyReport!G87,YearlyReport!H87,YearlyReport!I87,YearlyReport!J87,YearlyReport!K87,YearlyReport!L87,YearlyReport!M87,YearlyReport!N87"
YearlyReport,B87,,,
YearlyReport,C87,"=-SUMIFS(Transactions!$J:$J,Transactions!$G:$G,YearlyReport!$A87,Transactions!$B:$B,"">=""&C$11,Transactions!$B:$B,""<=""&C$12)+SUMIFS(Transactions!$I:$I,Transactions!$G:$G,YearlyReport!$A87,Transactions!$B:$B,"">=""&C$11,Transactions!$B:$B,""<=""&C$12)",A87,"YearlyReport!O87,YearlyReport!P87"
YearlyReport,D87,"=-SUMIFS(Transactions!$J:$J,Transactions!$G:$G,YearlyReport!$A87,Transactions!$B:$B,"">=""&D$11,Transactions!$B:$B,""<=""&D$12)+SUMIFS(Transactions!$I:$I,Transactions!$G:$G,YearlyReport!$A87,Transactions!$B:$B,"">=""&D$11,Transactions!$B:$B,""<=""&D$12)",A87,
YearlyReport,E87,"=-SUMIFS(Transactions!$J:$J,Transactions!$G:$G,YearlyReport!$A87,Transactions!$B:$B,"">=""&E$11,Transactions!$B:$B,""<=""&E$12)+SUMIFS(Transactions!$I:$I,Transactions!$G:$G,YearlyReport!$A87,Transactions!$B:$B,"">=""&E$11,Transactions!$B:$B,""<=""&E$12)",A87,
YearlyReport,F87,"=-SUMIFS(Transactions!$J:$J,Transactions!$G:$G,YearlyReport!$A87,Transactions!$B:$B,"">=""&F$11,Transactions!$B:$B,""<=""&F$12)+SUMIFS(Transactions!$I:$I,Transactions!$G:$G,YearlyReport!$A87,Transactions!$B:$B,"">=""&F$11,Transactions!$B:$B,""<=""&F$12)",A87,
YearlyReport,G87,"=-SUMIFS(Transactions!$J:$J,Transactions!$G:$G,YearlyReport!$A87,Transactions!$B:$B,"">=""&G$11,Transactions!$B:$B,""<=""&G$12)+SUMIFS(Transactions!$I:$I,Transactions!$G:$G,YearlyReport!$A87,Transactions!$B:$B,"">=""&G$11,Transactions!$B:$B,""<=""&G$12)",A87,
YearlyReport,H87,"=-SUMIFS(Transactions!$J:$J,Transactions!$G:$G,YearlyReport!$A87,Transactions!$B:$B,"">=""&H$11,Transactions!$B:$B,""<=""&H$12)+SUMIFS(Transactions!$I:$I,Transactions!$G:$G,YearlyReport!$A87,Transactions!$B:$B,"">=""&H$11,Transactions!$B:$B,""<=""&H$12)",A87,
YearlyReport,I87,"=-SUMIFS(Transactions!$J:$J,Transactions!$G:$G,YearlyReport!$A87,Transactions!$B:$B,"">=""&I$11,Transactions!$B:$B,""<=""&I$12)+SUMIFS(Transactions!$I:$I,Transactions!$G:$G,YearlyReport!$A87,Transactions!$B:$B,"">=""&I$11,Transactions!$B:$B,""<=""&I$12)",A87,
YearlyReport,J87,"=-SUMIFS(Transactions!$J:$J,Transactions!$G:$G,YearlyReport!$A87,Transactions!$B:$B,"">=""&J$11,Transactions!$B:$B,""<=""&J$12)+SUMIFS(Transactions!$I:$I,Transactions!$G:$G,YearlyReport!$A87,Transactions!$B:$B,"">=""&J$11,Transactions!$B:$B,""<=""&J$12)",A87,
YearlyReport,K87,"=-SUMIFS(Transactions!$J:$J,Transactions!$G:$G,YearlyReport!$A87,Transactions!$B:$B,"">=""&K$11,Transactions!$B:$B,""<=""&K$12)+SUMIFS(Transactions!$I:$I,Transactions!$G:$G,YearlyReport!$A87,Transactions!$B:$B,"">=""&K$11,Transactions!$B:$B,""<=""&K$12)",A87,
YearlyReport,L87,"=-SUMIFS(Transactions!$J:$J,Transactions!$G:$G,YearlyReport!$A87,Transactions!$B:$B,"">=""&L$11,Transactions!$B:$B,""<=""&L$12)+SUMIFS(Transactions!$I:$I,Transactions!$G:$G,YearlyReport!$A87,Transactions!$B:$B,"">=""&L$11,Transactions!$B:$B,""<=""&L$12)",A87,
YearlyReport,M87,"=-SUMIFS(Transactions!$J:$J,Transactions!$G:$G,YearlyReport!$A87,Transactions!$B:$B,"">=""&M$11,Transactions!$B:$B,""<=""&M$12)+SUMIFS(Transactions!$I:$I,Transactions!$G:$G,YearlyReport!$A87,Transactions!$B:$B,"">=""&M$11,Transactions!$B:$B,""<=""&M$12)",A87,
YearlyReport,N87,"=-SUMIFS(Transactions!$J:$J,Transactions!$G:$G,YearlyReport!$A87,Transactions!$B:$B,"">=""&N$11,Transactions!$B:$B,""<=""&N$12)+SUMIFS(Transactions!$I:$I,Transactions!$G:$G,YearlyReport!$A87,Transactions!$B:$B,"">=""&N$11,Transactions!$B:$B,""<=""&N$12)",A87,"YearlyReport!O87,YearlyReport!P87"
YearlyReport,O87,=SUM(C87:N87),"C87,N87",YearlyReport!P87
YearlyReport,P87,=O87/COLUMNS(C87:N87),"O87,C87,N87",
YearlyReport,A88,Util. Phone(s),,"YearlyReport!C88,YearlyReport!D88,YearlyReport!E88,YearlyReport!F88,YearlyReport!G88,YearlyReport!H88,YearlyReport!I88,YearlyReport!J88,YearlyReport!K88,YearlyReport!L88,YearlyReport!M88,YearlyReport!N88"
YearlyReport,B88,,,
YearlyReport,C88,"=-SUMIFS(Transactions!$J:$J,Transactions!$G:$G,YearlyReport!$A88,Transactions!$B:$B,"">=""&C$11,Transactions!$B:$B,""<=""&C$12)+SUMIFS(Transactions!$I:$I,Transactions!$G:$G,YearlyReport!$A88,Transactions!$B:$B,"">=""&C$11,Transactions!$B:$B,""<=""&C$12)",A88,"YearlyReport!O88,YearlyReport!P88"
YearlyReport,D88,"=-SUMIFS(Transactions!$J:$J,Transactions!$G:$G,YearlyReport!$A88,Transactions!$B:$B,"">=""&D$11,Transactions!$B:$B,""<=""&D$12)+SUMIFS(Transactions!$I:$I,Transactions!$G:$G,YearlyReport!$A88,Transactions!$B:$B,"">=""&D$11,Transactions!$B:$B,""<=""&D$12)",A88,
YearlyReport,E88,"=-SUMIFS(Transactions!$J:$J,Transactions!$G:$G,YearlyReport!$A88,Transactions!$B:$B,"">=""&E$11,Transactions!$B:$B,""<=""&E$12)+SUMIFS(Transactions!$I:$I,Transactions!$G:$G,YearlyReport!$A88,Transactions!$B:$B,"">=""&E$11,Transactions!$B:$B,""<=""&E$12)",A88,
YearlyReport,F88,"=-SUMIFS(Transactions!$J:$J,Transactions!$G:$G,YearlyReport!$A88,Transactions!$B:$B,"">=""&F$11,Transactions!$B:$B,""<=""&F$12)+SUMIFS(Transactions!$I:$I,Transactions!$G:$G,YearlyReport!$A88,Transactions!$B:$B,"">=""&F$11,Transactions!$B:$B,""<=""&F$12)",A88,
YearlyReport,G88,"=-SUMIFS(Transactions!$J:$J,Transactions!$G:$G,YearlyReport!$A88,Transactions!$B:$B,"">=""&G$11,Transactions!$B:$B,""<=""&G$12)+SUMIFS(Transactions!$I:$I,Transactions!$G:$G,YearlyReport!$A88,Transactions!$B:$B,"">=""&G$11,Transactions!$B:$B,""<=""&G$12)",A88,
YearlyReport,H88,"=-SUMIFS(Transactions!$J:$J,Transactions!$G:$G,YearlyReport!$A88,Transactions!$B:$B,"">=""&H$11,Transactions!$B:$B,""<=""&H$12)+SUMIFS(Transactions!$I:$I,Transactions!$G:$G,YearlyReport!$A88,Transactions!$B:$B,"">=""&H$11,Transactions!$B:$B,""<=""&H$12)",A88,
YearlyReport,I88,"=-SUMIFS(Transactions!$J:$J,Transactions!$G:$G,YearlyReport!$A88,Transactions!$B:$B,"">=""&I$11,Transactions!$B:$B,""<=""&I$12)+SUMIFS(Transactions!$I:$I,Transactions!$G:$G,YearlyReport!$A88,Transactions!$B:$B,"">=""&I$11,Transactions!$B:$B,""<=""&I$12)",A88,
YearlyReport,J88,"=-SUMIFS(Transactions!$J:$J,Transactions!$G:$G,YearlyReport!$A88,Transactions!$B:$B,"">=""&J$11,Transactions!$B:$B,""<=""&J$12)+SUMIFS(Transactions!$I:$I,Transactions!$G:$G,YearlyReport!$A88,Transactions!$B:$B,"">=""&J$11,Transactions!$B:$B,""<=""&J$12)",A88,
YearlyReport,K88,"=-SUMIFS(Transactions!$J:$J,Transactions!$G:$G,YearlyReport!$A88,Transactions!$B:$B,"">=""&K$11,Transactions!$B:$B,""<=""&K$12)+SUMIFS(Transactions!$I:$I,Transactions!$G:$G,YearlyReport!$A88,Transactions!$B:$B,"">=""&K$11,Transactions!$B:$B,""<=""&K$12)",A88,
YearlyReport,L88,"=-SUMIFS(Transactions!$J:$J,Transactions!$G:$G,YearlyReport!$A88,Transactions!$B:$B,"">=""&L$11,Transactions!$B:$B,""<=""&L$12)+SUMIFS(Transactions!$I:$I,Transactions!$G:$G,YearlyReport!$A88,Transactions!$B:$B,"">=""&L$11,Transactions!$B:$B,""<=""&L$12)",A88,
YearlyReport,M88,"=-SUMIFS(Transactions!$J:$J,Transactions!$G:$G,YearlyReport!$A88,Transactions!$B:$B,"">=""&M$11,Transactions!$B:$B,""<=""&M$12)+SUMIFS(Transactions!$I:$I,Transactions!$G:$G,YearlyReport!$A88,Transactions!$B:$B,"">=""&M$11,Transactions!$B:$B,""<=""&M$12)",A88,
YearlyReport,N88,"=-SUMIFS(Transactions!$J:$J,Transactions!$G:$G,YearlyReport!$A88,Transactions!$B:$B,"">=""&N$11,Transactions!$B:$B,""<=""&N$12)+SUMIFS(Transactions!$I:$I,Transactions!$G:$G,YearlyReport!$A88,Transactions!$B:$B,"">=""&N$11,Transactions!$B:$B,""<=""&N$12)",A88,"YearlyReport!O88,YearlyReport!P88"
YearlyReport,O88,=SUM(C88:N88),"C88,N88",YearlyReport!P88
YearlyReport,P88,=O88/COLUMNS(C88:N88),"O88,C88,N88",
YearlyReport,A89,Util. TV / Internet,,"YearlyReport!C89,YearlyReport!D89,YearlyReport!E89,YearlyReport!F89,YearlyReport!G89,YearlyReport!H89,YearlyReport!I89,YearlyReport!J89,YearlyReport!K89,YearlyReport!L89,YearlyReport!M89,YearlyReport!N89"
YearlyReport,B89,,,
YearlyReport,C89,"=-SUMIFS(Transactions!$J:$J,Transactions!$G:$G,YearlyReport!$A89,Transactions!$B:$B,"">=""&C$11,Transactions!$B:$B,""<=""&C$12)+SUMIFS(Transactions!$I:$I,Transactions!$G:$G,YearlyReport!$A89,Transactions!$B:$B,"">=""&C$11,Transactions!$B:$B,""<=""&C$12)",A89,"YearlyReport!O89,YearlyReport!P89"
YearlyReport,D89,"=-SUMIFS(Transactions!$J:$J,Transactions!$G:$G,YearlyReport!$A89,Transactions!$B:$B,"">=""&D$11,Transactions!$B:$B,""<=""&D$12)+SUMIFS(Transactions!$I:$I,Transactions!$G:$G,YearlyReport!$A89,Transactions!$B:$B,"">=""&D$11,Transactions!$B:$B,""<=""&D$12)",A89,
YearlyReport,E89,"=-SUMIFS(Transactions!$J:$J,Transactions!$G:$G,YearlyReport!$A89,Transactions!$B:$B,"">=""&E$11,Transactions!$B:$B,""<=""&E$12)+SUMIFS(Transactions!$I:$I,Transactions!$G:$G,YearlyReport!$A89,Transactions!$B:$B,"">=""&E$11,Transactions!$B:$B,""<=""&E$12)",A89,
YearlyReport,F89,"=-SUMIFS(Transactions!$J:$J,Transactions!$G:$G,YearlyReport!$A89,Transactions!$B:$B,"">=""&F$11,Transactions!$B:$B,""<=""&F$12)+SUMIFS(Transactions!$I:$I,Transactions!$G:$G,YearlyReport!$A89,Transactions!$B:$B,"">=""&F$11,Transactions!$B:$B,""<=""&F$12)",A89,
YearlyReport,G89,"=-SUMIFS(Transactions!$J:$J,Transactions!$G:$G,YearlyReport!$A89,Transactions!$B:$B,"">=""&G$11,Transactions!$B:$B,""<=""&G$12)+SUMIFS(Transactions!$I:$I,Transactions!$G:$G,YearlyReport!$A89,Transactions!$B:$B,"">=""&G$11,Transactions!$B:$B,""<=""&G$12)",A89,
YearlyReport,H89,"=-SUMIFS(Transactions!$J:$J,Transactions!$G:$G,YearlyReport!$A89,Transactions!$B:$B,"">=""&H$11,Transactions!$B:$B,""<=""&H$12)+SUMIFS(Transactions!$I:$I,Transactions!$G:$G,YearlyReport!$A89,Transactions!$B:$B,"">=""&H$11,Transactions!$B:$B,""<=""&H$12)",A89,
YearlyReport,I89,"=-SUMIFS(Transactions!$J:$J,Transactions!$G:$G,YearlyReport!$A89,Transactions!$B:$B,"">=""&I$11,Transactions!$B:$B,""<=""&I$12)+SUMIFS(Transactions!$I:$I,Transactions!$G:$G,YearlyReport!$A89,Transactions!$B:$B,"">=""&I$11,Transactions!$B:$B,""<=""&I$12)",A89,
YearlyReport,J89,"=-SUMIFS(Transactions!$J:$J,Transactions!$G:$G,YearlyReport!$A89,Transactions!$B:$B,"">=""&J$11,Transactions!$B:$B,""<=""&J$12)+SUMIFS(Transactions!$I:$I,Transactions!$G:$G,YearlyReport!$A89,Transactions!$B:$B,"">=""&J$11,Transactions!$B:$B,""<=""&J$12)",A89,
YearlyReport,K89,"=-SUMIFS(Transactions!$J:$J,Transactions!$G:$G,YearlyReport!$A89,Transactions!$B:$B,"">=""&K$11,Transactions!$B:$B,""<=""&K$12)+SUMIFS(Transactions!$I:$I,Transactions!$G:$G,YearlyReport!$A89,Transactions!$B:$B,"">=""&K$11,Transactions!$B:$B,""<=""&K$12)",A89,
YearlyReport,L89,"=-SUMIFS(Transactions!$J:$J,Transactions!$G:$G,YearlyReport!$A89,Transactions!$B:$B,"">=""&L$11,Transactions!$B:$B,""<=""&L$12)+SUMIFS(Transactions!$I:$I,Transactions!$G:$G,YearlyReport!$A89,Transactions!$B:$B,"">=""&L$11,Transactions!$B:$B,""<=""&L$12)",A89,
YearlyReport,M89,"=-SUMIFS(Transactions!$J:$J,Transactions!$G:$G,YearlyReport!$A89,Transactions!$B:$B,"">=""&M$11,Transactions!$B:$B,""<=""&M$12)+SUMIFS(Transactions!$I:$I,Transactions!$G:$G,YearlyReport!$A89,Transactions!$B:$B,"">=""&M$11,Transactions!$B:$B,""<=""&M$12)",A89,
YearlyReport,N89,"=-SUMIFS(Transactions!$J:$J,Transactions!$G:$G,YearlyReport!$A89,Transactions!$B:$B,"">=""&N$11,Transactions!$B:$B,""<=""&N$12)+SUMIFS(Transactions!$I:$I,Transactions!$G:$G,YearlyReport!$A89,Transactions!$B:$B,"">=""&N$11,Transactions!$B:$B,""<=""&N$12)",A89,"YearlyReport!O89,YearlyReport!P89"
YearlyReport,O89,=SUM(C89:N89),"C89,N89",YearlyReport!P89
YearlyReport,P89,=O89/COLUMNS(C89:N89),"O89,C89,N89",
YearlyReport,A90,Util. Water,,"YearlyReport!C90,YearlyReport!D90,YearlyReport!E90,YearlyReport!F90,YearlyReport!G90,YearlyReport!H90,YearlyReport!I90,YearlyReport!J90,YearlyReport!K90,YearlyReport!L90,YearlyReport!M90,YearlyReport!N90"
YearlyReport,B90,,,
YearlyReport,C90,"=-SUMIFS(Transactions!$J:$J,Transactions!$G:$G,YearlyReport!$A90,Transactions!$B:$B,"">=""&C$11,Transactions!$B:$B,""<=""&C$12)+SUMIFS(Transactions!$I:$I,Transactions!$G:$G,YearlyReport!$A90,Transactions!$B:$B,"">=""&C$11,Transactions!$B:$B,""<=""&C$12)",A90,"YearlyReport!O90,YearlyReport!P90"
YearlyReport,D90,"=-SUMIFS(Transactions!$J:$J,Transactions!$G:$G,YearlyReport!$A90,Transactions!$B:$B,"">=""&D$11,Transactions!$B:$B,""<=""&D$12)+SUMIFS(Transactions!$I:$I,Transactions!$G:$G,YearlyReport!$A90,Transactions!$B:$B,"">=""&D$11,Transactions!$B:$B,""<=""&D$12)",A90,
YearlyReport,E90,"=-SUMIFS(Transactions!$J:$J,Transactions!$G:$G,YearlyReport!$A90,Transactions!$B:$B,"">=""&E$11,Transactions!$B:$B,""<=""&E$12)+SUMIFS(Transactions!$I:$I,Transactions!$G:$G,YearlyReport!$A90,Transactions!$B:$B,"">=""&E$11,Transactions!$B:$B,""<=""&E$12)",A90,
YearlyReport,F90,"=-SUMIFS(Transactions!$J:$J,Transactions!$G:$G,YearlyReport!$A90,Transactions!$B:$B,"">=""&F$11,Transactions!$B:$B,""<=""&F$12)+SUMIFS(Transactions!$I:$I,Transactions!$G:$G,YearlyReport!$A90,Transactions!$B:$B,"">=""&F$11,Transactions!$B:$B,""<=""&F$12)",A90,
YearlyReport,G90,"=-SUMIFS(Transactions!$J:$J,Transactions!$G:$G,YearlyReport!$A90,Transactions!$B:$B,"">=""&G$11,Transactions!$B:$B,""<=""&G$12)+SUMIFS(Transactions!$I:$I,Transactions!$G:$G,YearlyReport!$A90,Transactions!$B:$B,"">=""&G$11,Transactions!$B:$B,""<=""&G$12)",A90,
YearlyReport,H90,"=-SUMIFS(Transactions!$J:$J,Transactions!$G:$G,YearlyReport!$A90,Transactions!$B:$B,"">=""&H$11,Transactions!$B:$B,""<=""&H$12)+SUMIFS(Transactions!$I:$I,Transactions!$G:$G,YearlyReport!$A90,Transactions!$B:$B,"">=""&H$11,Transactions!$B:$B,""<=""&H$12)",A90,
YearlyReport,I90,"=-SUMIFS(Transactions!$J:$J,Transactions!$G:$G,YearlyReport!$A90,Transactions!$B:$B,"">=""&I$11,Transactions!$B:$B,""<=""&I$12)+SUMIFS(Transactions!$I:$I,Transactions!$G:$G,YearlyReport!$A90,Transactions!$B:$B,"">=""&I$11,Transactions!$B:$B,""<=""&I$12)",A90,
YearlyReport,J90,"=-SUMIFS(Transactions!$J:$J,Transactions!$G:$G,YearlyReport!$A90,Transactions!$B:$B,"">=""&J$11,Transactions!$B:$B,""<=""&J$12)+SUMIFS(Transactions!$I:$I,Transactions!$G:$G,YearlyReport!$A90,Transactions!$B:$B,"">=""&J$11,Transactions!$B:$B,""<=""&J$12)",A90,
YearlyReport,K90,"=-SUMIFS(Transactions!$J:$J,Transactions!$G:$G,YearlyReport!$A90,Transactions!$B:$B,"">=""&K$11,Transactions!$B:$B,""<=""&K$12)+SUMIFS(Transactions!$I:$I,Transactions!$G:$G,YearlyReport!$A90,Transactions!$B:$B,"">=""&K$11,Transactions!$B:$B,""<=""&K$12)",A90,
YearlyReport,L90,"=-SUMIFS(Transactions!$J:$J,Transactions!$G:$G,YearlyReport!$A90,Transactions!$B:$B,"">=""&L$11,Transactions!$B:$B,""<=""&L$12)+SUMIFS(Transactions!$I:$I,Transactions!$G:$G,YearlyReport!$A90,Transactions!$B:$B,"">=""&L$11,Transactions!$B:$B,""<=""&L$12)",A90,
YearlyReport,M90,"=-SUMIFS(Transactions!$J:$J,Transactions!$G:$G,YearlyReport!$A90,Transactions!$B:$B,"">=""&M$11,Transactions!$B:$B,""<=""&M$12)+SUMIFS(Transactions!$I:$I,Transactions!$G:$G,YearlyReport!$A90,Transactions!$B:$B,"">=""&M$11,Transactions!$B:$B,""<=""&M$12)",A90,
YearlyReport,N90,"=-SUMIFS(Transactions!$J:$J,Transactions!$G:$G,YearlyReport!$A90,Transactions!$B:$B,"">=""&N$11,Transactions!$B:$B,""<=""&N$12)+SUMIFS(Transactions!$I:$I,Transactions!$G:$G,YearlyReport!$A90,Transactions!$B:$B,"">=""&N$11,Transactions!$B:$B,""<=""&N$12)",A90,"YearlyReport!O90,YearlyReport!P90"
YearlyReport,O90,=SUM(C90:N90),"C90,N90",YearlyReport!P90
YearlyReport,P90,=O90/COLUMNS(C90:N90),"O90,C90,N90",
YearlyReport,A91, - ,,"YearlyReport!C91,YearlyReport!D91,YearlyReport!E91,YearlyReport!F91,YearlyReport!G91,YearlyReport!H91,YearlyReport!I91,YearlyReport!J91,YearlyReport!K91,YearlyReport!L91,YearlyReport!M91,YearlyReport!N91"
YearlyReport,B91,,,
YearlyReport,C91,"=-SUMIFS(Transactions!$J:$J,Transactions!$G:$G,YearlyReport!$A91,Transactions!$B:$B,"">=""&C$11,Transactions!$B:$B,""<=""&C$12)+SUMIFS(Transactions!$I:$I,Transactions!$G:$G,YearlyReport!$A91,Transactions!$B:$B,"">=""&C$11,Transactions!$B:$B,""<=""&C$12)",A91,"YearlyReport!O91,YearlyReport!P91"
YearlyReport,D91,"=-SUMIFS(Transactions!$J:$J,Transactions!$G:$G,YearlyReport!$A91,Transactions!$B:$B,"">=""&D$11,Transactions!$B:$B,""<=""&D$12)+SUMIFS(Transactions!$I:$I,Transactions!$G:$G,YearlyReport!$A91,Transactions!$B:$B,"">=""&D$11,Transactions!$B:$B,""<=""&D$12)",A91,
YearlyReport,E91,"=-SUMIFS(Transactions!$J:$J,Transactions!$G:$G,YearlyReport!$A91,Transactions!$B:$B,"">=""&E$11,Transactions!$B:$B,""<=""&E$12)+SUMIFS(Transactions!$I:$I,Transactions!$G:$G,YearlyReport!$A91,Transactions!$B:$B,"">=""&E$11,Transactions!$B:$B,""<=""&E$12)",A91,
YearlyReport,F91,"=-SUMIFS(Transactions!$J:$J,Transactions!$G:$G,YearlyReport!$A91,Transactions!$B:$B,"">=""&F$11,Transactions!$B:$B,""<=""&F$12)+SUMIFS(Transactions!$I:$I,Transactions!$G:$G,YearlyReport!$A91,Transactions!$B:$B,"">=""&F$11,Transactions!$B:$B,""<=""&F$12)",A91,
YearlyReport,G91,"=-SUMIFS(Transactions!$J:$J,Transactions!$G:$G,YearlyReport!$A91,Transactions!$B:$B,"">=""&G$11,Transactions!$B:$B,""<=""&G$12)+SUMIFS(Transactions!$I:$I,Transactions!$G:$G,YearlyReport!$A91,Transactions!$B:$B,"">=""&G$11,Transactions!$B:$B,""<=""&G$12)",A91,
YearlyReport,H91,"=-SUMIFS(Transactions!$J:$J,Transactions!$G:$G,YearlyReport!$A91,Transactions!$B:$B,"">=""&H$11,Transactions!$B:$B,""<=""&H$12)+SUMIFS(Transactions!$I:$I,Transactions!$G:$G,YearlyReport!$A91,Transactions!$B:$B,"">=""&H$11,Transactions!$B:$B,""<=""&H$12)",A91,
YearlyReport,I91,"=-SUMIFS(Transactions!$J:$J,Transactions!$G:$G,YearlyReport!$A91,Transactions!$B:$B,"">=""&I$11,Transactions!$B:$B,""<=""&I$12)+SUMIFS(Transactions!$I:$I,Transactions!$G:$G,YearlyReport!$A91,Transactions!$B:$B,"">=""&I$11,Transactions!$B:$B,""<=""&I$12)",A91,
YearlyReport,J91,"=-SUMIFS(Transactions!$J:$J,Transactions!$G:$G,YearlyReport!$A91,Transactions!$B:$B,"">=""&J$11,Transactions!$B:$B,""<=""&J$12)+SUMIFS(Transactions!$I:$I,Transactions!$G:$G,YearlyReport!$A91,Transactions!$B:$B,"">=""&J$11,Transactions!$B:$B,""<=""&J$12)",A91,
YearlyReport,K91,"=-SUMIFS(Transactions!$J:$J,Transactions!$G:$G,YearlyReport!$A91,Transactions!$B:$B,"">=""&K$11,Transactions!$B:$B,""<=""&K$12)+SUMIFS(Transactions!$I:$I,Transactions!$G:$G,YearlyReport!$A91,Transactions!$B:$B,"">=""&K$11,Transactions!$B:$B,""<=""&K$12)",A91,
YearlyReport,L91,"=-SUMIFS(Transactions!$J:$J,Transactions!$G:$G,YearlyReport!$A91,Transactions!$B:$B,"">=""&L$11,Transactions!$B:$B,""<=""&L$12)+SUMIFS(Transactions!$I:$I,Transactions!$G:$G,YearlyReport!$A91,Transactions!$B:$B,"">=""&L$11,Transactions!$B:$B,""<=""&L$12)",A91,
YearlyReport,M91,"=-SUMIFS(Transactions!$J:$J,Transactions!$G:$G,YearlyReport!$A91,Transactions!$B:$B,"">=""&M$11,Transactions!$B:$B,""<=""&M$12)+SUMIFS(Transactions!$I:$I,Transactions!$G:$G,YearlyReport!$A91,Transactions!$B:$B,"">=""&M$11,Transactions!$B:$B,""<=""&M$12)",A91,
YearlyReport,N91,"=-SUMIFS(Transactions!$J:$J,Transactions!$G:$G,YearlyReport!$A91,Transactions!$B:$B,"">=""&N$11,Transactions!$B:$B,""<=""&N$12)+SUMIFS(Transactions!$I:$I,Transactions!$G:$G,YearlyReport!$A91,Transactions!$B:$B,"">=""&N$11,Transactions!$B:$B,""<=""&N$12)",A91,"YearlyReport!O91,YearlyReport!P91"
YearlyReport,O91,=SUM(C91:N91),"C91,N91",YearlyReport!P91
YearlyReport,P91,=O91/COLUMNS(C91:N91),"O91,C91,N91",
YearlyReport,A92, - ,,"YearlyReport!C92,YearlyReport!D92,YearlyReport!E92,YearlyReport!F92,YearlyReport!G92,YearlyReport!H92,YearlyReport!I92,YearlyReport!J92,YearlyReport!K92,YearlyReport!L92,YearlyReport!M92,YearlyReport!N92"
YearlyReport,B92,,,
YearlyReport,C92,"=-SUMIFS(Transactions!$J:$J,Transactions!$G:$G,YearlyReport!$A92,Transactions!$B:$B,"">=""&C$11,Transactions!$B:$B,""<=""&C$12)+SUMIFS(Transactions!$I:$I,Transactions!$G:$G,YearlyReport!$A92,Transactions!$B:$B,"">=""&C$11,Transactions!$B:$B,""<=""&C$12)",A92,"YearlyReport!O92,YearlyReport!P92"
YearlyReport,D92,"=-SUMIFS(Transactions!$J:$J,Transactions!$G:$G,YearlyReport!$A92,Transactions!$B:$B,"">=""&D$11,Transactions!$B:$B,""<=""&D$12)+SUMIFS(Transactions!$I:$I,Transactions!$G:$G,YearlyReport!$A92,Transactions!$B:$B,"">=""&D$11,Transactions!$B:$B,""<=""&D$12)",A92,
YearlyReport,E92,"=-SUMIFS(Transactions!$J:$J,Transactions!$G:$G,YearlyReport!$A92,Transactions!$B:$B,"">=""&E$11,Transactions!$B:$B,""<=""&E$12)+SUMIFS(Transactions!$I:$I,Transactions!$G:$G,YearlyReport!$A92,Transactions!$B:$B,"">=""&E$11,Transactions!$B:$B,""<=""&E$12)",A92,
YearlyReport,F92,"=-SUMIFS(Transactions!$J:$J,Transactions!$G:$G,YearlyReport!$A92,Transactions!$B:$B,"">=""&F$11,Transactions!$B:$B,""<=""&F$12)+SUMIFS(Transactions!$I:$I,Transactions!$G:$G,YearlyReport!$A92,Transactions!$B:$B,"">=""&F$11,Transactions!$B:$B,""<=""&F$12)",A92,
YearlyReport,G92,"=-SUMIFS(Transactions!$J:$J,Transactions!$G:$G,YearlyReport!$A92,Transactions!$B:$B,"">=""&G$11,Transactions!$B:$B,""<=""&G$12)+SUMIFS(Transactions!$I:$I,Transactions!$G:$G,YearlyReport!$A92,Transactions!$B:$B,"">=""&G$11,Transactions!$B:$B,""<=""&G$12)",A92,
YearlyReport,H92,"=-SUMIFS(Transactions!$J:$J,Transactions!$G:$G,YearlyReport!$A92,Transactions!$B:$B,"">=""&H$11,Transactions!$B:$B,""<=""&H$12)+SUMIFS(Transactions!$I:$I,Transactions!$G:$G,YearlyReport!$A92,Transactions!$B:$B,"">=""&H$11,Transactions!$B:$B,""<=""&H$12)",A92,
YearlyReport,I92,"=-SUMIFS(Transactions!$J:$J,Transactions!$G:$G,YearlyReport!$A92,Transactions!$B:$B,"">=""&I$11,Transactions!$B:$B,""<=""&I$12)+SUMIFS(Transactions!$I:$I,Transactions!$G:$G,YearlyReport!$A92,Transactions!$B:$B,"">=""&I$11,Transactions!$B:$B,""<=""&I$12)",A92,
YearlyReport,J92,"=-SUMIFS(Transactions!$J:$J,Transactions!$G:$G,YearlyReport!$A92,Transactions!$B:$B,"">=""&J$11,Transactions!$B:$B,""<=""&J$12)+SUMIFS(Transactions!$I:$I,Transactions!$G:$G,YearlyReport!$A92,Transactions!$B:$B,"">=""&J$11,Transactions!$B:$B,""<=""&J$12)",A92,
YearlyReport,K92,"=-SUMIFS(Transactions!$J:$J,Transactions!$G:$G,YearlyReport!$A92,Transactions!$B:$B,"">=""&K$11,Transactions!$B:$B,""<=""&K$12)+SUMIFS(Transactions!$I:$I,Transactions!$G:$G,YearlyReport!$A92,Transactions!$B:$B,"">=""&K$11,Transactions!$B:$B,""<=""&K$12)",A92,
YearlyReport,L92,"=-SUMIFS(Transactions!$J:$J,Transactions!$G:$G,YearlyReport!$A92,Transactions!$B:$B,"">=""&L$11,Transactions!$B:$B,""<=""&L$12)+SUMIFS(Transactions!$I:$I,Transactions!$G:$G,YearlyReport!$A92,Transactions!$B:$B,"">=""&L$11,Transactions!$B:$B,""<=""&L$12)",A92,
YearlyReport,M92,"=-SUMIFS(Transactions!$J:$J,Transactions!$G:$G,YearlyReport!$A92,Transactions!$B:$B,"">=""&M$11,Transactions!$B:$B,""<=""&M$12)+SUMIFS(Transactions!$I:$I,Transactions!$G:$G,YearlyReport!$A92,Transactions!$B:$B,"">=""&M$11,Transactions!$B:$B,""<=""&M$12)",A92,
YearlyReport,N92,"=-SUMIFS(Transactions!$J:$J,Transactions!$G:$G,YearlyReport!$A92,Transactions!$B:$B,"">=""&N$11,Transactions!$B:$B,""<=""&N$12)+SUMIFS(Transactions!$I:$I,Transactions!$G:$G,YearlyReport!$A92,Transactions!$B:$B,"">=""&N$11,Transactions!$B:$B,""<=""&N$12)",A92,"YearlyReport!O92,YearlyReport!P92"
YearlyReport,O92,=SUM(C92:N92),"C92,N92",YearlyReport!P92
YearlyReport,P92,=O92/COLUMNS(C92:N92),"O92,C92,N92",
YearlyReport,A93, - ,,"YearlyReport!C93,YearlyReport!D93,YearlyReport!E93,YearlyReport!F93,YearlyReport!G93,YearlyReport!H93,YearlyReport!I93,YearlyReport!J93,YearlyReport!K93,YearlyReport!L93,YearlyReport!M93,YearlyReport!N93"
YearlyReport,B93,,,
YearlyReport,C93,"=-SUMIFS(Transactions!$J:$J,Transactions!$G:$G,YearlyReport!$A93,Transactions!$B:$B,"">=""&C$11,Transactions!$B:$B,""<=""&C$12)+SUMIFS(Transactions!$I:$I,Transactions!$G:$G,YearlyReport!$A93,Transactions!$B:$B,"">=""&C$11,Transactions!$B:$B,""<=""&C$12)",A93,"YearlyReport!O93,YearlyReport!P93"
YearlyReport,D93,"=-SUMIFS(Transactions!$J:$J,Transactions!$G:$G,YearlyReport!$A93,Transactions!$B:$B,"">=""&D$11,Transactions!$B:$B,""<=""&D$12)+SUMIFS(Transactions!$I:$I,Transactions!$G:$G,YearlyReport!$A93,Transactions!$B:$B,"">=""&D$11,Transactions!$B:$B,""<=""&D$12)",A93,
YearlyReport,E93,"=-SUMIFS(Transactions!$J:$J,Transactions!$G:$G,YearlyReport!$A93,Transactions!$B:$B,"">=""&E$11,Transactions!$B:$B,""<=""&E$12)+SUMIFS(Transactions!$I:$I,Transactions!$G:$G,YearlyReport!$A93,Transactions!$B:$B,"">=""&E$11,Transactions!$B:$B,""<=""&E$12)",A93,
YearlyReport,F93,"=-SUMIFS(Transactions!$J:$J,Transactions!$G:$G,YearlyReport!$A93,Transactions!$B:$B,"">=""&F$11,Transactions!$B:$B,""<=""&F$12)+SUMIFS(Transactions!$I:$I,Transactions!$G:$G,YearlyReport!$A93,Transactions!$B:$B,"">=""&F$11,Transactions!$B:$B,""<=""&F$12)",A93,
YearlyReport,G93,"=-SUMIFS(Transactions!$J:$J,Transactions!$G:$G,YearlyReport!$A93,Transactions!$B:$B,"">=""&G$11,Transactions!$B:$B,""<=""&G$12)+SUMIFS(Transactions!$I:$I,Transactions!$G:$G,YearlyReport!$A93,Transactions!$B:$B,"">=""&G$11,Transactions!$B:$B,""<=""&G$12)",A93,
YearlyReport,H93,"=-SUMIFS(Transactions!$J:$J,Transactions!$G:$G,YearlyReport!$A93,Transactions!$B:$B,"">=""&H$11,Transactions!$B:$B,""<=""&H$12)+SUMIFS(Transactions!$I:$I,Transactions!$G:$G,YearlyReport!$A93,Transactions!$B:$B,"">=""&H$11,Transactions!$B:$B,""<=""&H$12)",A93,
YearlyReport,I93,"=-SUMIFS(Transactions!$J:$J,Transactions!$G:$G,YearlyReport!$A93,Transactions!$B:$B,"">=""&I$11,Transactions!$B:$B,""<=""&I$12)+SUMIFS(Transactions!$I:$I,Transactions!$G:$G,YearlyReport!$A93,Transactions!$B:$B,"">=""&I$11,Transactions!$B:$B,""<=""&I$12)",A93,
YearlyReport,J93,"=-SUMIFS(Transactions!$J:$J,Transactions!$G:$G,YearlyReport!$A93,Transactions!$B:$B,"">=""&J$11,Transactions!$B:$B,""<=""&J$12)+SUMIFS(Transactions!$I:$I,Transactions!$G:$G,YearlyReport!$A93,Transactions!$B:$B,"">=""&J$11,Transactions!$B:$B,""<=""&J$12)",A93,
YearlyReport,K93,"=-SUMIFS(Transactions!$J:$J,Transactions!$G:$G,YearlyReport!$A93,Transactions!$B:$B,"">=""&K$11,Transactions!$B:$B,""<=""&K$12)+SUMIFS(Transactions!$I:$I,Transactions!$G:$G,YearlyReport!$A93,Transactions!$B:$B,"">=""&K$11,Transactions!$B:$B,""<=""&K$12)",A93,
YearlyReport,L93,"=-SUMIFS(Transactions!$J:$J,Transactions!$G:$G,YearlyReport!$A93,Transactions!$B:$B,"">=""&L$11,Transactions!$B:$B,""<=""&L$12)+SUMIFS(Transactions!$I:$I,Transactions!$G:$G,YearlyReport!$A93,Transactions!$B:$B,"">=""&L$11,Transactions!$B:$B,""<=""&L$12)",A93,
YearlyReport,M93,"=-SUMIFS(Transactions!$J:$J,Transactions!$G:$G,YearlyReport!$A93,Transactions!$B:$B,"">=""&M$11,Transactions!$B:$B,""<=""&M$12)+SUMIFS(Transactions!$I:$I,Transactions!$G:$G,YearlyReport!$A93,Transactions!$B:$B,"">=""&M$11,Transactions!$B:$B,""<=""&M$12)",A93,
YearlyReport,N93,"=-SUMIFS(Transactions!$J:$J,Transactions!$G:$G,YearlyReport!$A93,Transactions!$B:$B,"">=""&N$11,Transactions!$B:$B,""<=""&N$12)+SUMIFS(Transactions!$I:$I,Transactions!$G:$G,YearlyReport!$A93,Transactions!$B:$B,"">=""&N$11,Transactions!$B:$B,""<=""&N$12)",A93,"YearlyReport!O93,YearlyReport!P93"
YearlyReport,O93,=SUM(C93:N93),"C93,N93",YearlyReport!P93
YearlyReport,P93,=O93/COLUMNS(C93:N93),"O93,C93,N93",
YearlyReport,A94, - ,,"YearlyReport!C94,YearlyReport!D94,YearlyReport!E94,YearlyReport!F94,YearlyReport!G94,YearlyReport!H94,YearlyReport!I94,YearlyReport!J94,YearlyReport!K94,YearlyReport!L94,YearlyReport!M94,YearlyReport!N94"
YearlyReport,B94,,,
YearlyReport,C94,"=-SUMIFS(Transactions!$J:$J,Transactions!$G:$G,YearlyReport!$A94,Transactions!$B:$B,"">=""&C$11,Transactions!$B:$B,""<=""&C$12)+SUMIFS(Transactions!$I:$I,Transactions!$G:$G,YearlyReport!$A94,Transactions!$B:$B,"">=""&C$11,Transactions!$B:$B,""<=""&C$12)",A94,"YearlyReport!O94,YearlyReport!P94"
YearlyReport,D94,"=-SUMIFS(Transactions!$J:$J,Transactions!$G:$G,YearlyReport!$A94,Transactions!$B:$B,"">=""&D$11,Transactions!$B:$B,""<=""&D$12)+SUMIFS(Transactions!$I:$I,Transactions!$G:$G,YearlyReport!$A94,Transactions!$B:$B,"">=""&D$11,Transactions!$B:$B,""<=""&D$12)",A94,
YearlyReport,E94,"=-SUMIFS(Transactions!$J:$J,Transactions!$G:$G,YearlyReport!$A94,Transactions!$B:$B,"">=""&E$11,Transactions!$B:$B,""<=""&E$12)+SUMIFS(Transactions!$I:$I,Transactions!$G:$G,YearlyReport!$A94,Transactions!$B:$B,"">=""&E$11,Transactions!$B:$B,""<=""&E$12)",A94,
YearlyReport,F94,"=-SUMIFS(Transactions!$J:$J,Transactions!$G:$G,YearlyReport!$A94,Transactions!$B:$B,"">=""&F$11,Transactions!$B:$B,""<=""&F$12)+SUMIFS(Transactions!$I:$I,Transactions!$G:$G,YearlyReport!$A94,Transactions!$B:$B,"">=""&F$11,Transactions!$B:$B,""<=""&F$12)",A94,
YearlyReport,G94,"=-SUMIFS(Transactions!$J:$J,Transactions!$G:$G,YearlyReport!$A94,Transactions!$B:$B,"">=""&G$11,Transactions!$B:$B,""<=""&G$12)+SUMIFS(Transactions!$I:$I,Transactions!$G:$G,YearlyReport!$A94,Transactions!$B:$B,"">=""&G$11,Transactions!$B:$B,""<=""&G$12)",A94,
YearlyReport,H94,"=-SUMIFS(Transactions!$J:$J,Transactions!$G:$G,YearlyReport!$A94,Transactions!$B:$B,"">=""&H$11,Transactions!$B:$B,""<=""&H$12)+SUMIFS(Transactions!$I:$I,Transactions!$G:$G,YearlyReport!$A94,Transactions!$B:$B,"">=""&H$11,Transactions!$B:$B,""<=""&H$12)",A94,
YearlyReport,I94,"=-SUMIFS(Transactions!$J:$J,Transactions!$G:$G,YearlyReport!$A94,Transactions!$B:$B,"">=""&I$11,Transactions!$B:$B,""<=""&I$12)+SUMIFS(Transactions!$I:$I,Transactions!$G:$G,YearlyReport!$A94,Transactions!$B:$B,"">=""&I$11,Transactions!$B:$B,""<=""&I$12)",A94,
YearlyReport,J94,"=-SUMIFS(Transactions!$J:$J,Transactions!$G:$G,YearlyReport!$A94,Transactions!$B:$B,"">=""&J$11,Transactions!$B:$B,""<=""&J$12)+SUMIFS(Transactions!$I:$I,Transactions!$G:$G,YearlyReport!$A94,Transactions!$B:$B,"">=""&J$11,Transactions!$B:$B,""<=""&J$12)",A94,
YearlyReport,K94,"=-SUMIFS(Transactions!$J:$J,Transactions!$G:$G,YearlyReport!$A94,Transactions!$B:$B,"">=""&K$11,Transactions!$B:$B,""<=""&K$12)+SUMIFS(Transactions!$I:$I,Transactions!$G:$G,YearlyReport!$A94,Transactions!$B:$B,"">=""&K$11,Transactions!$B:$B,""<=""&K$12)",A94,
YearlyReport,L94,"=-SUMIFS(Transactions!$J:$J,Transactions!$G:$G,YearlyReport!$A94,Transactions!$B:$B,"">=""&L$11,Transactions!$B:$B,""<=""&L$12)+SUMIFS(Transactions!$I:$I,Transactions!$G:$G,YearlyReport!$A94,Transactions!$B:$B,"">=""&L$11,Transactions!$B:$B,""<=""&L$12)",A94,
YearlyReport,M94,"=-SUMIFS(Transactions!$J:$J,Transactions!$G:$G,YearlyReport!$A94,Transactions!$B:$B,"">=""&M$11,Transactions!$B:$B,""<=""&M$12)+SUMIFS(Transactions!$I:$I,Transactions!$G:$G,YearlyReport!$A94,Transactions!$B:$B,"">=""&M$11,Transactions!$B:$B,""<=""&M$12)",A94,
YearlyReport,N94,"=-SUMIFS(Transactions!$J:$J,Transactions!$G:$G,YearlyReport!$A94,Transactions!$B:$B,"">=""&N$11,Transactions!$B:$B,""<=""&N$12)+SUMIFS(Transactions!$I:$I,Transactions!$G:$G,YearlyReport!$A94,Transactions!$B:$B,"">=""&N$11,Transactions!$B:$B,""<=""&N$12)",A94,"YearlyReport!O94,YearlyReport!P94"
YearlyReport,O94,=SUM(C94:N94),"C94,N94",YearlyReport!P94
YearlyReport,P94,=O94/COLUMNS(C94:N94),"O94,C94,N94",
YearlyReport,A95, - ,,"YearlyReport!C95,YearlyReport!D95,YearlyReport!E95,YearlyReport!F95,YearlyReport!G95,YearlyReport!H95,YearlyReport!I95,YearlyReport!J95,YearlyReport!K95,YearlyReport!L95,YearlyReport!M95,YearlyReport!N95"
YearlyReport,B95,,,
YearlyReport,C95,"=-SUMIFS(Transactions!$J:$J,Transactions!$G:$G,YearlyReport!$A95,Transactions!$B:$B,"">=""&C$11,Transactions!$B:$B,""<=""&C$12)+SUMIFS(Transactions!$I:$I,Transactions!$G:$G,YearlyReport!$A95,Transactions!$B:$B,"">=""&C$11,Transactions!$B:$B,""<=""&C$12)",A95,"YearlyReport!O95,YearlyReport!P95"
YearlyReport,D95,"=-SUMIFS(Transactions!$J:$J,Transactions!$G:$G,YearlyReport!$A95,Transactions!$B:$B,"">=""&D$11,Transactions!$B:$B,""<=""&D$12)+SUMIFS(Transactions!$I:$I,Transactions!$G:$G,YearlyReport!$A95,Transactions!$B:$B,"">=""&D$11,Transactions!$B:$B,""<=""&D$12)",A95,
YearlyReport,E95,"=-SUMIFS(Transactions!$J:$J,Transactions!$G:$G,YearlyReport!$A95,Transactions!$B:$B,"">=""&E$11,Transactions!$B:$B,""<=""&E$12)+SUMIFS(Transactions!$I:$I,Transactions!$G:$G,YearlyReport!$A95,Transactions!$B:$B,"">=""&E$11,Transactions!$B:$B,""<=""&E$12)",A95,
YearlyReport,F95,"=-SUMIFS(Transactions!$J:$J,Transactions!$G:$G,YearlyReport!$A95,Transactions!$B:$B,"">=""&F$11,Transactions!$B:$B,""<=""&F$12)+SUMIFS(Transactions!$I:$I,Transactions!$G:$G,YearlyReport!$A95,Transactions!$B:$B,"">=""&F$11,Transactions!$B:$B,""<=""&F$12)",A95,
YearlyReport,G95,"=-SUMIFS(Transactions!$J:$J,Transactions!$G:$G,YearlyReport!$A95,Transactions!$B:$B,"">=""&G$11,Transactions!$B:$B,""<=""&G$12)+SUMIFS(Transactions!$I:$I,Transactions!$G:$G,YearlyReport!$A95,Transactions!$B:$B,"">=""&G$11,Transactions!$B:$B,""<=""&G$12)",A95,
YearlyReport,H95,"=-SUMIFS(Transactions!$J:$J,Transactions!$G:$G,YearlyReport!$A95,Transactions!$B:$B,"">=""&H$11,Transactions!$B:$B,""<=""&H$12)+SUMIFS(Transactions!$I:$I,Transactions!$G:$G,YearlyReport!$A95,Transactions!$B:$B,"">=""&H$11,Transactions!$B:$B,""<=""&H$12)",A95,
YearlyReport,I95,"=-SUMIFS(Transactions!$J:$J,Transactions!$G:$G,YearlyReport!$A95,Transactions!$B:$B,"">=""&I$11,Transactions!$B:$B,""<=""&I$12)+SUMIFS(Transactions!$I:$I,Transactions!$G:$G,YearlyReport!$A95,Transactions!$B:$B,"">=""&I$11,Transactions!$B:$B,""<=""&I$12)",A95,
YearlyReport,J95,"=-SUMIFS(Transactions!$J:$J,Transactions!$G:$G,YearlyReport!$A95,Transactions!$B:$B,"">=""&J$11,Transactions!$B:$B,""<=""&J$12)+SUMIFS(Transactions!$I:$I,Transactions!$G:$G,YearlyReport!$A95,Transactions!$B:$B,"">=""&J$11,Transactions!$B:$B,""<=""&J$12)",A95,
YearlyReport,K95,"=-SUMIFS(Transactions!$J:$J,Transactions!$G:$G,YearlyReport!$A95,Transactions!$B:$B,"">=""&K$11,Transactions!$B:$B,""<=""&K$12)+SUMIFS(Transactions!$I:$I,Transactions!$G:$G,YearlyReport!$A95,Transactions!$B:$B,"">=""&K$11,Transactions!$B:$B,""<=""&K$12)",A95,
YearlyReport,L95,"=-SUMIFS(Transactions!$J:$J,Transactions!$G:$G,YearlyReport!$A95,Transactions!$B:$B,"">=""&L$11,Transactions!$B:$B,""<=""&L$12)+SUMIFS(Transactions!$I:$I,Transactions!$G:$G,YearlyReport!$A95,Transactions!$B:$B,"">=""&L$11,Transactions!$B:$B,""<=""&L$12)",A95,
YearlyReport,M95,"=-SUMIFS(Transactions!$J:$J,Transactions!$G:$G,YearlyReport!$A95,Transactions!$B:$B,"">=""&M$11,Transactions!$B:$B,""<=""&M$12)+SUMIFS(Transactions!$I:$I,Transactions!$G:$G,YearlyReport!$A95,Transactions!$B:$B,"">=""&M$11,Transactions!$B:$B,""<=""&M$12)",A95,
YearlyReport,N95,"=-SUMIFS(Transactions!$J:$J,Transactions!$G:$G,YearlyReport!$A95,Transactions!$B:$B,"">=""&N$11,Transactions!$B:$B,""<=""&N$12)+SUMIFS(Transactions!$I:$I,Transactions!$G:$G,YearlyReport!$A95,Transactions!$B:$B,"">=""&N$11,Transactions!$B:$B,""<=""&N$12)",A95,"YearlyReport!O95,YearlyReport!P95"
YearlyReport,O95,=SUM(C95:N95),"C95,N95",YearlyReport!P95
YearlyReport,P95,=O95/COLUMNS(C95:N95),"O95,C95,N95",
YearlyReport,A96, - ,,"YearlyReport!C96,YearlyReport!D96,YearlyReport!E96,YearlyReport!F96,YearlyReport!G96,YearlyReport!H96,YearlyReport!I96,YearlyReport!J96,YearlyReport!K96,YearlyReport!L96,YearlyReport!M96,YearlyReport!N96"
YearlyReport,B96,,,
YearlyReport,C96,"=-SUMIFS(Transactions!$J:$J,Transactions!$G:$G,YearlyReport!$A96,Transactions!$B:$B,"">=""&C$11,Transactions!$B:$B,""<=""&C$12)+SUMIFS(Transactions!$I:$I,Transactions!$G:$G,YearlyReport!$A96,Transactions!$B:$B,"">=""&C$11,Transactions!$B:$B,""<=""&C$12)",A96,"YearlyReport!O96,YearlyReport!P96"
YearlyReport,D96,"=-SUMIFS(Transactions!$J:$J,Transactions!$G:$G,YearlyReport!$A96,Transactions!$B:$B,"">=""&D$11,Transactions!$B:$B,""<=""&D$12)+SUMIFS(Transactions!$I:$I,Transactions!$G:$G,YearlyReport!$A96,Transactions!$B:$B,"">=""&D$11,Transactions!$B:$B,""<=""&D$12)",A96,
YearlyReport,E96,"=-SUMIFS(Transactions!$J:$J,Transactions!$G:$G,YearlyReport!$A96,Transactions!$B:$B,"">=""&E$11,Transactions!$B:$B,""<=""&E$12)+SUMIFS(Transactions!$I:$I,Transactions!$G:$G,YearlyReport!$A96,Transactions!$B:$B,"">=""&E$11,Transactions!$B:$B,""<=""&E$12)",A96,
YearlyReport,F96,"=-SUMIFS(Transactions!$J:$J,Transactions!$G:$G,YearlyReport!$A96,Transactions!$B:$B,"">=""&F$11,Transactions!$B:$B,""<=""&F$12)+SUMIFS(Transactions!$I:$I,Transactions!$G:$G,YearlyReport!$A96,Transactions!$B:$B,"">=""&F$11,Transactions!$B:$B,""<=""&F$12)",A96,
YearlyReport,G96,"=-SUMIFS(Transactions!$J:$J,Transactions!$G:$G,YearlyReport!$A96,Transactions!$B:$B,"">=""&G$11,Transactions!$B:$B,""<=""&G$12)+SUMIFS(Transactions!$I:$I,Transactions!$G:$G,YearlyReport!$A96,Transactions!$B:$B,"">=""&G$11,Transactions!$B:$B,""<=""&G$12)",A96,
YearlyReport,H96,"=-SUMIFS(Transactions!$J:$J,Transactions!$G:$G,YearlyReport!$A96,Transactions!$B:$B,"">=""&H$11,Transactions!$B:$B,""<=""&H$12)+SUMIFS(Transactions!$I:$I,Transactions!$G:$G,YearlyReport!$A96,Transactions!$B:$B,"">=""&H$11,Transactions!$B:$B,""<=""&H$12)",A96,
YearlyReport,I96,"=-SUMIFS(Transactions!$J:$J,Transactions!$G:$G,YearlyReport!$A96,Transactions!$B:$B,"">=""&I$11,Transactions!$B:$B,""<=""&I$12)+SUMIFS(Transactions!$I:$I,Transactions!$G:$G,YearlyReport!$A96,Transactions!$B:$B,"">=""&I$11,Transactions!$B:$B,""<=""&I$12)",A96,
YearlyReport,J96,"=-SUMIFS(Transactions!$J:$J,Transactions!$G:$G,YearlyReport!$A96,Transactions!$B:$B,"">=""&J$11,Transactions!$B:$B,""<=""&J$12)+SUMIFS(Transactions!$I:$I,Transactions!$G:$G,YearlyReport!$A96,Transactions!$B:$B,"">=""&J$11,Transactions!$B:$B,""<=""&J$12)",A96,
YearlyReport,K96,"=-SUMIFS(Transactions!$J:$J,Transactions!$G:$G,YearlyReport!$A96,Transactions!$B:$B,"">=""&K$11,Transactions!$B:$B,""<=""&K$12)+SUMIFS(Transactions!$I:$I,Transactions!$G:$G,YearlyReport!$A96,Transactions!$B:$B,"">=""&K$11,Transactions!$B:$B,""<=""&K$12)",A96,
YearlyReport,L96,"=-SUMIFS(Transactions!$J:$J,Transactions!$G:$G,YearlyReport!$A96,Transactions!$B:$B,"">=""&L$11,Transactions!$B:$B,""<=""&L$12)+SUMIFS(Transactions!$I:$I,Transactions!$G:$G,YearlyReport!$A96,Transactions!$B:$B,"">=""&L$11,Transactions!$B:$B,""<=""&L$12)",A96,
YearlyReport,M96,"=-SUMIFS(Transactions!$J:$J,Transactions!$G:$G,YearlyReport!$A96,Transactions!$B:$B,"">=""&M$11,Transactions!$B:$B,""<=""&M$12)+SUMIFS(Transactions!$I:$I,Transactions!$G:$G,YearlyReport!$A96,Transactions!$B:$B,"">=""&M$11,Transactions!$B:$B,""<=""&M$12)",A96,
YearlyReport,N96,"=-SUMIFS(Transactions!$J:$J,Transactions!$G:$G,YearlyReport!$A96,Transactions!$B:$B,"">=""&N$11,Transactions!$B:$B,""<=""&N$12)+SUMIFS(Transactions!$I:$I,Transactions!$G:$G,YearlyReport!$A96,Transactions!$B:$B,"">=""&N$11,Transactions!$B:$B,""<=""&N$12)",A96,"YearlyReport!O96,YearlyReport!P96"
YearlyReport,O96,=SUM(C96:N96),"C96,N96",YearlyReport!P96
YearlyReport,P96,=O96/COLUMNS(C96:N96),"O96,C96,N96",
YearlyReport,A97, - ,,"YearlyReport!C97,YearlyReport!D97,YearlyReport!E97,YearlyReport!F97,YearlyReport!G97,YearlyReport!H97,YearlyReport!I97,YearlyReport!J97,YearlyReport!K97,YearlyReport!L97,YearlyReport!M97,YearlyReport!N97"
YearlyReport,B97,,,
YearlyReport,C97,"=-SUMIFS(Transactions!$J:$J,Transactions!$G:$G,YearlyReport!$A97,Transactions!$B:$B,"">=""&C$11,Transactions!$B:$B,""<=""&C$12)+SUMIFS(Transactions!$I:$I,Transactions!$G:$G,YearlyReport!$A97,Transactions!$B:$B,"">=""&C$11,Transactions!$B:$B,""<=""&C$12)",A97,"YearlyReport!O97,YearlyReport!P97"
YearlyReport,D97,"=-SUMIFS(Transactions!$J:$J,Transactions!$G:$G,YearlyReport!$A97,Transactions!$B:$B,"">=""&D$11,Transactions!$B:$B,""<=""&D$12)+SUMIFS(Transactions!$I:$I,Transactions!$G:$G,YearlyReport!$A97,Transactions!$B:$B,"">=""&D$11,Transactions!$B:$B,""<=""&D$12)",A97,
YearlyReport,E97,"=-SUMIFS(Transactions!$J:$J,Transactions!$G:$G,YearlyReport!$A97,Transactions!$B:$B,"">=""&E$11,Transactions!$B:$B,""<=""&E$12)+SUMIFS(Transactions!$I:$I,Transactions!$G:$G,YearlyReport!$A97,Transactions!$B:$B,"">=""&E$11,Transactions!$B:$B,""<=""&E$12)",A97,
YearlyReport,F97,"=-SUMIFS(Transactions!$J:$J,Transactions!$G:$G,YearlyReport!$A97,Transactions!$B:$B,"">=""&F$11,Transactions!$B:$B,""<=""&F$12)+SUMIFS(Transactions!$I:$I,Transactions!$G:$G,YearlyReport!$A97,Transactions!$B:$B,"">=""&F$11,Transactions!$B:$B,""<=""&F$12)",A97,
YearlyReport,G97,"=-SUMIFS(Transactions!$J:$J,Transactions!$G:$G,YearlyReport!$A97,Transactions!$B:$B,"">=""&G$11,Transactions!$B:$B,""<=""&G$12)+SUMIFS(Transactions!$I:$I,Transactions!$G:$G,YearlyReport!$A97,Transactions!$B:$B,"">=""&G$11,Transactions!$B:$B,""<=""&G$12)",A97,
YearlyReport,H97,"=-SUMIFS(Transactions!$J:$J,Transactions!$G:$G,YearlyReport!$A97,Transactions!$B:$B,"">=""&H$11,Transactions!$B:$B,""<=""&H$12)+SUMIFS(Transactions!$I:$I,Transactions!$G:$G,YearlyReport!$A97,Transactions!$B:$B,"">=""&H$11,Transactions!$B:$B,""<=""&H$12)",A97,
YearlyReport,I97,"=-SUMIFS(Transactions!$J:$J,Transactions!$G:$G,YearlyReport!$A97,Transactions!$B:$B,"">=""&I$11,Transactions!$B:$B,""<=""&I$12)+SUMIFS(Transactions!$I:$I,Transactions!$G:$G,YearlyReport!$A97,Transactions!$B:$B,"">=""&I$11,Transactions!$B:$B,""<=""&I$12)",A97,
YearlyReport,J97,"=-SUMIFS(Transactions!$J:$J,Transactions!$G:$G,YearlyReport!$A97,Transactions!$B:$B,"">=""&J$11,Transactions!$B:$B,""<=""&J$12)+SUMIFS(Transactions!$I:$I,Transactions!$G:$G,YearlyReport!$A97,Transactions!$B:$B,"">=""&J$11,Transactions!$B:$B,""<=""&J$12)",A97,
YearlyReport,K97,"=-SUMIFS(Transactions!$J:$J,Transactions!$G:$G,YearlyReport!$A97,Transactions!$B:$B,"">=""&K$11,Transactions!$B:$B,""<=""&K$12)+SUMIFS(Transactions!$I:$I,Transactions!$G:$G,YearlyReport!$A97,Transactions!$B:$B,"">=""&K$11,Transactions!$B:$B,""<=""&K$12)",A97,
YearlyReport,L97,"=-SUMIFS(Transactions!$J:$J,Transactions!$G:$G,YearlyReport!$A97,Transactions!$B:$B,"">=""&L$11,Transactions!$B:$B,""<=""&L$12)+SUMIFS(Transactions!$I:$I,Transactions!$G:$G,YearlyReport!$A97,Transactions!$B:$B,"">=""&L$11,Transactions!$B:$B,""<=""&L$12)",A97,
YearlyReport,M97,"=-SUMIFS(Transactions!$J:$J,Transactions!$G:$G,YearlyReport!$A97,Transactions!$B:$B,"">=""&M$11,Transactions!$B:$B,""<=""&M$12)+SUMIFS(Transactions!$I:$I,Transactions!$G:$G,YearlyReport!$A97,Transactions!$B:$B,"">=""&M$11,Transactions!$B:$B,""<=""&M$12)",A97,
YearlyReport,N97,"=-SUMIFS(Transactions!$J:$J,Transactions!$G:$G,YearlyReport!$A97,Transactions!$B:$B,"">=""&N$11,Transactions!$B:$B,""<=""&N$12)+SUMIFS(Transactions!$I:$I,Transactions!$G:$G,YearlyReport!$A97,Transactions!$B:$B,"">=""&N$11,Transactions!$B:$B,""<=""&N$12)",A97,"YearlyReport!O97,YearlyReport!P97"
YearlyReport,O97,=SUM(C97:N97),"C97,N97",YearlyReport!P97
YearlyReport,P97,=O97/COLUMNS(C97:N97),"O97,C97,N97",
YearlyReport,A98, - ,,"YearlyReport!C98,YearlyReport!D98,YearlyReport!E98,YearlyReport!F98,YearlyReport!G98,YearlyReport!H98,YearlyReport!I98,YearlyReport!J98,YearlyReport!K98,YearlyReport!L98,YearlyReport!M98,YearlyReport!N98"
YearlyReport,B98,,,
YearlyReport,C98,"=-SUMIFS(Transactions!$J:$J,Transactions!$G:$G,YearlyReport!$A98,Transactions!$B:$B,"">=""&C$11,Transactions!$B:$B,""<=""&C$12)+SUMIFS(Transactions!$I:$I,Transactions!$G:$G,YearlyReport!$A98,Transactions!$B:$B,"">=""&C$11,Transactions!$B:$B,""<=""&C$12)",A98,"YearlyReport!O98,YearlyReport!P98"
YearlyReport,D98,"=-SUMIFS(Transactions!$J:$J,Transactions!$G:$G,YearlyReport!$A98,Transactions!$B:$B,"">=""&D$11,Transactions!$B:$B,""<=""&D$12)+SUMIFS(Transactions!$I:$I,Transactions!$G:$G,YearlyReport!$A98,Transactions!$B:$B,"">=""&D$11,Transactions!$B:$B,""<=""&D$12)",A98,
YearlyReport,E98,"=-SUMIFS(Transactions!$J:$J,Transactions!$G:$G,YearlyReport!$A98,Transactions!$B:$B,"">=""&E$11,Transactions!$B:$B,""<=""&E$12)+SUMIFS(Transactions!$I:$I,Transactions!$G:$G,YearlyReport!$A98,Transactions!$B:$B,"">=""&E$11,Transactions!$B:$B,""<=""&E$12)",A98,
YearlyReport,F98,"=-SUMIFS(Transactions!$J:$J,Transactions!$G:$G,YearlyReport!$A98,Transactions!$B:$B,"">=""&F$11,Transactions!$B:$B,""<=""&F$12)+SUMIFS(Transactions!$I:$I,Transactions!$G:$G,YearlyReport!$A98,Transactions!$B:$B,"">=""&F$11,Transactions!$B:$B,""<=""&F$12)",A98,
YearlyReport,G98,"=-SUMIFS(Transactions!$J:$J,Transactions!$G:$G,YearlyReport!$A98,Transactions!$B:$B,"">=""&G$11,Transactions!$B:$B,""<=""&G$12)+SUMIFS(Transactions!$I:$I,Transactions!$G:$G,YearlyReport!$A98,Transactions!$B:$B,"">=""&G$11,Transactions!$B:$B,""<=""&G$12)",A98,
YearlyReport,H98,"=-SUMIFS(Transactions!$J:$J,Transactions!$G:$G,YearlyReport!$A98,Transactions!$B:$B,"">=""&H$11,Transactions!$B:$B,""<=""&H$12)+SUMIFS(Transactions!$I:$I,Transactions!$G:$G,YearlyReport!$A98,Transactions!$B:$B,"">=""&H$11,Transactions!$B:$B,""<=""&H$12)",A98,
YearlyReport,I98,"=-SUMIFS(Transactions!$J:$J,Transactions!$G:$G,YearlyReport!$A98,Transactions!$B:$B,"">=""&I$11,Transactions!$B:$B,""<=""&I$12)+SUMIFS(Transactions!$I:$I,Transactions!$G:$G,YearlyReport!$A98,Transactions!$B:$B,"">=""&I$11,Transactions!$B:$B,""<=""&I$12)",A98,
YearlyReport,J98,"=-SUMIFS(Transactions!$J:$J,Transactions!$G:$G,YearlyReport!$A98,Transactions!$B:$B,"">=""&J$11,Transactions!$B:$B,""<=""&J$12)+SUMIFS(Transactions!$I:$I,Transactions!$G:$G,YearlyReport!$A98,Transactions!$B:$B,"">=""&J$11,Transactions!$B:$B,""<=""&J$12)",A98,
YearlyReport,K98,"=-SUMIFS(Transactions!$J:$J,Transactions!$G:$G,YearlyReport!$A98,Transactions!$B:$B,"">=""&K$11,Transactions!$B:$B,""<=""&K$12)+SUMIFS(Transactions!$I:$I,Transactions!$G:$G,YearlyReport!$A98,Transactions!$B:$B,"">=""&K$11,Transactions!$B:$B,""<=""&K$12)",A98,
YearlyReport,L98,"=-SUMIFS(Transactions!$J:$J,Transactions!$G:$G,YearlyReport!$A98,Transactions!$B:$B,"">=""&L$11,Transactions!$B:$B,""<=""&L$12)+SUMIFS(Transactions!$I:$I,Transactions!$G:$G,YearlyReport!$A98,Transactions!$B:$B,"">=""&L$11,Transactions!$B:$B,""<=""&L$12)",A98,
YearlyReport,M98,"=-SUMIFS(Transactions!$J:$J,Transactions!$G:$G,YearlyReport!$A98,Transactions!$B:$B,"">=""&M$11,Transactions!$B:$B,""<=""&M$12)+SUMIFS(Transactions!$I:$I,Transactions!$G:$G,YearlyReport!$A98,Transactions!$B:$B,"">=""&M$11,Transactions!$B:$B,""<=""&M$12)",A98,
YearlyReport,N98,"=-SUMIFS(Transactions!$J:$J,Transactions!$G:$G,YearlyReport!$A98,Transactions!$B:$B,"">=""&N$11,Transactions!$B:$B,""<=""&N$12)+SUMIFS(Transactions!$I:$I,Transactions!$G:$G,YearlyReport!$A98,Transactions!$B:$B,"">=""&N$11,Transactions!$B:$B,""<=""&N$12)",A98,"YearlyReport!O98,YearlyReport!P98"
YearlyReport,O98,=SUM(C98:N98),"C98,N98",YearlyReport!P98
YearlyReport,P98,=O98/COLUMNS(C98:N98),"O98,C98,N98",
YearlyReport,A99, - ,,"YearlyReport!C99,YearlyReport!D99,YearlyReport!E99,YearlyReport!F99,YearlyReport!G99,YearlyReport!H99,YearlyReport!I99,YearlyReport!J99,YearlyReport!K99,YearlyReport!L99,YearlyReport!M99,YearlyReport!N99"
YearlyReport,B99,,,
YearlyReport,C99,"=-SUMIFS(Transactions!$J:$J,Transactions!$G:$G,YearlyReport!$A99,Transactions!$B:$B,"">=""&C$11,Transactions!$B:$B,""<=""&C$12)+SUMIFS(Transactions!$I:$I,Transactions!$G:$G,YearlyReport!$A99,Transactions!$B:$B,"">=""&C$11,Transactions!$B:$B,""<=""&C$12)",A99,"YearlyReport!O99,YearlyReport!P99"
YearlyReport,D99,"=-SUMIFS(Transactions!$J:$J,Transactions!$G:$G,YearlyReport!$A99,Transactions!$B:$B,"">=""&D$11,Transactions!$B:$B,""<=""&D$12)+SUMIFS(Transactions!$I:$I,Transactions!$G:$G,YearlyReport!$A99,Transactions!$B:$B,"">=""&D$11,Transactions!$B:$B,""<=""&D$12)",A99,
YearlyReport,E99,"=-SUMIFS(Transactions!$J:$J,Transactions!$G:$G,YearlyReport!$A99,Transactions!$B:$B,"">=""&E$11,Transactions!$B:$B,""<=""&E$12)+SUMIFS(Transactions!$I:$I,Transactions!$G:$G,YearlyReport!$A99,Transactions!$B:$B,"">=""&E$11,Transactions!$B:$B,""<=""&E$12)",A99,
YearlyReport,F99,"=-SUMIFS(Transactions!$J:$J,Transactions!$G:$G,YearlyReport!$A99,Transactions!$B:$B,"">=""&F$11,Transactions!$B:$B,""<=""&F$12)+SUMIFS(Transactions!$I:$I,Transactions!$G:$G,YearlyReport!$A99,Transactions!$B:$B,"">=""&F$11,Transactions!$B:$B,""<=""&F$12)",A99,
YearlyReport,G99,"=-SUMIFS(Transactions!$J:$J,Transactions!$G:$G,YearlyReport!$A99,Transactions!$B:$B,"">=""&G$11,Transactions!$B:$B,""<=""&G$12)+SUMIFS(Transactions!$I:$I,Transactions!$G:$G,YearlyReport!$A99,Transactions!$B:$B,"">=""&G$11,Transactions!$B:$B,""<=""&G$12)",A99,
YearlyReport,H99,"=-SUMIFS(Transactions!$J:$J,Transactions!$G:$G,YearlyReport!$A99,Transactions!$B:$B,"">=""&H$11,Transactions!$B:$B,""<=""&H$12)+SUMIFS(Transactions!$I:$I,Transactions!$G:$G,YearlyReport!$A99,Transactions!$B:$B,"">=""&H$11,Transactions!$B:$B,""<=""&H$12)",A99,
YearlyReport,I99,"=-SUMIFS(Transactions!$J:$J,Transactions!$G:$G,YearlyReport!$A99,Transactions!$B:$B,"">=""&I$11,Transactions!$B:$B,""<=""&I$12)+SUMIFS(Transactions!$I:$I,Transactions!$G:$G,YearlyReport!$A99,Transactions!$B:$B,"">=""&I$11,Transactions!$B:$B,""<=""&I$12)",A99,
YearlyReport,J99,"=-SUMIFS(Transactions!$J:$J,Transactions!$G:$G,YearlyReport!$A99,Transactions!$B:$B,"">=""&J$11,Transactions!$B:$B,""<=""&J$12)+SUMIFS(Transactions!$I:$I,Transactions!$G:$G,YearlyReport!$A99,Transactions!$B:$B,"">=""&J$11,Transactions!$B:$B,""<=""&J$12)",A99,
YearlyReport,K99,"=-SUMIFS(Transactions!$J:$J,Transactions!$G:$G,YearlyReport!$A99,Transactions!$B:$B,"">=""&K$11,Transactions!$B:$B,""<=""&K$12)+SUMIFS(Transactions!$I:$I,Transactions!$G:$G,YearlyReport!$A99,Transactions!$B:$B,"">=""&K$11,Transactions!$B:$B,""<=""&K$12)",A99,
YearlyReport,L99,"=-SUMIFS(Transactions!$J:$J,Transactions!$G:$G,YearlyReport!$A99,Transactions!$B:$B,"">=""&L$11,Transactions!$B:$B,""<=""&L$12)+SUMIFS(Transactions!$I:$I,Transactions!$G:$G,YearlyReport!$A99,Transactions!$B:$B,"">=""&L$11,Transactions!$B:$B,""<=""&L$12)",A99,
YearlyReport,M99,"=-SUMIFS(Transactions!$J:$J,Transactions!$G:$G,YearlyReport!$A99,Transactions!$B:$B,"">=""&M$11,Transactions!$B:$B,""<=""&M$12)+SUMIFS(Transactions!$I:$I,Transactions!$G:$G,YearlyReport!$A99,Transactions!$B:$B,"">=""&M$11,Transactions!$B:$B,""<=""&M$12)",A99,
YearlyReport,N99,"=-SUMIFS(Transactions!$J:$J,Transactions!$G:$G,YearlyReport!$A99,Transactions!$B:$B,"">=""&N$11,Transactions!$B:$B,""<=""&N$12)+SUMIFS(Transactions!$I:$I,Transactions!$G:$G,YearlyReport!$A99,Transactions!$B:$B,"">=""&N$11,Transactions!$B:$B,""<=""&N$12)",A99,"YearlyReport!O99,YearlyReport!P99"
YearlyReport,O99,=SUM(C99:N99),"C99,N99",YearlyReport!P99
YearlyReport,P99,=O99/COLUMNS(C99:N99),"O99,C99,N99",
YearlyReport,A100, - ,,"YearlyReport!C100,YearlyReport!D100,YearlyReport!E100,YearlyReport!F100,YearlyReport!G100,YearlyReport!H100,YearlyReport!I100,YearlyReport!J100,YearlyReport!K100,YearlyReport!L100,YearlyReport!M100,YearlyReport!N100"
YearlyReport,B100,,,
YearlyReport,C100,"=-SUMIFS(Transactions!$J:$J,Transactions!$G:$G,YearlyReport!$A100,Transactions!$B:$B,"">=""&C$11,Transactions!$B:$B,""<=""&C$12)+SUMIFS(Transactions!$I:$I,Transactions!$G:$G,YearlyReport!$A100,Transactions!$B:$B,"">=""&C$11,Transactions!$B:$B,""<=""&C$12)",A100,"YearlyReport!O100,YearlyReport!P100"
YearlyReport,D100,"=-SUMIFS(Transactions!$J:$J,Transactions!$G:$G,YearlyReport!$A100,Transactions!$B:$B,"">=""&D$11,Transactions!$B:$B,""<=""&D$12)+SUMIFS(Transactions!$I:$I,Transactions!$G:$G,YearlyReport!$A100,Transactions!$B:$B,"">=""&D$11,Transactions!$B:$B,""<=""&D$12)",A100,
YearlyReport,E100,"=-SUMIFS(Transactions!$J:$J,Transactions!$G:$G,YearlyReport!$A100,Transactions!$B:$B,"">=""&E$11,Transactions!$B:$B,""<=""&E$12)+SUMIFS(Transactions!$I:$I,Transactions!$G:$G,YearlyReport!$A100,Transactions!$B:$B,"">=""&E$11,Transactions!$B:$B,""<=""&E$12)",A100,
YearlyReport,F100,"=-SUMIFS(Transactions!$J:$J,Transactions!$G:$G,YearlyReport!$A100,Transactions!$B:$B,"">=""&F$11,Transactions!$B:$B,""<=""&F$12)+SUMIFS(Transactions!$I:$I,Transactions!$G:$G,YearlyReport!$A100,Transactions!$B:$B,"">=""&F$11,Transactions!$B:$B,""<=""&F$12)",A100,
YearlyReport,G100,"=-SUMIFS(Transactions!$J:$J,Transactions!$G:$G,YearlyReport!$A100,Transactions!$B:$B,"">=""&G$11,Transactions!$B:$B,""<=""&G$12)+SUMIFS(Transactions!$I:$I,Transactions!$G:$G,YearlyReport!$A100,Transactions!$B:$B,"">=""&G$11,Transactions!$B:$B,""<=""&G$12)",A100,
YearlyReport,H100,"=-SUMIFS(Transactions!$J:$J,Transactions!$G:$G,YearlyReport!$A100,Transactions!$B:$B,"">=""&H$11,Transactions!$B:$B,""<=""&H$12)+SUMIFS(Transactions!$I:$I,Transactions!$G:$G,YearlyReport!$A100,Transactions!$B:$B,"">=""&H$11,Transactions!$B:$B,""<=""&H$12)",A100,
YearlyReport,I100,"=-SUMIFS(Transactions!$J:$J,Transactions!$G:$G,YearlyReport!$A100,Transactions!$B:$B,"">=""&I$11,Transactions!$B:$B,""<=""&I$12)+SUMIFS(Transactions!$I:$I,Transactions!$G:$G,YearlyReport!$A100,Transactions!$B:$B,"">=""&I$11,Transactions!$B:$B,""<=""&I$12)",A100,
YearlyReport,J100,"=-SUMIFS(Transactions!$J:$J,Transactions!$G:$G,YearlyReport!$A100,Transactions!$B:$B,"">=""&J$11,Transactions!$B:$B,""<=""&J$12)+SUMIFS(Transactions!$I:$I,Transactions!$G:$G,YearlyReport!$A100,Transactions!$B:$B,"">=""&J$11,Transactions!$B:$B,""<=""&J$12)",A100,
YearlyReport,K100,"=-SUMIFS(Transactions!$J:$J,Transactions!$G:$G,YearlyReport!$A100,Transactions!$B:$B,"">=""&K$11,Transactions!$B:$B,""<=""&K$12)+SUMIFS(Transactions!$I:$I,Transactions!$G:$G,YearlyReport!$A100,Transactions!$B:$B,"">=""&K$11,Transactions!$B:$B,""<=""&K$12)",A100,
YearlyReport,L100,"=-SUMIFS(Transactions!$J:$J,Transactions!$G:$G,YearlyReport!$A100,Transactions!$B:$B,"">=""&L$11,Transactions!$B:$B,""<=""&L$12)+SUMIFS(Transactions!$I:$I,Transactions!$G:$G,YearlyReport!$A100,Transactions!$B:$B,"">=""&L$11,Transactions!$B:$B,""<=""&L$12)",A100,
YearlyReport,M100,"=-SUMIFS(Transactions!$J:$J,Transactions!$G:$G,YearlyReport!$A100,Transactions!$B:$B,"">=""&M$11,Transactions!$B:$B,""<=""&M$12)+SUMIFS(Transactions!$I:$I,Transactions!$G:$G,YearlyReport!$A100,Transactions!$B:$B,"">=""&M$11,Transactions!$B:$B,""<=""&M$12)",A100,
YearlyReport,N100,"=-SUMIFS(Transactions!$J:$J,Transactions!$G:$G,YearlyReport!$A100,Transactions!$B:$B,"">=""&N$11,Transactions!$B:$B,""<=""&N$12)+SUMIFS(Transactions!$I:$I,Transactions!$G:$G,YearlyReport!$A100,Transactions!$B:$B,"">=""&N$11,Transactions!$B:$B,""<=""&N$12)",A100,"YearlyReport!O100,YearlyReport!P100"
YearlyReport,O100,=SUM(C100:N100),"C100,N100",YearlyReport!P100
YearlyReport,P100,=O100/COLUMNS(C100:N100),"O100,C100,N100",
YearlyReport,A101, - ,,"YearlyReport!C101,YearlyReport!D101,YearlyReport!E101,YearlyReport!F101,YearlyReport!G101,YearlyReport!H101,YearlyReport!I101,YearlyReport!J101,YearlyReport!K101,YearlyReport!L101,YearlyReport!M101,YearlyReport!N101"
YearlyReport,B101,,,
YearlyReport,C101,"=-SUMIFS(Transactions!$J:$J,Transactions!$G:$G,YearlyReport!$A101,Transactions!$B:$B,"">=""&C$11,Transactions!$B:$B,""<=""&C$12)+SUMIFS(Transactions!$I:$I,Transactions!$G:$G,YearlyReport!$A101,Transactions!$B:$B,"">=""&C$11,Transactions!$B:$B,""<=""&C$12)",A101,"YearlyReport!O101,YearlyReport!P101"
YearlyReport,D101,"=-SUMIFS(Transactions!$J:$J,Transactions!$G:$G,YearlyReport!$A101,Transactions!$B:$B,"">=""&D$11,Transactions!$B:$B,""<=""&D$12)+SUMIFS(Transactions!$I:$I,Transactions!$G:$G,YearlyReport!$A101,Transactions!$B:$B,"">=""&D$11,Transactions!$B:$B,""<=""&D$12)",A101,
YearlyReport,E101,"=-SUMIFS(Transactions!$J:$J,Transactions!$G:$G,YearlyReport!$A101,Transactions!$B:$B,"">=""&E$11,Transactions!$B:$B,""<=""&E$12)+SUMIFS(Transactions!$I:$I,Transactions!$G:$G,YearlyReport!$A101,Transactions!$B:$B,"">=""&E$11,Transactions!$B:$B,""<=""&E$12)",A101,
YearlyReport,F101,"=-SUMIFS(Transactions!$J:$J,Transactions!$G:$G,YearlyReport!$A101,Transactions!$B:$B,"">=""&F$11,Transactions!$B:$B,""<=""&F$12)+SUMIFS(Transactions!$I:$I,Transactions!$G:$G,YearlyReport!$A101,Transactions!$B:$B,"">=""&F$11,Transactions!$B:$B,""<=""&F$12)",A101,
YearlyReport,G101,"=-SUMIFS(Transactions!$J:$J,Transactions!$G:$G,YearlyReport!$A101,Transactions!$B:$B,"">=""&G$11,Transactions!$B:$B,""<=""&G$12)+SUMIFS(Transactions!$I:$I,Transactions!$G:$G,YearlyReport!$A101,Transactions!$B:$B,"">=""&G$11,Transactions!$B:$B,""<=""&G$12)",A101,
YearlyReport,H101,"=-SUMIFS(Transactions!$J:$J,Transactions!$G:$G,YearlyReport!$A101,Transactions!$B:$B,"">=""&H$11,Transactions!$B:$B,""<=""&H$12)+SUMIFS(Transactions!$I:$I,Transactions!$G:$G,YearlyReport!$A101,Transactions!$B:$B,"">=""&H$11,Transactions!$B:$B,""<=""&H$12)",A101,
YearlyReport,I101,"=-SUMIFS(Transactions!$J:$J,Transactions!$G:$G,YearlyReport!$A101,Transactions!$B:$B,"">=""&I$11,Transactions!$B:$B,""<=""&I$12)+SUMIFS(Transactions!$I:$I,Transactions!$G:$G,YearlyReport!$A101,Transactions!$B:$B,"">=""&I$11,Transactions!$B:$B,""<=""&I$12)",A101,
YearlyReport,J101,"=-SUMIFS(Transactions!$J:$J,Transactions!$G:$G,YearlyReport!$A101,Transactions!$B:$B,"">=""&J$11,Transactions!$B:$B,""<=""&J$12)+SUMIFS(Transactions!$I:$I,Transactions!$G:$G,YearlyReport!$A101,Transactions!$B:$B,"">=""&J$11,Transactions!$B:$B,""<=""&J$12)",A101,
YearlyReport,K101,"=-SUMIFS(Transactions!$J:$J,Transactions!$G:$G,YearlyReport!$A101,Transactions!$B:$B,"">=""&K$11,Transactions!$B:$B,""<=""&K$12)+SUMIFS(Transactions!$I:$I,Transactions!$G:$G,YearlyReport!$A101,Transactions!$B:$B,"">=""&K$11,Transactions!$B:$B,""<=""&K$12)",A101,
YearlyReport,L101,"=-SUMIFS(Transactions!$J:$J,Transactions!$G:$G,YearlyReport!$A101,Transactions!$B:$B,"">=""&L$11,Transactions!$B:$B,""<=""&L$12)+SUMIFS(Transactions!$I:$I,Transactions!$G:$G,YearlyReport!$A101,Transactions!$B:$B,"">=""&L$11,Transactions!$B:$B,""<=""&L$12)",A101,
YearlyReport,M101,"=-SUMIFS(Transactions!$J:$J,Transactions!$G:$G,YearlyReport!$A101,Transactions!$B:$B,"">=""&M$11,Transactions!$B:$B,""<=""&M$12)+SUMIFS(Transactions!$I:$I,Transactions!$G:$G,YearlyReport!$A101,Transactions!$B:$B,"">=""&M$11,Transactions!$B:$B,""<=""&M$12)",A101,
YearlyReport,N101,"=-SUMIFS(Transactions!$J:$J,Transactions!$G:$G,YearlyReport!$A101,Transactions!$B:$B,"">=""&N$11,Transactions!$B:$B,""<=""&N$12)+SUMIFS(Transactions!$I:$I,Transactions!$G:$G,YearlyReport!$A101,Transactions!$B:$B,"">=""&N$11,Transactions!$B:$B,""<=""&N$12)",A101,"YearlyReport!O101,YearlyReport!P101"
YearlyReport,O101,=SUM(C101:N101),"C101,N101",YearlyReport!P101
YearlyReport,P101,=O101/COLUMNS(C101:N101),"O101,C101,N101",
YearlyReport,A102, - ,,"YearlyReport!C102,YearlyReport!D102,YearlyReport!E102,YearlyReport!F102,YearlyReport!G102,YearlyReport!H102,YearlyReport!I102,YearlyReport!J102,YearlyReport!K102,YearlyReport!L102,YearlyReport!M102,YearlyReport!N102"
YearlyReport,B102,,,
YearlyReport,C102,"=-SUMIFS(Transactions!$J:$J,Transactions!$G:$G,YearlyReport!$A102,Transactions!$B:$B,"">=""&C$11,Transactions!$B:$B,""<=""&C$12)+SUMIFS(Transactions!$I:$I,Transactions!$G:$G,YearlyReport!$A102,Transactions!$B:$B,"">=""&C$11,Transactions!$B:$B,""<=""&C$12)",A102,"YearlyReport!O102,YearlyReport!P102"
YearlyReport,D102,"=-SUMIFS(Transactions!$J:$J,Transactions!$G:$G,YearlyReport!$A102,Transactions!$B:$B,"">=""&D$11,Transactions!$B:$B,""<=""&D$12)+SUMIFS(Transactions!$I:$I,Transactions!$G:$G,YearlyReport!$A102,Transactions!$B:$B,"">=""&D$11,Transactions!$B:$B,""<=""&D$12)",A102,
YearlyReport,E102,"=-SUMIFS(Transactions!$J:$J,Transactions!$G:$G,YearlyReport!$A102,Transactions!$B:$B,"">=""&E$11,Transactions!$B:$B,""<=""&E$12)+SUMIFS(Transactions!$I:$I,Transactions!$G:$G,YearlyReport!$A102,Transactions!$B:$B,"">=""&E$11,Transactions!$B:$B,""<=""&E$12)",A102,
YearlyReport,F102,"=-SUMIFS(Transactions!$J:$J,Transactions!$G:$G,YearlyReport!$A102,Transactions!$B:$B,"">=""&F$11,Transactions!$B:$B,""<=""&F$12)+SUMIFS(Transactions!$I:$I,Transactions!$G:$G,YearlyReport!$A102,Transactions!$B:$B,"">=""&F$11,Transactions!$B:$B,""<=""&F$12)",A102,
YearlyReport,G102,"=-SUMIFS(Transactions!$J:$J,Transactions!$G:$G,YearlyReport!$A102,Transactions!$B:$B,"">=""&G$11,Transactions!$B:$B,""<=""&G$12)+SUMIFS(Transactions!$I:$I,Transactions!$G:$G,YearlyReport!$A102,Transactions!$B:$B,"">=""&G$11,Transactions!$B:$B,""<=""&G$12)",A102,
YearlyReport,H102,"=-SUMIFS(Transactions!$J:$J,Transactions!$G:$G,YearlyReport!$A102,Transactions!$B:$B,"">=""&H$11,Transactions!$B:$B,""<=""&H$12)+SUMIFS(Transactions!$I:$I,Transactions!$G:$G,YearlyReport!$A102,Transactions!$B:$B,"">=""&H$11,Transactions!$B:$B,""<=""&H$12)",A102,
YearlyReport,I102,"=-SUMIFS(Transactions!$J:$J,Transactions!$G:$G,YearlyReport!$A102,Transactions!$B:$B,"">=""&I$11,Transactions!$B:$B,""<=""&I$12)+SUMIFS(Transactions!$I:$I,Transactions!$G:$G,YearlyReport!$A102,Transactions!$B:$B,"">=""&I$11,Transactions!$B:$B,""<=""&I$12)",A102,
YearlyReport,J102,"=-SUMIFS(Transactions!$J:$J,Transactions!$G:$G,YearlyReport!$A102,Transactions!$B:$B,"">=""&J$11,Transactions!$B:$B,""<=""&J$12)+SUMIFS(Transactions!$I:$I,Transactions!$G:$G,YearlyReport!$A102,Transactions!$B:$B,"">=""&J$11,Transactions!$B:$B,""<=""&J$12)",A102,
YearlyReport,K102,"=-SUMIFS(Transactions!$J:$J,Transactions!$G:$G,YearlyReport!$A102,Transactions!$B:$B,"">=""&K$11,Transactions!$B:$B,""<=""&K$12)+SUMIFS(Transactions!$I:$I,Transactions!$G:$G,YearlyReport!$A102,Transactions!$B:$B,"">=""&K$11,Transactions!$B:$B,""<=""&K$12)",A102,
YearlyReport,L102,"=-SUMIFS(Transactions!$J:$J,Transactions!$G:$G,YearlyReport!$A102,Transactions!$B:$B,"">=""&L$11,Transactions!$B:$B,""<=""&L$12)+SUMIFS(Transactions!$I:$I,Transactions!$G:$G,YearlyReport!$A102,Transactions!$B:$B,"">=""&L$11,Transactions!$B:$B,""<=""&L$12)",A102,
YearlyReport,M102,"=-SUMIFS(Transactions!$J:$J,Transactions!$G:$G,YearlyReport!$A102,Transactions!$B:$B,"">=""&M$11,Transactions!$B:$B,""<=""&M$12)+SUMIFS(Transactions!$I:$I,Transactions!$G:$G,YearlyReport!$A102,Transactions!$B:$B,"">=""&M$11,Transactions!$B:$B,""<=""&M$12)",A102,
YearlyReport,N102,"=-SUMIFS(Transactions!$J:$J,Transactions!$G:$G,YearlyReport!$A102,Transactions!$B:$B,"">=""&N$11,Transactions!$B:$B,""<=""&N$12)+SUMIFS(Transactions!$I:$I,Transactions!$G:$G,YearlyReport!$A102,Transactions!$B:$B,"">=""&N$11,Transactions!$B:$B,""<=""&N$12)",A102,"YearlyReport!O102,YearlyReport!P102"
YearlyReport,O102,=SUM(C102:N102),"C102,N102",YearlyReport!P102
YearlyReport,P102,=O102/COLUMNS(C102:N102),"O102,C102,N102",
YearlyReport,A103, - ,,"YearlyReport!C103,YearlyReport!D103,YearlyReport!E103,YearlyReport!F103,YearlyReport!G103,YearlyReport!H103,YearlyReport!I103,YearlyReport!J103,YearlyReport!K103,YearlyReport!L103,YearlyReport!M103,YearlyReport!N103"
YearlyReport,B103,,,
YearlyReport,C103,"=-SUMIFS(Transactions!$J:$J,Transactions!$G:$G,YearlyReport!$A103,Transactions!$B:$B,"">=""&C$11,Transactions!$B:$B,""<=""&C$12)+SUMIFS(Transactions!$I:$I,Transactions!$G:$G,YearlyReport!$A103,Transactions!$B:$B,"">=""&C$11,Transactions!$B:$B,""<=""&C$12)",A103,"YearlyReport!O103,YearlyReport!P103"
YearlyReport,D103,"=-SUMIFS(Transactions!$J:$J,Transactions!$G:$G,YearlyReport!$A103,Transactions!$B:$B,"">=""&D$11,Transactions!$B:$B,""<=""&D$12)+SUMIFS(Transactions!$I:$I,Transactions!$G:$G,YearlyReport!$A103,Transactions!$B:$B,"">=""&D$11,Transactions!$B:$B,""<=""&D$12)",A103,
YearlyReport,E103,"=-SUMIFS(Transactions!$J:$J,Transactions!$G:$G,YearlyReport!$A103,Transactions!$B:$B,"">=""&E$11,Transactions!$B:$B,""<=""&E$12)+SUMIFS(Transactions!$I:$I,Transactions!$G:$G,YearlyReport!$A103,Transactions!$B:$B,"">=""&E$11,Transactions!$B:$B,""<=""&E$12)",A103,
YearlyReport,F103,"=-SUMIFS(Transactions!$J:$J,Transactions!$G:$G,YearlyReport!$A103,Transactions!$B:$B,"">=""&F$11,Transactions!$B:$B,""<=""&F$12)+SUMIFS(Transactions!$I:$I,Transactions!$G:$G,YearlyReport!$A103,Transactions!$B:$B,"">=""&F$11,Transactions!$B:$B,""<=""&F$12)",A103,
YearlyReport,G103,"=-SUMIFS(Transactions!$J:$J,Transactions!$G:$G,YearlyReport!$A103,Transactions!$B:$B,"">=""&G$11,Transactions!$B:$B,""<=""&G$12)+SUMIFS(Transactions!$I:$I,Transactions!$G:$G,YearlyReport!$A103,Transactions!$B:$B,"">=""&G$11,Transactions!$B:$B,""<=""&G$12)",A103,
YearlyReport,H103,"=-SUMIFS(Transactions!$J:$J,Transactions!$G:$G,YearlyReport!$A103,Transactions!$B:$B,"">=""&H$11,Transactions!$B:$B,""<=""&H$12)+SUMIFS(Transactions!$I:$I,Transactions!$G:$G,YearlyReport!$A103,Transactions!$B:$B,"">=""&H$11,Transactions!$B:$B,""<=""&H$12)",A103,
YearlyReport,I103,"=-SUMIFS(Transactions!$J:$J,Transactions!$G:$G,YearlyReport!$A103,Transactions!$B:$B,"">=""&I$11,Transactions!$B:$B,""<=""&I$12)+SUMIFS(Transactions!$I:$I,Transactions!$G:$G,YearlyReport!$A103,Transactions!$B:$B,"">=""&I$11,Transactions!$B:$B,""<=""&I$12)",A103,
YearlyReport,J103,"=-SUMIFS(Transactions!$J:$J,Transactions!$G:$G,YearlyReport!$A103,Transactions!$B:$B,"">=""&J$11,Transactions!$B:$B,""<=""&J$12)+SUMIFS(Transactions!$I:$I,Transactions!$G:$G,YearlyReport!$A103,Transactions!$B:$B,"">=""&J$11,Transactions!$B:$B,""<=""&J$12)",A103,
YearlyReport,K103,"=-SUMIFS(Transactions!$J:$J,Transactions!$G:$G,YearlyReport!$A103,Transactions!$B:$B,"">=""&K$11,Transactions!$B:$B,""<=""&K$12)+SUMIFS(Transactions!$I:$I,Transactions!$G:$G,YearlyReport!$A103,Transactions!$B:$B,"">=""&K$11,Transactions!$B:$B,""<=""&K$12)",A103,
YearlyReport,L103,"=-SUMIFS(Transactions!$J:$J,Transactions!$G:$G,YearlyReport!$A103,Transactions!$B:$B,"">=""&L$11,Transactions!$B:$B,""<=""&L$12)+SUMIFS(Transactions!$I:$I,Transactions!$G:$G,YearlyReport!$A103,Transactions!$B:$B,"">=""&L$11,Transactions!$B:$B,""<=""&L$12)",A103,
YearlyReport,M103,"=-SUMIFS(Transactions!$J:$J,Transactions!$G:$G,YearlyReport!$A103,Transactions!$B:$B,"">=""&M$11,Transactions!$B:$B,""<=""&M$12)+SUMIFS(Transactions!$I:$I,Transactions!$G:$G,YearlyReport!$A103,Transactions!$B:$B,"">=""&M$11,Transactions!$B:$B,""<=""&M$12)",A103,
YearlyReport,N103,"=-SUMIFS(Transactions!$J:$J,Transactions!$G:$G,YearlyReport!$A103,Transactions!$B:$B,"">=""&N$11,Transactions!$B:$B,""<=""&N$12)+SUMIFS(Transactions!$I:$I,Transactions!$G:$G,YearlyReport!$A103,Transactions!$B:$B,"">=""&N$11,Transactions!$B:$B,""<=""&N$12)",A103,"YearlyReport!O103,YearlyReport!P103"
YearlyReport,O103,=SUM(C103:N103),"C103,N103",YearlyReport!P103
YearlyReport,P103,=O103/COLUMNS(C103:N103),"O103,C103,N103",
YearlyReport,A104, - ,,"YearlyReport!C104,YearlyReport!D104,YearlyReport!E104,YearlyReport!F104,YearlyReport!G104,YearlyReport!H104,YearlyReport!I104,YearlyReport!J104,YearlyReport!K104,YearlyReport!L104,YearlyReport!M104,YearlyReport!N104"
YearlyReport,B104,,,
YearlyReport,C104,"=-SUMIFS(Transactions!$J:$J,Transactions!$G:$G,YearlyReport!$A104,Transactions!$B:$B,"">=""&C$11,Transactions!$B:$B,""<=""&C$12)+SUMIFS(Transactions!$I:$I,Transactions!$G:$G,YearlyReport!$A104,Transactions!$B:$B,"">=""&C$11,Transactions!$B:$B,""<=""&C$12)",A104,"YearlyReport!O104,YearlyReport!P104"
YearlyReport,D104,"=-SUMIFS(Transactions!$J:$J,Transactions!$G:$G,YearlyReport!$A104,Transactions!$B:$B,"">=""&D$11,Transactions!$B:$B,""<=""&D$12)+SUMIFS(Transactions!$I:$I,Transactions!$G:$G,YearlyReport!$A104,Transactions!$B:$B,"">=""&D$11,Transactions!$B:$B,""<=""&D$12)",A104,
YearlyReport,E104,"=-SUMIFS(Transactions!$J:$J,Transactions!$G:$G,YearlyReport!$A104,Transactions!$B:$B,"">=""&E$11,Transactions!$B:$B,""<=""&E$12)+SUMIFS(Transactions!$I:$I,Transactions!$G:$G,YearlyReport!$A104,Transactions!$B:$B,"">=""&E$11,Transactions!$B:$B,""<=""&E$12)",A104,
YearlyReport,F104,"=-SUMIFS(Transactions!$J:$J,Transactions!$G:$G,YearlyReport!$A104,Transactions!$B:$B,"">=""&F$11,Transactions!$B:$B,""<=""&F$12)+SUMIFS(Transactions!$I:$I,Transactions!$G:$G,YearlyReport!$A104,Transactions!$B:$B,"">=""&F$11,Transactions!$B:$B,""<=""&F$12)",A104,
YearlyReport,G104,"=-SUMIFS(Transactions!$J:$J,Transactions!$G:$G,YearlyReport!$A104,Transactions!$B:$B,"">=""&G$11,Transactions!$B:$B,""<=""&G$12)+SUMIFS(Transactions!$I:$I,Transactions!$G:$G,YearlyReport!$A104,Transactions!$B:$B,"">=""&G$11,Transactions!$B:$B,""<=""&G$12)",A104,
YearlyReport,H104,"=-SUMIFS(Transactions!$J:$J,Transactions!$G:$G,YearlyReport!$A104,Transactions!$B:$B,"">=""&H$11,Transactions!$B:$B,""<=""&H$12)+SUMIFS(Transactions!$I:$I,Transactions!$G:$G,YearlyReport!$A104,Transactions!$B:$B,"">=""&H$11,Transactions!$B:$B,""<=""&H$12)",A104,
YearlyReport,I104,"=-SUMIFS(Transactions!$J:$J,Transactions!$G:$G,YearlyReport!$A104,Transactions!$B:$B,"">=""&I$11,Transactions!$B:$B,""<=""&I$12)+SUMIFS(Transactions!$I:$I,Transactions!$G:$G,YearlyReport!$A104,Transactions!$B:$B,"">=""&I$11,Transactions!$B:$B,""<=""&I$12)",A104,
YearlyReport,J104,"=-SUMIFS(Transactions!$J:$J,Transactions!$G:$G,YearlyReport!$A104,Transactions!$B:$B,"">=""&J$11,Transactions!$B:$B,""<=""&J$12)+SUMIFS(Transactions!$I:$I,Transactions!$G:$G,YearlyReport!$A104,Transactions!$B:$B,"">=""&J$11,Transactions!$B:$B,""<=""&J$12)",A104,
YearlyReport,K104,"=-SUMIFS(Transactions!$J:$J,Transactions!$G:$G,YearlyReport!$A104,Transactions!$B:$B,"">=""&K$11,Transactions!$B:$B,""<=""&K$12)+SUMIFS(Transactions!$I:$I,Transactions!$G:$G,YearlyReport!$A104,Transactions!$B:$B,"">=""&K$11,Transactions!$B:$B,""<=""&K$12)",A104,
YearlyReport,L104,"=-SUMIFS(Transactions!$J:$J,Transactions!$G:$G,YearlyReport!$A104,Transactions!$B:$B,"">=""&L$11,Transactions!$B:$B,""<=""&L$12)+SUMIFS(Transactions!$I:$I,Transactions!$G:$G,YearlyReport!$A104,Transactions!$B:$B,"">=""&L$11,Transactions!$B:$B,""<=""&L$12)",A104,
YearlyReport,M104,"=-SUMIFS(Transactions!$J:$J,Transactions!$G:$G,YearlyReport!$A104,Transactions!$B:$B,"">=""&M$11,Transactions!$B:$B,""<=""&M$12)+SUMIFS(Transactions!$I:$I,Transactions!$G:$G,YearlyReport!$A104,Transactions!$B:$B,"">=""&M$11,Transactions!$B:$B,""<=""&M$12)",A104,
YearlyReport,N104,"=-SUMIFS(Transactions!$J:$J,Transactions!$G:$G,YearlyReport!$A104,Transactions!$B:$B,"">=""&N$11,Transactions!$B:$B,""<=""&N$12)+SUMIFS(Transactions!$I:$I,Transactions!$G:$G,YearlyReport!$A104,Transactions!$B:$B,"">=""&N$11,Transactions!$B:$B,""<=""&N$12)",A104,"YearlyReport!O104,YearlyReport!P104"
YearlyReport,O104,=SUM(C104:N104),"C104,N104",YearlyReport!P104
YearlyReport,P104,=O104/COLUMNS(C104:N104),"O104,C104,N104",
YearlyReport,A105, - ,,"YearlyReport!C105,YearlyReport!D105,YearlyReport!E105,YearlyReport!F105,YearlyReport!G105,YearlyReport!H105,YearlyReport!I105,YearlyReport!J105,YearlyReport!K105,YearlyReport!L105,YearlyReport!M105,YearlyReport!N105"
YearlyReport,B105,,,
YearlyReport,C105,"=-SUMIFS(Transactions!$J:$J,Transactions!$G:$G,YearlyReport!$A105,Transactions!$B:$B,"">=""&C$11,Transactions!$B:$B,""<=""&C$12)+SUMIFS(Transactions!$I:$I,Transactions!$G:$G,YearlyReport!$A105,Transactions!$B:$B,"">=""&C$11,Transactions!$B:$B,""<=""&C$12)",A105,"YearlyReport!O105,YearlyReport!P105"
YearlyReport,D105,"=-SUMIFS(Transactions!$J:$J,Transactions!$G:$G,YearlyReport!$A105,Transactions!$B:$B,"">=""&D$11,Transactions!$B:$B,""<=""&D$12)+SUMIFS(Transactions!$I:$I,Transactions!$G:$G,YearlyReport!$A105,Transactions!$B:$B,"">=""&D$11,Transactions!$B:$B,""<=""&D$12)",A105,
YearlyReport,E105,"=-SUMIFS(Transactions!$J:$J,Transactions!$G:$G,YearlyReport!$A105,Transactions!$B:$B,"">=""&E$11,Transactions!$B:$B,""<=""&E$12)+SUMIFS(Transactions!$I:$I,Transactions!$G:$G,YearlyReport!$A105,Transactions!$B:$B,"">=""&E$11,Transactions!$B:$B,""<=""&E$12)",A105,
YearlyReport,F105,"=-SUMIFS(Transactions!$J:$J,Transactions!$G:$G,YearlyReport!$A105,Transactions!$B:$B,"">=""&F$11,Transactions!$B:$B,""<=""&F$12)+SUMIFS(Transactions!$I:$I,Transactions!$G:$G,YearlyReport!$A105,Transactions!$B:$B,"">=""&F$11,Transactions!$B:$B,""<=""&F$12)",A105,
YearlyReport,G105,"=-SUMIFS(Transactions!$J:$J,Transactions!$G:$G,YearlyReport!$A105,Transactions!$B:$B,"">=""&G$11,Transactions!$B:$B,""<=""&G$12)+SUMIFS(Transactions!$I:$I,Transactions!$G:$G,YearlyReport!$A105,Transactions!$B:$B,"">=""&G$11,Transactions!$B:$B,""<=""&G$12)",A105,
YearlyReport,H105,"=-SUMIFS(Transactions!$J:$J,Transactions!$G:$G,YearlyReport!$A105,Transactions!$B:$B,"">=""&H$11,Transactions!$B:$B,""<=""&H$12)+SUMIFS(Transactions!$I:$I,Transactions!$G:$G,YearlyReport!$A105,Transactions!$B:$B,"">=""&H$11,Transactions!$B:$B,""<=""&H$12)",A105,
YearlyReport,I105,"=-SUMIFS(Transactions!$J:$J,Transactions!$G:$G,YearlyReport!$A105,Transactions!$B:$B,"">=""&I$11,Transactions!$B:$B,""<=""&I$12)+SUMIFS(Transactions!$I:$I,Transactions!$G:$G,YearlyReport!$A105,Transactions!$B:$B,"">=""&I$11,Transactions!$B:$B,""<=""&I$12)",A105,
YearlyReport,J105,"=-SUMIFS(Transactions!$J:$J,Transactions!$G:$G,YearlyReport!$A105,Transactions!$B:$B,"">=""&J$11,Transactions!$B:$B,""<=""&J$12)+SUMIFS(Transactions!$I:$I,Transactions!$G:$G,YearlyReport!$A105,Transactions!$B:$B,"">=""&J$11,Transactions!$B:$B,""<=""&J$12)",A105,
YearlyReport,K105,"=-SUMIFS(Transactions!$J:$J,Transactions!$G:$G,YearlyReport!$A105,Transactions!$B:$B,"">=""&K$11,Transactions!$B:$B,""<=""&K$12)+SUMIFS(Transactions!$I:$I,Transactions!$G:$G,YearlyReport!$A105,Transactions!$B:$B,"">=""&K$11,Transactions!$B:$B,""<=""&K$12)",A105,
YearlyReport,L105,"=-SUMIFS(Transactions!$J:$J,Transactions!$G:$G,YearlyReport!$A105,Transactions!$B:$B,"">=""&L$11,Transactions!$B:$B,""<=""&L$12)+SUMIFS(Transactions!$I:$I,Transactions!$G:$G,YearlyReport!$A105,Transactions!$B:$B,"">=""&L$11,Transactions!$B:$B,""<=""&L$12)",A105,
YearlyReport,M105,"=-SUMIFS(Transactions!$J:$J,Transactions!$G:$G,YearlyReport!$A105,Transactions!$B:$B,"">=""&M$11,Transactions!$B:$B,""<=""&M$12)+SUMIFS(Transactions!$I:$I,Transactions!$G:$G,YearlyReport!$A105,Transactions!$B:$B,"">=""&M$11,Transactions!$B:$B,""<=""&M$12)",A105,
YearlyReport,N105,"=-SUMIFS(Transactions!$J:$J,Transactions!$G:$G,YearlyReport!$A105,Transactions!$B:$B,"">=""&N$11,Transactions!$B:$B,""<=""&N$12)+SUMIFS(Transactions!$I:$I,Transactions!$G:$G,YearlyReport!$A105,Transactions!$B:$B,"">=""&N$11,Transactions!$B:$B,""<=""&N$12)",A105,"YearlyReport!O105,YearlyReport!P105"
YearlyReport,O105,=SUM(C105:N105),"C105,N105",YearlyReport!P105
YearlyReport,P105,=O105/COLUMNS(C105:N105),"O105,C105,N105",
YearlyReport,A106, - ,,"YearlyReport!C106,YearlyReport!D106,YearlyReport!E106,YearlyReport!F106,YearlyReport!G106,YearlyReport!H106,YearlyReport!I106,YearlyReport!J106,YearlyReport!K106,YearlyReport!L106,YearlyReport!M106,YearlyReport!N106"
YearlyReport,B106,,,
YearlyReport,C106,"=-SUMIFS(Transactions!$J:$J,Transactions!$G:$G,YearlyReport!$A106,Transactions!$B:$B,"">=""&C$11,Transactions!$B:$B,""<=""&C$12)+SUMIFS(Transactions!$I:$I,Transactions!$G:$G,YearlyReport!$A106,Transactions!$B:$B,"">=""&C$11,Transactions!$B:$B,""<=""&C$12)",A106,"YearlyReport!O106,YearlyReport!P106"
YearlyReport,D106,"=-SUMIFS(Transactions!$J:$J,Transactions!$G:$G,YearlyReport!$A106,Transactions!$B:$B,"">=""&D$11,Transactions!$B:$B,""<=""&D$12)+SUMIFS(Transactions!$I:$I,Transactions!$G:$G,YearlyReport!$A106,Transactions!$B:$B,"">=""&D$11,Transactions!$B:$B,""<=""&D$12)",A106,
YearlyReport,E106,"=-SUMIFS(Transactions!$J:$J,Transactions!$G:$G,YearlyReport!$A106,Transactions!$B:$B,"">=""&E$11,Transactions!$B:$B,""<=""&E$12)+SUMIFS(Transactions!$I:$I,Transactions!$G:$G,YearlyReport!$A106,Transactions!$B:$B,"">=""&E$11,Transactions!$B:$B,""<=""&E$12)",A106,
YearlyReport,F106,"=-SUMIFS(Transactions!$J:$J,Transactions!$G:$G,YearlyReport!$A106,Transactions!$B:$B,"">=""&F$11,Transactions!$B:$B,""<=""&F$12)+SUMIFS(Transactions!$I:$I,Transactions!$G:$G,YearlyReport!$A106,Transactions!$B:$B,"">=""&F$11,Transactions!$B:$B,""<=""&F$12)",A106,
YearlyReport,G106,"=-SUMIFS(Transactions!$J:$J,Transactions!$G:$G,YearlyReport!$A106,Transactions!$B:$B,"">=""&G$11,Transactions!$B:$B,""<=""&G$12)+SUMIFS(Transactions!$I:$I,Transactions!$G:$G,YearlyReport!$A106,Transactions!$B:$B,"">=""&G$11,Transactions!$B:$B,""<=""&G$12)",A106,
YearlyReport,H106,"=-SUMIFS(Transactions!$J:$J,Transactions!$G:$G,YearlyReport!$A106,Transactions!$B:$B,"">=""&H$11,Transactions!$B:$B,""<=""&H$12)+SUMIFS(Transactions!$I:$I,Transactions!$G:$G,YearlyReport!$A106,Transactions!$B:$B,"">=""&H$11,Transactions!$B:$B,""<=""&H$12)",A106,
YearlyReport,I106,"=-SUMIFS(Transactions!$J:$J,Transactions!$G:$G,YearlyReport!$A106,Transactions!$B:$B,"">=""&I$11,Transactions!$B:$B,""<=""&I$12)+SUMIFS(Transactions!$I:$I,Transactions!$G:$G,YearlyReport!$A106,Transactions!$B:$B,"">=""&I$11,Transactions!$B:$B,""<=""&I$12)",A106,
YearlyReport,J106,"=-SUMIFS(Transactions!$J:$J,Transactions!$G:$G,YearlyReport!$A106,Transactions!$B:$B,"">=""&J$11,Transactions!$B:$B,""<=""&J$12)+SUMIFS(Transactions!$I:$I,Transactions!$G:$G,YearlyReport!$A106,Transactions!$B:$B,"">=""&J$11,Transactions!$B:$B,""<=""&J$12)",A106,
YearlyReport,K106,"=-SUMIFS(Transactions!$J:$J,Transactions!$G:$G,YearlyReport!$A106,Transactions!$B:$B,"">=""&K$11,Transactions!$B:$B,""<=""&K$12)+SUMIFS(Transactions!$I:$I,Transactions!$G:$G,YearlyReport!$A106,Transactions!$B:$B,"">=""&K$11,Transactions!$B:$B,""<=""&K$12)",A106,
YearlyReport,L106,"=-SUMIFS(Transactions!$J:$J,Transactions!$G:$G,YearlyReport!$A106,Transactions!$B:$B,"">=""&L$11,Transactions!$B:$B,""<=""&L$12)+SUMIFS(Transactions!$I:$I,Transactions!$G:$G,YearlyReport!$A106,Transactions!$B:$B,"">=""&L$11,Transactions!$B:$B,""<=""&L$12)",A106,
YearlyReport,M106,"=-SUMIFS(Transactions!$J:$J,Transactions!$G:$G,YearlyReport!$A106,Transactions!$B:$B,"">=""&M$11,Transactions!$B:$B,""<=""&M$12)+SUMIFS(Transactions!$I:$I,Transactions!$G:$G,YearlyReport!$A106,Transactions!$B:$B,"">=""&M$11,Transactions!$B:$B,""<=""&M$12)",A106,
YearlyReport,N106,"=-SUMIFS(Transactions!$J:$J,Transactions!$G:$G,YearlyReport!$A106,Transactions!$B:$B,"">=""&N$11,Transactions!$B:$B,""<=""&N$12)+SUMIFS(Transactions!$I:$I,Transactions!$G:$G,YearlyReport!$A106,Transactions!$B:$B,"">=""&N$11,Transactions!$B:$B,""<=""&N$12)",A106,"YearlyReport!O106,YearlyReport!P106"
YearlyReport,O106,=SUM(C106:N106),"C106,N106",YearlyReport!P106
YearlyReport,P106,=O106/COLUMNS(C106:N106),"O106,C106,N106",
YearlyReport,A107, - ,,"YearlyReport!C107,YearlyReport!D107,YearlyReport!E107,YearlyReport!F107,YearlyReport!G107,YearlyReport!H107,YearlyReport!I107,YearlyReport!J107,YearlyReport!K107,YearlyReport!L107,YearlyReport!M107,YearlyReport!N107"
YearlyReport,B107,,,
YearlyReport,C107,"=-SUMIFS(Transactions!$J:$J,Transactions!$G:$G,YearlyReport!$A107,Transactions!$B:$B,"">=""&C$11,Transactions!$B:$B,""<=""&C$12)+SUMIFS(Transactions!$I:$I,Transactions!$G:$G,YearlyReport!$A107,Transactions!$B:$B,"">=""&C$11,Transactions!$B:$B,""<=""&C$12)",A107,"YearlyReport!O107,YearlyReport!P107"
YearlyReport,D107,"=-SUMIFS(Transactions!$J:$J,Transactions!$G:$G,YearlyReport!$A107,Transactions!$B:$B,"">=""&D$11,Transactions!$B:$B,""<=""&D$12)+SUMIFS(Transactions!$I:$I,Transactions!$G:$G,YearlyReport!$A107,Transactions!$B:$B,"">=""&D$11,Transactions!$B:$B,""<=""&D$12)",A107,
YearlyReport,E107,"=-SUMIFS(Transactions!$J:$J,Transactions!$G:$G,YearlyReport!$A107,Transactions!$B:$B,"">=""&E$11,Transactions!$B:$B,""<=""&E$12)+SUMIFS(Transactions!$I:$I,Transactions!$G:$G,YearlyReport!$A107,Transactions!$B:$B,"">=""&E$11,Transactions!$B:$B,""<=""&E$12)",A107,
YearlyReport,F107,"=-SUMIFS(Transactions!$J:$J,Transactions!$G:$G,YearlyReport!$A107,Transactions!$B:$B,"">=""&F$11,Transactions!$B:$B,""<=""&F$12)+SUMIFS(Transactions!$I:$I,Transactions!$G:$G,YearlyReport!$A107,Transactions!$B:$B,"">=""&F$11,Transactions!$B:$B,""<=""&F$12)",A107,
YearlyReport,G107,"=-SUMIFS(Transactions!$J:$J,Transactions!$G:$G,YearlyReport!$A107,Transactions!$B:$B,"">=""&G$11,Transactions!$B:$B,""<=""&G$12)+SUMIFS(Transactions!$I:$I,Transactions!$G:$G,YearlyReport!$A107,Transactions!$B:$B,"">=""&G$11,Transactions!$B:$B,""<=""&G$12)",A107,
YearlyReport,H107,"=-SUMIFS(Transactions!$J:$J,Transactions!$G:$G,YearlyReport!$A107,Transactions!$B:$B,"">=""&H$11,Transactions!$B:$B,""<=""&H$12)+SUMIFS(Transactions!$I:$I,Transactions!$G:$G,YearlyReport!$A107,Transactions!$B:$B,"">=""&H$11,Transactions!$B:$B,""<=""&H$12)",A107,
YearlyReport,I107,"=-SUMIFS(Transactions!$J:$J,Transactions!$G:$G,YearlyReport!$A107,Transactions!$B:$B,"">=""&I$11,Transactions!$B:$B,""<=""&I$12)+SUMIFS(Transactions!$I:$I,Transactions!$G:$G,YearlyReport!$A107,Transactions!$B:$B,"">=""&I$11,Transactions!$B:$B,""<=""&I$12)",A107,
YearlyReport,J107,"=-SUMIFS(Transactions!$J:$J,Transactions!$G:$G,YearlyReport!$A107,Transactions!$B:$B,"">=""&J$11,Transactions!$B:$B,""<=""&J$12)+SUMIFS(Transactions!$I:$I,Transactions!$G:$G,YearlyReport!$A107,Transactions!$B:$B,"">=""&J$11,Transactions!$B:$B,""<=""&J$12)",A107,
YearlyReport,K107,"=-SUMIFS(Transactions!$J:$J,Transactions!$G:$G,YearlyReport!$A107,Transactions!$B:$B,"">=""&K$11,Transactions!$B:$B,""<=""&K$12)+SUMIFS(Transactions!$I:$I,Transactions!$G:$G,YearlyReport!$A107,Transactions!$B:$B,"">=""&K$11,Transactions!$B:$B,""<=""&K$12)",A107,
YearlyReport,L107,"=-SUMIFS(Transactions!$J:$J,Transactions!$G:$G,YearlyReport!$A107,Transactions!$B:$B,"">=""&L$11,Transactions!$B:$B,""<=""&L$12)+SUMIFS(Transactions!$I:$I,Transactions!$G:$G,YearlyReport!$A107,Transactions!$B:$B,"">=""&L$11,Transactions!$B:$B,""<=""&L$12)",A107,
YearlyReport,M107,"=-SUMIFS(Transactions!$J:$J,Transactions!$G:$G,YearlyReport!$A107,Transactions!$B:$B,"">=""&M$11,Transactions!$B:$B,""<=""&M$12)+SUMIFS(Transactions!$I:$I,Transactions!$G:$G,YearlyReport!$A107,Transactions!$B:$B,"">=""&M$11,Transactions!$B:$B,""<=""&M$12)",A107,
YearlyReport,N107,"=-SUMIFS(Transactions!$J:$J,Transactions!$G:$G,YearlyReport!$A107,Transactions!$B:$B,"">=""&N$11,Transactions!$B:$B,""<=""&N$12)+SUMIFS(Transactions!$I:$I,Transactions!$G:$G,YearlyReport!$A107,Transactions!$B:$B,"">=""&N$11,Transactions!$B:$B,""<=""&N$12)",A107,"YearlyReport!O107,YearlyReport!P107"
YearlyReport,O107,=SUM(C107:N107),"C107,N107",YearlyReport!P107
YearlyReport,P107,=O107/COLUMNS(C107:N107),"O107,C107,N107",
YearlyReport,A108, - ,,"YearlyReport!C108,YearlyReport!D108,YearlyReport!E108,YearlyReport!F108,YearlyReport!G108,YearlyReport!H108,YearlyReport!I108,YearlyReport!J108,YearlyReport!K108,YearlyReport!L108,YearlyReport!M108,YearlyReport!N108"
YearlyReport,B108,,,
YearlyReport,C108,"=-SUMIFS(Transactions!$J:$J,Transactions!$G:$G,YearlyReport!$A108,Transactions!$B:$B,"">=""&C$11,Transactions!$B:$B,""<=""&C$12)+SUMIFS(Transactions!$I:$I,Transactions!$G:$G,YearlyReport!$A108,Transactions!$B:$B,"">=""&C$11,Transactions!$B:$B,""<=""&C$12)",A108,"YearlyReport!O108,YearlyReport!P108"
YearlyReport,D108,"=-SUMIFS(Transactions!$J:$J,Transactions!$G:$G,YearlyReport!$A108,Transactions!$B:$B,"">=""&D$11,Transactions!$B:$B,""<=""&D$12)+SUMIFS(Transactions!$I:$I,Transactions!$G:$G,YearlyReport!$A108,Transactions!$B:$B,"">=""&D$11,Transactions!$B:$B,""<=""&D$12)",A108,
YearlyReport,E108,"=-SUMIFS(Transactions!$J:$J,Transactions!$G:$G,YearlyReport!$A108,Transactions!$B:$B,"">=""&E$11,Transactions!$B:$B,""<=""&E$12)+SUMIFS(Transactions!$I:$I,Transactions!$G:$G,YearlyReport!$A108,Transactions!$B:$B,"">=""&E$11,Transactions!$B:$B,""<=""&E$12)",A108,
YearlyReport,F108,"=-SUMIFS(Transactions!$J:$J,Transactions!$G:$G,YearlyReport!$A108,Transactions!$B:$B,"">=""&F$11,Transactions!$B:$B,""<=""&F$12)+SUMIFS(Transactions!$I:$I,Transactions!$G:$G,YearlyReport!$A108,Transactions!$B:$B,"">=""&F$11,Transactions!$B:$B,""<=""&F$12)",A108,
YearlyReport,G108,"=-SUMIFS(Transactions!$J:$J,Transactions!$G:$G,YearlyReport!$A108,Transactions!$B:$B,"">=""&G$11,Transactions!$B:$B,""<=""&G$12)+SUMIFS(Transactions!$I:$I,Transactions!$G:$G,YearlyReport!$A108,Transactions!$B:$B,"">=""&G$11,Transactions!$B:$B,""<=""&G$12)",A108,
YearlyReport,H108,"=-SUMIFS(Transactions!$J:$J,Transactions!$G:$G,YearlyReport!$A108,Transactions!$B:$B,"">=""&H$11,Transactions!$B:$B,""<=""&H$12)+SUMIFS(Transactions!$I:$I,Transactions!$G:$G,YearlyReport!$A108,Transactions!$B:$B,"">=""&H$11,Transactions!$B:$B,""<=""&H$12)",A108,
YearlyReport,I108,"=-SUMIFS(Transactions!$J:$J,Transactions!$G:$G,YearlyReport!$A108,Transactions!$B:$B,"">=""&I$11,Transactions!$B:$B,""<=""&I$12)+SUMIFS(Transactions!$I:$I,Transactions!$G:$G,YearlyReport!$A108,Transactions!$B:$B,"">=""&I$11,Transactions!$B:$B,""<=""&I$12)",A108,
YearlyReport,J108,"=-SUMIFS(Transactions!$J:$J,Transactions!$G:$G,YearlyReport!$A108,Transactions!$B:$B,"">=""&J$11,Transactions!$B:$B,""<=""&J$12)+SUMIFS(Transactions!$I:$I,Transactions!$G:$G,YearlyReport!$A108,Transactions!$B:$B,"">=""&J$11,Transactions!$B:$B,""<=""&J$12)",A108,
YearlyReport,K108,"=-SUMIFS(Transactions!$J:$J,Transactions!$G:$G,YearlyReport!$A108,Transactions!$B:$B,"">=""&K$11,Transactions!$B:$B,""<=""&K$12)+SUMIFS(Transactions!$I:$I,Transactions!$G:$G,YearlyReport!$A108,Transactions!$B:$B,"">=""&K$11,Transactions!$B:$B,""<=""&K$12)",A108,
YearlyReport,L108,"=-SUMIFS(Transactions!$J:$J,Transactions!$G:$G,YearlyReport!$A108,Transactions!$B:$B,"">=""&L$11,Transactions!$B:$B,""<=""&L$12)+SUMIFS(Transactions!$I:$I,Transactions!$G:$G,YearlyReport!$A108,Transactions!$B:$B,"">=""&L$11,Transactions!$B:$B,""<=""&L$12)",A108,
YearlyReport,M108,"=-SUMIFS(Transactions!$J:$J,Transactions!$G:$G,YearlyReport!$A108,Transactions!$B:$B,"">=""&M$11,Transactions!$B:$B,""<=""&M$12)+SUMIFS(Transactions!$I:$I,Transactions!$G:$G,YearlyReport!$A108,Transactions!$B:$B,"">=""&M$11,Transactions!$B:$B,""<=""&M$12)",A108,
YearlyReport,N108,"=-SUMIFS(Transactions!$J:$J,Transactions!$G:$G,YearlyReport!$A108,Transactions!$B:$B,"">=""&N$11,Transactions!$B:$B,""<=""&N$12)+SUMIFS(Transactions!$I:$I,Transactions!$G:$G,YearlyReport!$A108,Transactions!$B:$B,"">=""&N$11,Transactions!$B:$B,""<=""&N$12)",A108,"YearlyReport!O108,YearlyReport!P108"
YearlyReport,O108,=SUM(C108:N108),"C108,N108",YearlyReport!P108
YearlyReport,P108,=O108/COLUMNS(C108:N108),"O108,C108,N108",
YearlyReport,A109, - ,,"YearlyReport!C109,YearlyReport!D109,YearlyReport!E109,YearlyReport!F109,YearlyReport!G109,YearlyReport!H109,YearlyReport!I109,YearlyReport!J109,YearlyReport!K109,YearlyReport!L109,YearlyReport!M109,YearlyReport!N109"
YearlyReport,B109,,,
YearlyReport,C109,"=-SUMIFS(Transactions!$J:$J,Transactions!$G:$G,YearlyReport!$A109,Transactions!$B:$B,"">=""&C$11,Transactions!$B:$B,""<=""&C$12)+SUMIFS(Transactions!$I:$I,Transactions!$G:$G,YearlyReport!$A109,Transactions!$B:$B,"">=""&C$11,Transactions!$B:$B,""<=""&C$12)",A109,"YearlyReport!O109,YearlyReport!P109"
YearlyReport,D109,"=-SUMIFS(Transactions!$J:$J,Transactions!$G:$G,YearlyReport!$A109,Transactions!$B:$B,"">=""&D$11,Transactions!$B:$B,""<=""&D$12)+SUMIFS(Transactions!$I:$I,Transactions!$G:$G,YearlyReport!$A109,Transactions!$B:$B,"">=""&D$11,Transactions!$B:$B,""<=""&D$12)",A109,
YearlyReport,E109,"=-SUMIFS(Transactions!$J:$J,Transactions!$G:$G,YearlyReport!$A109,Transactions!$B:$B,"">=""&E$11,Transactions!$B:$B,""<=""&E$12)+SUMIFS(Transactions!$I:$I,Transactions!$G:$G,YearlyReport!$A109,Transactions!$B:$B,"">=""&E$11,Transactions!$B:$B,""<=""&E$12)",A109,
YearlyReport,F109,"=-SUMIFS(Transactions!$J:$J,Transactions!$G:$G,YearlyReport!$A109,Transactions!$B:$B,"">=""&F$11,Transactions!$B:$B,""<=""&F$12)+SUMIFS(Transactions!$I:$I,Transactions!$G:$G,YearlyReport!$A109,Transactions!$B:$B,"">=""&F$11,Transactions!$B:$B,""<=""&F$12)",A109,
YearlyReport,G109,"=-SUMIFS(Transactions!$J:$J,Transactions!$G:$G,YearlyReport!$A109,Transactions!$B:$B,"">=""&G$11,Transactions!$B:$B,""<=""&G$12)+SUMIFS(Transactions!$I:$I,Transactions!$G:$G,YearlyReport!$A109,Transactions!$B:$B,"">=""&G$11,Transactions!$B:$B,""<=""&G$12)",A109,
YearlyReport,H109,"=-SUMIFS(Transactions!$J:$J,Transactions!$G:$G,YearlyReport!$A109,Transactions!$B:$B,"">=""&H$11,Transactions!$B:$B,""<=""&H$12)+SUMIFS(Transactions!$I:$I,Transactions!$G:$G,YearlyReport!$A109,Transactions!$B:$B,"">=""&H$11,Transactions!$B:$B,""<=""&H$12)",A109,
YearlyReport,I109,"=-SUMIFS(Transactions!$J:$J,Transactions!$G:$G,YearlyReport!$A109,Transactions!$B:$B,"">=""&I$11,Transactions!$B:$B,""<=""&I$12)+SUMIFS(Transactions!$I:$I,Transactions!$G:$G,YearlyReport!$A109,Transactions!$B:$B,"">=""&I$11,Transactions!$B:$B,""<=""&I$12)",A109,
YearlyReport,J109,"=-SUMIFS(Transactions!$J:$J,Transactions!$G:$G,YearlyReport!$A109,Transactions!$B:$B,"">=""&J$11,Transactions!$B:$B,""<=""&J$12)+SUMIFS(Transactions!$I:$I,Transactions!$G:$G,YearlyReport!$A109,Transactions!$B:$B,"">=""&J$11,Transactions!$B:$B,""<=""&J$12)",A109,
YearlyReport,K109,"=-SUMIFS(Transactions!$J:$J,Transactions!$G:$G,YearlyReport!$A109,Transactions!$B:$B,"">=""&K$11,Transactions!$B:$B,""<=""&K$12)+SUMIFS(Transactions!$I:$I,Transactions!$G:$G,YearlyReport!$A109,Transactions!$B:$B,"">=""&K$11,Transactions!$B:$B,""<=""&K$12)",A109,
YearlyReport,L109,"=-SUMIFS(Transactions!$J:$J,Transactions!$G:$G,YearlyReport!$A109,Transactions!$B:$B,"">=""&L$11,Transactions!$B:$B,""<=""&L$12)+SUMIFS(Transactions!$I:$I,Transactions!$G:$G,YearlyReport!$A109,Transactions!$B:$B,"">=""&L$11,Transactions!$B:$B,""<=""&L$12)",A109,
YearlyReport,M109,"=-SUMIFS(Transactions!$J:$J,Transactions!$G:$G,YearlyReport!$A109,Transactions!$B:$B,"">=""&M$11,Transactions!$B:$B,""<=""&M$12)+SUMIFS(Transactions!$I:$I,Transactions!$G:$G,YearlyReport!$A109,Transactions!$B:$B,"">=""&M$11,Transactions!$B:$B,""<=""&M$12)",A109,
YearlyReport,N109,"=-SUMIFS(Transactions!$J:$J,Transactions!$G:$G,YearlyReport!$A109,Transactions!$B:$B,"">=""&N$11,Transactions!$B:$B,""<=""&N$12)+SUMIFS(Transactions!$I:$I,Transactions!$G:$G,YearlyReport!$A109,Transactions!$B:$B,"">=""&N$11,Transactions!$B:$B,""<=""&N$12)",A109,"YearlyReport!O109,YearlyReport!P109"
YearlyReport,O109,=SUM(C109:N109),"C109,N109",YearlyReport!P109
YearlyReport,P109,=O109/COLUMNS(C109:N109),"O109,C109,N109",
YearlyReport,A110, - ,,"YearlyReport!C110,YearlyReport!D110,YearlyReport!E110,YearlyReport!F110,YearlyReport!G110,YearlyReport!H110,YearlyReport!I110,YearlyReport!J110,YearlyReport!K110,YearlyReport!L110,YearlyReport!M110,YearlyReport!N110"
YearlyReport,B110,,,
YearlyReport,C110,"=-SUMIFS(Transactions!$J:$J,Transactions!$G:$G,YearlyReport!$A110,Transactions!$B:$B,"">=""&C$11,Transactions!$B:$B,""<=""&C$12)+SUMIFS(Transactions!$I:$I,Transactions!$G:$G,YearlyReport!$A110,Transactions!$B:$B,"">=""&C$11,Transactions!$B:$B,""<=""&C$12)",A110,"YearlyReport!O110,YearlyReport!P110"
YearlyReport,D110,"=-SUMIFS(Transactions!$J:$J,Transactions!$G:$G,YearlyReport!$A110,Transactions!$B:$B,"">=""&D$11,Transactions!$B:$B,""<=""&D$12)+SUMIFS(Transactions!$I:$I,Transactions!$G:$G,YearlyReport!$A110,Transactions!$B:$B,"">=""&D$11,Transactions!$B:$B,""<=""&D$12)",A110,
YearlyReport,E110,"=-SUMIFS(Transactions!$J:$J,Transactions!$G:$G,YearlyReport!$A110,Transactions!$B:$B,"">=""&E$11,Transactions!$B:$B,""<=""&E$12)+SUMIFS(Transactions!$I:$I,Transactions!$G:$G,YearlyReport!$A110,Transactions!$B:$B,"">=""&E$11,Transactions!$B:$B,""<=""&E$12)",A110,
YearlyReport,F110,"=-SUMIFS(Transactions!$J:$J,Transactions!$G:$G,YearlyReport!$A110,Transactions!$B:$B,"">=""&F$11,Transactions!$B:$B,""<=""&F$12)+SUMIFS(Transactions!$I:$I,Transactions!$G:$G,YearlyReport!$A110,Transactions!$B:$B,"">=""&F$11,Transactions!$B:$B,""<=""&F$12)",A110,
YearlyReport,G110,"=-SUMIFS(Transactions!$J:$J,Transactions!$G:$G,YearlyReport!$A110,Transactions!$B:$B,"">=""&G$11,Transactions!$B:$B,""<=""&G$12)+SUMIFS(Transactions!$I:$I,Transactions!$G:$G,YearlyReport!$A110,Transactions!$B:$B,"">=""&G$11,Transactions!$B:$B,""<=""&G$12)",A110,
YearlyReport,H110,"=-SUMIFS(Transactions!$J:$J,Transactions!$G:$G,YearlyReport!$A110,Transactions!$B:$B,"">=""&H$11,Transactions!$B:$B,""<=""&H$12)+SUMIFS(Transactions!$I:$I,Transactions!$G:$G,YearlyReport!$A110,Transactions!$B:$B,"">=""&H$11,Transactions!$B:$B,""<=""&H$12)",A110,
YearlyReport,I110,"=-SUMIFS(Transactions!$J:$J,Transactions!$G:$G,YearlyReport!$A110,Transactions!$B:$B,"">=""&I$11,Transactions!$B:$B,""<=""&I$12)+SUMIFS(Transactions!$I:$I,Transactions!$G:$G,YearlyReport!$A110,Transactions!$B:$B,"">=""&I$11,Transactions!$B:$B,""<=""&I$12)",A110,
YearlyReport,J110,"=-SUMIFS(Transactions!$J:$J,Transactions!$G:$G,YearlyReport!$A110,Transactions!$B:$B,"">=""&J$11,Transactions!$B:$B,""<=""&J$12)+SUMIFS(Transactions!$I:$I,Transactions!$G:$G,YearlyReport!$A110,Transactions!$B:$B,"">=""&J$11,Transactions!$B:$B,""<=""&J$12)",A110,
YearlyReport,K110,"=-SUMIFS(Transactions!$J:$J,Transactions!$G:$G,YearlyReport!$A110,Transactions!$B:$B,"">=""&K$11,Transactions!$B:$B,""<=""&K$12)+SUMIFS(Transactions!$I:$I,Transactions!$G:$G,YearlyReport!$A110,Transactions!$B:$B,"">=""&K$11,Transactions!$B:$B,""<=""&K$12)",A110,
YearlyReport,L110,"=-SUMIFS(Transactions!$J:$J,Transactions!$G:$G,YearlyReport!$A110,Transactions!$B:$B,"">=""&L$11,Transactions!$B:$B,""<=""&L$12)+SUMIFS(Transactions!$I:$I,Transactions!$G:$G,YearlyReport!$A110,Transactions!$B:$B,"">=""&L$11,Transactions!$B:$B,""<=""&L$12)",A110,
YearlyReport,M110,"=-SUMIFS(Transactions!$J:$J,Transactions!$G:$G,YearlyReport!$A110,Transactions!$B:$B,"">=""&M$11,Transactions!$B:$B,""<=""&M$12)+SUMIFS(Transactions!$I:$I,Transactions!$G:$G,YearlyReport!$A110,Transactions!$B:$B,"">=""&M$11,Transactions!$B:$B,""<=""&M$12)",A110,
YearlyReport,N110,"=-SUMIFS(Transactions!$J:$J,Transactions!$G:$G,YearlyReport!$A110,Transactions!$B:$B,"">=""&N$11,Transactions!$B:$B,""<=""&N$12)+SUMIFS(Transactions!$I:$I,Transactions!$G:$G,YearlyReport!$A110,Transactions!$B:$B,"">=""&N$11,Transactions!$B:$B,""<=""&N$12)",A110,"YearlyReport!O110,YearlyReport!P110"
YearlyReport,O110,=SUM(C110:N110),"C110,N110",YearlyReport!P110
YearlyReport,P110,=O110/COLUMNS(C110:N110),"O110,C110,N110",
YearlyReport,A111, - ,,"YearlyReport!C111,YearlyReport!D111,YearlyReport!E111,YearlyReport!F111,YearlyReport!G111,YearlyReport!H111,YearlyReport!I111,YearlyReport!J111,YearlyReport!K111,YearlyReport!L111,YearlyReport!M111,YearlyReport!N111"
YearlyReport,B111,,,
YearlyReport,C111,"=-SUMIFS(Transactions!$J:$J,Transactions!$G:$G,YearlyReport!$A111,Transactions!$B:$B,"">=""&C$11,Transactions!$B:$B,""<=""&C$12)+SUMIFS(Transactions!$I:$I,Transactions!$G:$G,YearlyReport!$A111,Transactions!$B:$B,"">=""&C$11,Transactions!$B:$B,""<=""&C$12)",A111,"YearlyReport!O111,YearlyReport!P111"
YearlyReport,D111,"=-SUMIFS(Transactions!$J:$J,Transactions!$G:$G,YearlyReport!$A111,Transactions!$B:$B,"">=""&D$11,Transactions!$B:$B,""<=""&D$12)+SUMIFS(Transactions!$I:$I,Transactions!$G:$G,YearlyReport!$A111,Transactions!$B:$B,"">=""&D$11,Transactions!$B:$B,""<=""&D$12)",A111,
YearlyReport,E111,"=-SUMIFS(Transactions!$J:$J,Transactions!$G:$G,YearlyReport!$A111,Transactions!$B:$B,"">=""&E$11,Transactions!$B:$B,""<=""&E$12)+SUMIFS(Transactions!$I:$I,Transactions!$G:$G,YearlyReport!$A111,Transactions!$B:$B,"">=""&E$11,Transactions!$B:$B,""<=""&E$12)",A111,
YearlyReport,F111,"=-SUMIFS(Transactions!$J:$J,Transactions!$G:$G,YearlyReport!$A111,Transactions!$B:$B,"">=""&F$11,Transactions!$B:$B,""<=""&F$12)+SUMIFS(Transactions!$I:$I,Transactions!$G:$G,YearlyReport!$A111,Transactions!$B:$B,"">=""&F$11,Transactions!$B:$B,""<=""&F$12)",A111,
YearlyReport,G111,"=-SUMIFS(Transactions!$J:$J,Transactions!$G:$G,YearlyReport!$A111,Transactions!$B:$B,"">=""&G$11,Transactions!$B:$B,""<=""&G$12)+SUMIFS(Transactions!$I:$I,Transactions!$G:$G,YearlyReport!$A111,Transactions!$B:$B,"">=""&G$11,Transactions!$B:$B,""<=""&G$12)",A111,
YearlyReport,H111,"=-SUMIFS(Transactions!$J:$J,Transactions!$G:$G,YearlyReport!$A111,Transactions!$B:$B,"">=""&H$11,Transactions!$B:$B,""<=""&H$12)+SUMIFS(Transactions!$I:$I,Transactions!$G:$G,YearlyReport!$A111,Transactions!$B:$B,"">=""&H$11,Transactions!$B:$B,""<=""&H$12)",A111,
YearlyReport,I111,"=-SUMIFS(Transactions!$J:$J,Transactions!$G:$G,YearlyReport!$A111,Transactions!$B:$B,"">=""&I$11,Transactions!$B:$B,""<=""&I$12)+SUMIFS(Transactions!$I:$I,Transactions!$G:$G,YearlyReport!$A111,Transactions!$B:$B,"">=""&I$11,Transactions!$B:$B,""<=""&I$12)",A111,
YearlyReport,J111,"=-SUMIFS(Transactions!$J:$J,Transactions!$G:$G,YearlyReport!$A111,Transactions!$B:$B,"">=""&J$11,Transactions!$B:$B,""<=""&J$12)+SUMIFS(Transactions!$I:$I,Transactions!$G:$G,YearlyReport!$A111,Transactions!$B:$B,"">=""&J$11,Transactions!$B:$B,""<=""&J$12)",A111,
YearlyReport,K111,"=-SUMIFS(Transactions!$J:$J,Transactions!$G:$G,YearlyReport!$A111,Transactions!$B:$B,"">=""&K$11,Transactions!$B:$B,""<=""&K$12)+SUMIFS(Transactions!$I:$I,Transactions!$G:$G,YearlyReport!$A111,Transactions!$B:$B,"">=""&K$11,Transactions!$B:$B,""<=""&K$12)",A111,
YearlyReport,L111,"=-SUMIFS(Transactions!$J:$J,Transactions!$G:$G,YearlyReport!$A111,Transactions!$B:$B,"">=""&L$11,Transactions!$B:$B,""<=""&L$12)+SUMIFS(Transactions!$I:$I,Transactions!$G:$G,YearlyReport!$A111,Transactions!$B:$B,"">=""&L$11,Transactions!$B:$B,""<=""&L$12)",A111,
YearlyReport,M111,"=-SUMIFS(Transactions!$J:$J,Transactions!$G:$G,YearlyReport!$A111,Transactions!$B:$B,"">=""&M$11,Transactions!$B:$B,""<=""&M$12)+SUMIFS(Transactions!$I:$I,Transactions!$G:$G,YearlyReport!$A111,Transactions!$B:$B,"">=""&M$11,Transactions!$B:$B,""<=""&M$12)",A111,
YearlyReport,N111,"=-SUMIFS(Transactions!$J:$J,Transactions!$G:$G,YearlyReport!$A111,Transactions!$B:$B,"">=""&N$11,Transactions!$B:$B,""<=""&N$12)+SUMIFS(Transactions!$I:$I,Transactions!$G:$G,YearlyReport!$A111,Transactions!$B:$B,"">=""&N$11,Transactions!$B:$B,""<=""&N$12)",A111,"YearlyReport!O111,YearlyReport!P111"
YearlyReport,O111,=SUM(C111:N111),"C111,N111",YearlyReport!P111
YearlyReport,P111,=O111/COLUMNS(C111:N111),"O111,C111,N111",
YearlyReport,A112, - ,,"YearlyReport!C112,YearlyReport!D112,YearlyReport!E112,YearlyReport!F112,YearlyReport!G112,YearlyReport!H112,YearlyReport!I112,YearlyReport!J112,YearlyReport!K112,YearlyReport!L112,YearlyReport!M112,YearlyReport!N112"
YearlyReport,B112,,,
YearlyReport,C112,"=-SUMIFS(Transactions!$J:$J,Transactions!$G:$G,YearlyReport!$A112,Transactions!$B:$B,"">=""&C$11,Transactions!$B:$B,""<=""&C$12)+SUMIFS(Transactions!$I:$I,Transactions!$G:$G,YearlyReport!$A112,Transactions!$B:$B,"">=""&C$11,Transactions!$B:$B,""<=""&C$12)",A112,"YearlyReport!O112,YearlyReport!P112"
YearlyReport,D112,"=-SUMIFS(Transactions!$J:$J,Transactions!$G:$G,YearlyReport!$A112,Transactions!$B:$B,"">=""&D$11,Transactions!$B:$B,""<=""&D$12)+SUMIFS(Transactions!$I:$I,Transactions!$G:$G,YearlyReport!$A112,Transactions!$B:$B,"">=""&D$11,Transactions!$B:$B,""<=""&D$12)",A112,
YearlyReport,E112,"=-SUMIFS(Transactions!$J:$J,Transactions!$G:$G,YearlyReport!$A112,Transactions!$B:$B,"">=""&E$11,Transactions!$B:$B,""<=""&E$12)+SUMIFS(Transactions!$I:$I,Transactions!$G:$G,YearlyReport!$A112,Transactions!$B:$B,"">=""&E$11,Transactions!$B:$B,""<=""&E$12)",A112,
YearlyReport,F112,"=-SUMIFS(Transactions!$J:$J,Transactions!$G:$G,YearlyReport!$A112,Transactions!$B:$B,"">=""&F$11,Transactions!$B:$B,""<=""&F$12)+SUMIFS(Transactions!$I:$I,Transactions!$G:$G,YearlyReport!$A112,Transactions!$B:$B,"">=""&F$11,Transactions!$B:$B,""<=""&F$12)",A112,
YearlyReport,G112,"=-SUMIFS(Transactions!$J:$J,Transactions!$G:$G,YearlyReport!$A112,Transactions!$B:$B,"">=""&G$11,Transactions!$B:$B,""<=""&G$12)+SUMIFS(Transactions!$I:$I,Transactions!$G:$G,YearlyReport!$A112,Transactions!$B:$B,"">=""&G$11,Transactions!$B:$B,""<=""&G$12)",A112,
YearlyReport,H112,"=-SUMIFS(Transactions!$J:$J,Transactions!$G:$G,YearlyReport!$A112,Transactions!$B:$B,"">=""&H$11,Transactions!$B:$B,""<=""&H$12)+SUMIFS(Transactions!$I:$I,Transactions!$G:$G,YearlyReport!$A112,Transactions!$B:$B,"">=""&H$11,Transactions!$B:$B,""<=""&H$12)",A112,
YearlyReport,I112,"=-SUMIFS(Transactions!$J:$J,Transactions!$G:$G,YearlyReport!$A112,Transactions!$B:$B,"">=""&I$11,Transactions!$B:$B,""<=""&I$12)+SUMIFS(Transactions!$I:$I,Transactions!$G:$G,YearlyReport!$A112,Transactions!$B:$B,"">=""&I$11,Transactions!$B:$B,""<=""&I$12)",A112,
YearlyReport,J112,"=-SUMIFS(Transactions!$J:$J,Transactions!$G:$G,YearlyReport!$A112,Transactions!$B:$B,"">=""&J$11,Transactions!$B:$B,""<=""&J$12)+SUMIFS(Transactions!$I:$I,Transactions!$G:$G,YearlyReport!$A112,Transactions!$B:$B,"">=""&J$11,Transactions!$B:$B,""<=""&J$12)",A112,
YearlyReport,K112,"=-SUMIFS(Transactions!$J:$J,Transactions!$G:$G,YearlyReport!$A112,Transactions!$B:$B,"">=""&K$11,Transactions!$B:$B,""<=""&K$12)+SUMIFS(Transactions!$I:$I,Transactions!$G:$G,YearlyReport!$A112,Transactions!$B:$B,"">=""&K$11,Transactions!$B:$B,""<=""&K$12)",A112,
YearlyReport,L112,"=-SUMIFS(Transactions!$J:$J,Transactions!$G:$G,YearlyReport!$A112,Transactions!$B:$B,"">=""&L$11,Transactions!$B:$B,""<=""&L$12)+SUMIFS(Transactions!$I:$I,Transactions!$G:$G,YearlyReport!$A112,Transactions!$B:$B,"">=""&L$11,Transactions!$B:$B,""<=""&L$12)",A112,
YearlyReport,M112,"=-SUMIFS(Transactions!$J:$J,Transactions!$G:$G,YearlyReport!$A112,Transactions!$B:$B,"">=""&M$11,Transactions!$B:$B,""<=""&M$12)+SUMIFS(Transactions!$I:$I,Transactions!$G:$G,YearlyReport!$A112,Transactions!$B:$B,"">=""&M$11,Transactions!$B:$B,""<=""&M$12)",A112,
YearlyReport,N112,"=-SUMIFS(Transactions!$J:$J,Transactions!$G:$G,YearlyReport!$A112,Transactions!$B:$B,"">=""&N$11,Transactions!$B:$B,""<=""&N$12)+SUMIFS(Transactions!$I:$I,Transactions!$G:$G,YearlyReport!$A112,Transactions!$B:$B,"">=""&N$11,Transactions!$B:$B,""<=""&N$12)",A112,"YearlyReport!O112,YearlyReport!P112"
YearlyReport,O112,=SUM(C112:N112),"C112,N112",YearlyReport!P112
YearlyReport,P112,=O112/COLUMNS(C112:N112),"O112,C112,N112",
YearlyReport,A113, - ,,"YearlyReport!C113,YearlyReport!D113,YearlyReport!E113,YearlyReport!F113,YearlyReport!G113,YearlyReport!H113,YearlyReport!I113,YearlyReport!J113,YearlyReport!K113,YearlyReport!L113,YearlyReport!M113,YearlyReport!N113"
YearlyReport,B113,,,
YearlyReport,C113,"=-SUMIFS(Transactions!$J:$J,Transactions!$G:$G,YearlyReport!$A113,Transactions!$B:$B,"">=""&C$11,Transactions!$B:$B,""<=""&C$12)+SUMIFS(Transactions!$I:$I,Transactions!$G:$G,YearlyReport!$A113,Transactions!$B:$B,"">=""&C$11,Transactions!$B:$B,""<=""&C$12)",A113,"YearlyReport!O113,YearlyReport!P113"
YearlyReport,D113,"=-SUMIFS(Transactions!$J:$J,Transactions!$G:$G,YearlyReport!$A113,Transactions!$B:$B,"">=""&D$11,Transactions!$B:$B,""<=""&D$12)+SUMIFS(Transactions!$I:$I,Transactions!$G:$G,YearlyReport!$A113,Transactions!$B:$B,"">=""&D$11,Transactions!$B:$B,""<=""&D$12)",A113,
YearlyReport,E113,"=-SUMIFS(Transactions!$J:$J,Transactions!$G:$G,YearlyReport!$A113,Transactions!$B:$B,"">=""&E$11,Transactions!$B:$B,""<=""&E$12)+SUMIFS(Transactions!$I:$I,Transactions!$G:$G,YearlyReport!$A113,Transactions!$B:$B,"">=""&E$11,Transactions!$B:$B,""<=""&E$12)",A113,
YearlyReport,F113,"=-SUMIFS(Transactions!$J:$J,Transactions!$G:$G,YearlyReport!$A113,Transactions!$B:$B,"">=""&F$11,Transactions!$B:$B,""<=""&F$12)+SUMIFS(Transactions!$I:$I,Transactions!$G:$G,YearlyReport!$A113,Transactions!$B:$B,"">=""&F$11,Transactions!$B:$B,""<=""&F$12)",A113,
YearlyReport,G113,"=-SUMIFS(Transactions!$J:$J,Transactions!$G:$G,YearlyReport!$A113,Transactions!$B:$B,"">=""&G$11,Transactions!$B:$B,""<=""&G$12)+SUMIFS(Transactions!$I:$I,Transactions!$G:$G,YearlyReport!$A113,Transactions!$B:$B,"">=""&G$11,Transactions!$B:$B,""<=""&G$12)",A113,
YearlyReport,H113,"=-SUMIFS(Transactions!$J:$J,Transactions!$G:$G,YearlyReport!$A113,Transactions!$B:$B,"">=""&H$11,Transactions!$B:$B,""<=""&H$12)+SUMIFS(Transactions!$I:$I,Transactions!$G:$G,YearlyReport!$A113,Transactions!$B:$B,"">=""&H$11,Transactions!$B:$B,""<=""&H$12)",A113,
YearlyReport,I113,"=-SUMIFS(Transactions!$J:$J,Transactions!$G:$G,YearlyReport!$A113,Transactions!$B:$B,"">=""&I$11,Transactions!$B:$B,""<=""&I$12)+SUMIFS(Transactions!$I:$I,Transactions!$G:$G,YearlyReport!$A113,Transactions!$B:$B,"">=""&I$11,Transactions!$B:$B,""<=""&I$12)",A113,
YearlyReport,J113,"=-SUMIFS(Transactions!$J:$J,Transactions!$G:$G,YearlyReport!$A113,Transactions!$B:$B,"">=""&J$11,Transactions!$B:$B,""<=""&J$12)+SUMIFS(Transactions!$I:$I,Transactions!$G:$G,YearlyReport!$A113,Transactions!$B:$B,"">=""&J$11,Transactions!$B:$B,""<=""&J$12)",A113,
YearlyReport,K113,"=-SUMIFS(Transactions!$J:$J,Transactions!$G:$G,YearlyReport!$A113,Transactions!$B:$B,"">=""&K$11,Transactions!$B:$B,""<=""&K$12)+SUMIFS(Transactions!$I:$I,Transactions!$G:$G,YearlyReport!$A113,Transactions!$B:$B,"">=""&K$11,Transactions!$B:$B,""<=""&K$12)",A113,
YearlyReport,L113,"=-SUMIFS(Transactions!$J:$J,Transactions!$G:$G,YearlyReport!$A113,Transactions!$B:$B,"">=""&L$11,Transactions!$B:$B,""<=""&L$12)+SUMIFS(Transactions!$I:$I,Transactions!$G:$G,YearlyReport!$A113,Transactions!$B:$B,"">=""&L$11,Transactions!$B:$B,""<=""&L$12)",A113,
YearlyReport,M113,"=-SUMIFS(Transactions!$J:$J,Transactions!$G:$G,YearlyReport!$A113,Transactions!$B:$B,"">=""&M$11,Transactions!$B:$B,""<=""&M$12)+SUMIFS(Transactions!$I:$I,Transactions!$G:$G,YearlyReport!$A113,Transactions!$B:$B,"">=""&M$11,Transactions!$B:$B,""<=""&M$12)",A113,
YearlyReport,N113,"=-SUMIFS(Transactions!$J:$J,Transactions!$G:$G,YearlyReport!$A113,Transactions!$B:$B,"">=""&N$11,Transactions!$B:$B,""<=""&N$12)+SUMIFS(Transactions!$I:$I,Transactions!$G:$G,YearlyReport!$A113,Transactions!$B:$B,"">=""&N$11,Transactions!$B:$B,""<=""&N$12)",A113,"YearlyReport!O113,YearlyReport!P113"
YearlyReport,O113,=SUM(C113:N113),"C113,N113",YearlyReport!P113
YearlyReport,P113,=O113/COLUMNS(C113:N113),"O113,C113,N113",
YearlyReport,A114, - ,,"YearlyReport!C114,YearlyReport!D114,YearlyReport!E114,YearlyReport!F114,YearlyReport!G114,YearlyReport!H114,YearlyReport!I114,YearlyReport!J114,YearlyReport!K114,YearlyReport!L114,YearlyReport!M114,YearlyReport!N114"
YearlyReport,B114,,,
YearlyReport,C114,"=-SUMIFS(Transactions!$J:$J,Transactions!$G:$G,YearlyReport!$A114,Transactions!$B:$B,"">=""&C$11,Transactions!$B:$B,""<=""&C$12)+SUMIFS(Transactions!$I:$I,Transactions!$G:$G,YearlyReport!$A114,Transactions!$B:$B,"">=""&C$11,Transactions!$B:$B,""<=""&C$12)",A114,"YearlyReport!O114,YearlyReport!P114"
YearlyReport,D114,"=-SUMIFS(Transactions!$J:$J,Transactions!$G:$G,YearlyReport!$A114,Transactions!$B:$B,"">=""&D$11,Transactions!$B:$B,""<=""&D$12)+SUMIFS(Transactions!$I:$I,Transactions!$G:$G,YearlyReport!$A114,Transactions!$B:$B,"">=""&D$11,Transactions!$B:$B,""<=""&D$12)",A114,
YearlyReport,E114,"=-SUMIFS(Transactions!$J:$J,Transactions!$G:$G,YearlyReport!$A114,Transactions!$B:$B,"">=""&E$11,Transactions!$B:$B,""<=""&E$12)+SUMIFS(Transactions!$I:$I,Transactions!$G:$G,YearlyReport!$A114,Transactions!$B:$B,"">=""&E$11,Transactions!$B:$B,""<=""&E$12)",A114,
YearlyReport,F114,"=-SUMIFS(Transactions!$J:$J,Transactions!$G:$G,YearlyReport!$A114,Transactions!$B:$B,"">=""&F$11,Transactions!$B:$B,""<=""&F$12)+SUMIFS(Transactions!$I:$I,Transactions!$G:$G,YearlyReport!$A114,Transactions!$B:$B,"">=""&F$11,Transactions!$B:$B,""<=""&F$12)",A114,
YearlyReport,G114,"=-SUMIFS(Transactions!$J:$J,Transactions!$G:$G,YearlyReport!$A114,Transactions!$B:$B,"">=""&G$11,Transactions!$B:$B,""<=""&G$12)+SUMIFS(Transactions!$I:$I,Transactions!$G:$G,YearlyReport!$A114,Transactions!$B:$B,"">=""&G$11,Transactions!$B:$B,""<=""&G$12)",A114,
YearlyReport,H114,"=-SUMIFS(Transactions!$J:$J,Transactions!$G:$G,YearlyReport!$A114,Transactions!$B:$B,"">=""&H$11,Transactions!$B:$B,""<=""&H$12)+SUMIFS(Transactions!$I:$I,Transactions!$G:$G,YearlyReport!$A114,Transactions!$B:$B,"">=""&H$11,Transactions!$B:$B,""<=""&H$12)",A114,
YearlyReport,I114,"=-SUMIFS(Transactions!$J:$J,Transactions!$G:$G,YearlyReport!$A114,Transactions!$B:$B,"">=""&I$11,Transactions!$B:$B,""<=""&I$12)+SUMIFS(Transactions!$I:$I,Transactions!$G:$G,YearlyReport!$A114,Transactions!$B:$B,"">=""&I$11,Transactions!$B:$B,""<=""&I$12)",A114,
YearlyReport,J114,"=-SUMIFS(Transactions!$J:$J,Transactions!$G:$G,YearlyReport!$A114,Transactions!$B:$B,"">=""&J$11,Transactions!$B:$B,""<=""&J$12)+SUMIFS(Transactions!$I:$I,Transactions!$G:$G,YearlyReport!$A114,Transactions!$B:$B,"">=""&J$11,Transactions!$B:$B,""<=""&J$12)",A114,
YearlyReport,K114,"=-SUMIFS(Transactions!$J:$J,Transactions!$G:$G,YearlyReport!$A114,Transactions!$B:$B,"">=""&K$11,Transactions!$B:$B,""<=""&K$12)+SUMIFS(Transactions!$I:$I,Transactions!$G:$G,YearlyReport!$A114,Transactions!$B:$B,"">=""&K$11,Transactions!$B:$B,""<=""&K$12)",A114,
YearlyReport,L114,"=-SUMIFS(Transactions!$J:$J,Transactions!$G:$G,YearlyReport!$A114,Transactions!$B:$B,"">=""&L$11,Transactions!$B:$B,""<=""&L$12)+SUMIFS(Transactions!$I:$I,Transactions!$G:$G,YearlyReport!$A114,Transactions!$B:$B,"">=""&L$11,Transactions!$B:$B,""<=""&L$12)",A114,
YearlyReport,M114,"=-SUMIFS(Transactions!$J:$J,Transactions!$G:$G,YearlyReport!$A114,Transactions!$B:$B,"">=""&M$11,Transactions!$B:$B,""<=""&M$12)+SUMIFS(Transactions!$I:$I,Transactions!$G:$G,YearlyReport!$A114,Transactions!$B:$B,"">=""&M$11,Transactions!$B:$B,""<=""&M$12)",A114,
YearlyReport,N114,"=-SUMIFS(Transactions!$J:$J,Transactions!$G:$G,YearlyReport!$A114,Transactions!$B:$B,"">=""&N$11,Transactions!$B:$B,""<=""&N$12)+SUMIFS(Transactions!$I:$I,Transactions!$G:$G,YearlyReport!$A114,Transactions!$B:$B,"">=""&N$11,Transactions!$B:$B,""<=""&N$12)",A114,"YearlyReport!O114,YearlyReport!P114"
YearlyReport,O114,=SUM(C114:N114),"C114,N114",YearlyReport!P114
YearlyReport,P114,=O114/COLUMNS(C114:N114),"O114,C114,N114",
YearlyReport,A115, - ,,"YearlyReport!C115,YearlyReport!D115,YearlyReport!E115,YearlyReport!F115,YearlyReport!G115,YearlyReport!H115,YearlyReport!I115,YearlyReport!J115,YearlyReport!K115,YearlyReport!L115,YearlyReport!M115,YearlyReport!N115"
YearlyReport,B115,,,
YearlyReport,C115,"=-SUMIFS(Transactions!$J:$J,Transactions!$G:$G,YearlyReport!$A115,Transactions!$B:$B,"">=""&C$11,Transactions!$B:$B,""<=""&C$12)+SUMIFS(Transactions!$I:$I,Transactions!$G:$G,YearlyReport!$A115,Transactions!$B:$B,"">=""&C$11,Transactions!$B:$B,""<=""&C$12)",A115,"YearlyReport!O115,YearlyReport!P115"
YearlyReport,D115,"=-SUMIFS(Transactions!$J:$J,Transactions!$G:$G,YearlyReport!$A115,Transactions!$B:$B,"">=""&D$11,Transactions!$B:$B,""<=""&D$12)+SUMIFS(Transactions!$I:$I,Transactions!$G:$G,YearlyReport!$A115,Transactions!$B:$B,"">=""&D$11,Transactions!$B:$B,""<=""&D$12)",A115,
YearlyReport,E115,"=-SUMIFS(Transactions!$J:$J,Transactions!$G:$G,YearlyReport!$A115,Transactions!$B:$B,"">=""&E$11,Transactions!$B:$B,""<=""&E$12)+SUMIFS(Transactions!$I:$I,Transactions!$G:$G,YearlyReport!$A115,Transactions!$B:$B,"">=""&E$11,Transactions!$B:$B,""<=""&E$12)",A115,
YearlyReport,F115,"=-SUMIFS(Transactions!$J:$J,Transactions!$G:$G,YearlyReport!$A115,Transactions!$B:$B,"">=""&F$11,Transactions!$B:$B,""<=""&F$12)+SUMIFS(Transactions!$I:$I,Transactions!$G:$G,YearlyReport!$A115,Transactions!$B:$B,"">=""&F$11,Transactions!$B:$B,""<=""&F$12)",A115,
YearlyReport,G115,"=-SUMIFS(Transactions!$J:$J,Transactions!$G:$G,YearlyReport!$A115,Transactions!$B:$B,"">=""&G$11,Transactions!$B:$B,""<=""&G$12)+SUMIFS(Transactions!$I:$I,Transactions!$G:$G,YearlyReport!$A115,Transactions!$B:$B,"">=""&G$11,Transactions!$B:$B,""<=""&G$12)",A115,
YearlyReport,H115,"=-SUMIFS(Transactions!$J:$J,Transactions!$G:$G,YearlyReport!$A115,Transactions!$B:$B,"">=""&H$11,Transactions!$B:$B,""<=""&H$12)+SUMIFS(Transactions!$I:$I,Transactions!$G:$G,YearlyReport!$A115,Transactions!$B:$B,"">=""&H$11,Transactions!$B:$B,""<=""&H$12)",A115,
YearlyReport,I115,"=-SUMIFS(Transactions!$J:$J,Transactions!$G:$G,YearlyReport!$A115,Transactions!$B:$B,"">=""&I$11,Transactions!$B:$B,""<=""&I$12)+SUMIFS(Transactions!$I:$I,Transactions!$G:$G,YearlyReport!$A115,Transactions!$B:$B,"">=""&I$11,Transactions!$B:$B,""<=""&I$12)",A115,
YearlyReport,J115,"=-SUMIFS(Transactions!$J:$J,Transactions!$G:$G,YearlyReport!$A115,Transactions!$B:$B,"">=""&J$11,Transactions!$B:$B,""<=""&J$12)+SUMIFS(Transactions!$I:$I,Transactions!$G:$G,YearlyReport!$A115,Transactions!$B:$B,"">=""&J$11,Transactions!$B:$B,""<=""&J$12)",A115,
YearlyReport,K115,"=-SUMIFS(Transactions!$J:$J,Transactions!$G:$G,YearlyReport!$A115,Transactions!$B:$B,"">=""&K$11,Transactions!$B:$B,""<=""&K$12)+SUMIFS(Transactions!$I:$I,Transactions!$G:$G,YearlyReport!$A115,Transactions!$B:$B,"">=""&K$11,Transactions!$B:$B,""<=""&K$12)",A115,
YearlyReport,L115,"=-SUMIFS(Transactions!$J:$J,Transactions!$G:$G,YearlyReport!$A115,Transactions!$B:$B,"">=""&L$11,Transactions!$B:$B,""<=""&L$12)+SUMIFS(Transactions!$I:$I,Transactions!$G:$G,YearlyReport!$A115,Transactions!$B:$B,"">=""&L$11,Transactions!$B:$B,""<=""&L$12)",A115,
YearlyReport,M115,"=-SUMIFS(Transactions!$J:$J,Transactions!$G:$G,YearlyReport!$A115,Transactions!$B:$B,"">=""&M$11,Transactions!$B:$B,""<=""&M$12)+SUMIFS(Transactions!$I:$I,Transactions!$G:$G,YearlyReport!$A115,Transactions!$B:$B,"">=""&M$11,Transactions!$B:$B,""<=""&M$12)",A115,
YearlyReport,N115,"=-SUMIFS(Transactions!$J:$J,Transactions!$G:$G,YearlyReport!$A115,Transactions!$B:$B,"">=""&N$11,Transactions!$B:$B,""<=""&N$12)+SUMIFS(Transactions!$I:$I,Transactions!$G:$G,YearlyReport!$A115,Transactions!$B:$B,"">=""&N$11,Transactions!$B:$B,""<=""&N$12)",A115,"YearlyReport!O115,YearlyReport!P115"
YearlyReport,O115,=SUM(C115:N115),"C115,N115",YearlyReport!P115
YearlyReport,P115,=O115/COLUMNS(C115:N115),"O115,C115,N115",
YearlyReport,A116, - ,,"YearlyReport!C116,YearlyReport!D116,YearlyReport!E116,YearlyReport!F116,YearlyReport!G116,YearlyReport!H116,YearlyReport!I116,YearlyReport!J116,YearlyReport!K116,YearlyReport!L116,YearlyReport!M116,YearlyReport!N116"
YearlyReport,B116,,,
YearlyReport,C116,"=-SUMIFS(Transactions!$J:$J,Transactions!$G:$G,YearlyReport!$A116,Transactions!$B:$B,"">=""&C$11,Transactions!$B:$B,""<=""&C$12)+SUMIFS(Transactions!$I:$I,Transactions!$G:$G,YearlyReport!$A116,Transactions!$B:$B,"">=""&C$11,Transactions!$B:$B,""<=""&C$12)",A116,"YearlyReport!O116,YearlyReport!P116"
YearlyReport,D116,"=-SUMIFS(Transactions!$J:$J,Transactions!$G:$G,YearlyReport!$A116,Transactions!$B:$B,"">=""&D$11,Transactions!$B:$B,""<=""&D$12)+SUMIFS(Transactions!$I:$I,Transactions!$G:$G,YearlyReport!$A116,Transactions!$B:$B,"">=""&D$11,Transactions!$B:$B,""<=""&D$12)",A116,
YearlyReport,E116,"=-SUMIFS(Transactions!$J:$J,Transactions!$G:$G,YearlyReport!$A116,Transactions!$B:$B,"">=""&E$11,Transactions!$B:$B,""<=""&E$12)+SUMIFS(Transactions!$I:$I,Transactions!$G:$G,YearlyReport!$A116,Transactions!$B:$B,"">=""&E$11,Transactions!$B:$B,""<=""&E$12)",A116,
YearlyReport,F116,"=-SUMIFS(Transactions!$J:$J,Transactions!$G:$G,YearlyReport!$A116,Transactions!$B:$B,"">=""&F$11,Transactions!$B:$B,""<=""&F$12)+SUMIFS(Transactions!$I:$I,Transactions!$G:$G,YearlyReport!$A116,Transactions!$B:$B,"">=""&F$11,Transactions!$B:$B,""<=""&F$12)",A116,
YearlyReport,G116,"=-SUMIFS(Transactions!$J:$J,Transactions!$G:$G,YearlyReport!$A116,Transactions!$B:$B,"">=""&G$11,Transactions!$B:$B,""<=""&G$12)+SUMIFS(Transactions!$I:$I,Transactions!$G:$G,YearlyReport!$A116,Transactions!$B:$B,"">=""&G$11,Transactions!$B:$B,""<=""&G$12)",A116,
YearlyReport,H116,"=-SUMIFS(Transactions!$J:$J,Transactions!$G:$G,YearlyReport!$A116,Transactions!$B:$B,"">=""&H$11,Transactions!$B:$B,""<=""&H$12)+SUMIFS(Transactions!$I:$I,Transactions!$G:$G,YearlyReport!$A116,Transactions!$B:$B,"">=""&H$11,Transactions!$B:$B,""<=""&H$12)",A116,
YearlyReport,I116,"=-SUMIFS(Transactions!$J:$J,Transactions!$G:$G,YearlyReport!$A116,Transactions!$B:$B,"">=""&I$11,Transactions!$B:$B,""<=""&I$12)+SUMIFS(Transactions!$I:$I,Transactions!$G:$G,YearlyReport!$A116,Transactions!$B:$B,"">=""&I$11,Transactions!$B:$B,""<=""&I$12)",A116,
YearlyReport,J116,"=-SUMIFS(Transactions!$J:$J,Transactions!$G:$G,YearlyReport!$A116,Transactions!$B:$B,"">=""&J$11,Transactions!$B:$B,""<=""&J$12)+SUMIFS(Transactions!$I:$I,Transactions!$G:$G,YearlyReport!$A116,Transactions!$B:$B,"">=""&J$11,Transactions!$B:$B,""<=""&J$12)",A116,
YearlyReport,K116,"=-SUMIFS(Transactions!$J:$J,Transactions!$G:$G,YearlyReport!$A116,Transactions!$B:$B,"">=""&K$11,Transactions!$B:$B,""<=""&K$12)+SUMIFS(Transactions!$I:$I,Transactions!$G:$G,YearlyReport!$A116,Transactions!$B:$B,"">=""&K$11,Transactions!$B:$B,""<=""&K$12)",A116,
YearlyReport,L116,"=-SUMIFS(Transactions!$J:$J,Transactions!$G:$G,YearlyReport!$A116,Transactions!$B:$B,"">=""&L$11,Transactions!$B:$B,""<=""&L$12)+SUMIFS(Transactions!$I:$I,Transactions!$G:$G,YearlyReport!$A116,Transactions!$B:$B,"">=""&L$11,Transactions!$B:$B,""<=""&L$12)",A116,
YearlyReport,M116,"=-SUMIFS(Transactions!$J:$J,Transactions!$G:$G,YearlyReport!$A116,Transactions!$B:$B,"">=""&M$11,Transactions!$B:$B,""<=""&M$12)+SUMIFS(Transactions!$I:$I,Transactions!$G:$G,YearlyReport!$A116,Transactions!$B:$B,"">=""&M$11,Transactions!$B:$B,""<=""&M$12)",A116,
YearlyReport,N116,"=-SUMIFS(Transactions!$J:$J,Transactions!$G:$G,YearlyReport!$A116,Transactions!$B:$B,"">=""&N$11,Transactions!$B:$B,""<=""&N$12)+SUMIFS(Transactions!$I:$I,Transactions!$G:$G,YearlyReport!$A116,Transactions!$B:$B,"">=""&N$11,Transactions!$B:$B,""<=""&N$12)",A116,"YearlyReport!O116,YearlyReport!P116"
YearlyReport,O116,=SUM(C116:N116),"C116,N116",YearlyReport!P116
YearlyReport,P116,=O116/COLUMNS(C116:N116),"O116,C116,N116",
YearlyReport,A117, - ,,"YearlyReport!C117,YearlyReport!D117,YearlyReport!E117,YearlyReport!F117,YearlyReport!G117,YearlyReport!H117,YearlyReport!I117,YearlyReport!J117,YearlyReport!K117,YearlyReport!L117,YearlyReport!M117,YearlyReport!N117"
YearlyReport,B117,,,
YearlyReport,C117,"=-SUMIFS(Transactions!$J:$J,Transactions!$G:$G,YearlyReport!$A117,Transactions!$B:$B,"">=""&C$11,Transactions!$B:$B,""<=""&C$12)+SUMIFS(Transactions!$I:$I,Transactions!$G:$G,YearlyReport!$A117,Transactions!$B:$B,"">=""&C$11,Transactions!$B:$B,""<=""&C$12)",A117,"YearlyReport!O117,YearlyReport!P117"
YearlyReport,D117,"=-SUMIFS(Transactions!$J:$J,Transactions!$G:$G,YearlyReport!$A117,Transactions!$B:$B,"">=""&D$11,Transactions!$B:$B,""<=""&D$12)+SUMIFS(Transactions!$I:$I,Transactions!$G:$G,YearlyReport!$A117,Transactions!$B:$B,"">=""&D$11,Transactions!$B:$B,""<=""&D$12)",A117,
YearlyReport,E117,"=-SUMIFS(Transactions!$J:$J,Transactions!$G:$G,YearlyReport!$A117,Transactions!$B:$B,"">=""&E$11,Transactions!$B:$B,""<=""&E$12)+SUMIFS(Transactions!$I:$I,Transactions!$G:$G,YearlyReport!$A117,Transactions!$B:$B,"">=""&E$11,Transactions!$B:$B,""<=""&E$12)",A117,
YearlyReport,F117,"=-SUMIFS(Transactions!$J:$J,Transactions!$G:$G,YearlyReport!$A117,Transactions!$B:$B,"">=""&F$11,Transactions!$B:$B,""<=""&F$12)+SUMIFS(Transactions!$I:$I,Transactions!$G:$G,YearlyReport!$A117,Transactions!$B:$B,"">=""&F$11,Transactions!$B:$B,""<=""&F$12)",A117,
YearlyReport,G117,"=-SUMIFS(Transactions!$J:$J,Transactions!$G:$G,YearlyReport!$A117,Transactions!$B:$B,"">=""&G$11,Transactions!$B:$B,""<=""&G$12)+SUMIFS(Transactions!$I:$I,Transactions!$G:$G,YearlyReport!$A117,Transactions!$B:$B,"">=""&G$11,Transactions!$B:$B,""<=""&G$12)",A117,
YearlyReport,H117,"=-SUMIFS(Transactions!$J:$J,Transactions!$G:$G,YearlyReport!$A117,Transactions!$B:$B,"">=""&H$11,Transactions!$B:$B,""<=""&H$12)+SUMIFS(Transactions!$I:$I,Transactions!$G:$G,YearlyReport!$A117,Transactions!$B:$B,"">=""&H$11,Transactions!$B:$B,""<=""&H$12)",A117,
YearlyReport,I117,"=-SUMIFS(Transactions!$J:$J,Transactions!$G:$G,YearlyReport!$A117,Transactions!$B:$B,"">=""&I$11,Transactions!$B:$B,""<=""&I$12)+SUMIFS(Transactions!$I:$I,Transactions!$G:$G,YearlyReport!$A117,Transactions!$B:$B,"">=""&I$11,Transactions!$B:$B,""<=""&I$12)",A117,
YearlyReport,J117,"=-SUMIFS(Transactions!$J:$J,Transactions!$G:$G,YearlyReport!$A117,Transactions!$B:$B,"">=""&J$11,Transactions!$B:$B,""<=""&J$12)+SUMIFS(Transactions!$I:$I,Transactions!$G:$G,YearlyReport!$A117,Transactions!$B:$B,"">=""&J$11,Transactions!$B:$B,""<=""&J$12)",A117,
YearlyReport,K117,"=-SUMIFS(Transactions!$J:$J,Transactions!$G:$G,YearlyReport!$A117,Transactions!$B:$B,"">=""&K$11,Transactions!$B:$B,""<=""&K$12)+SUMIFS(Transactions!$I:$I,Transactions!$G:$G,YearlyReport!$A117,Transactions!$B:$B,"">=""&K$11,Transactions!$B:$B,""<=""&K$12)",A117,
YearlyReport,L117,"=-SUMIFS(Transactions!$J:$J,Transactions!$G:$G,YearlyReport!$A117,Transactions!$B:$B,"">=""&L$11,Transactions!$B:$B,""<=""&L$12)+SUMIFS(Transactions!$I:$I,Transactions!$G:$G,YearlyReport!$A117,Transactions!$B:$B,"">=""&L$11,Transactions!$B:$B,""<=""&L$12)",A117,
YearlyReport,M117,"=-SUMIFS(Transactions!$J:$J,Transactions!$G:$G,YearlyReport!$A117,Transactions!$B:$B,"">=""&M$11,Transactions!$B:$B,""<=""&M$12)+SUMIFS(Transactions!$I:$I,Transactions!$G:$G,YearlyReport!$A117,Transactions!$B:$B,"">=""&M$11,Transactions!$B:$B,""<=""&M$12)",A117,
YearlyReport,N117,"=-SUMIFS(Transactions!$J:$J,Transactions!$G:$G,YearlyReport!$A117,Transactions!$B:$B,"">=""&N$11,Transactions!$B:$B,""<=""&N$12)+SUMIFS(Transactions!$I:$I,Transactions!$G:$G,YearlyReport!$A117,Transactions!$B:$B,"">=""&N$11,Transactions!$B:$B,""<=""&N$12)",A117,"YearlyReport!O117,YearlyReport!P117"
YearlyReport,O117,=SUM(C117:N117),"C117,N117",YearlyReport!P117
YearlyReport,P117,=O117/COLUMNS(C117:N117),"O117,C117,N117",
YearlyReport,A118, - ,,"YearlyReport!C118,YearlyReport!D118,YearlyReport!E118,YearlyReport!F118,YearlyReport!G118,YearlyReport!H118,YearlyReport!I118,YearlyReport!J118,YearlyReport!K118,YearlyReport!L118,YearlyReport!M118,YearlyReport!N118"
YearlyReport,B118,,,
YearlyReport,C118,"=-SUMIFS(Transactions!$J:$J,Transactions!$G:$G,YearlyReport!$A118,Transactions!$B:$B,"">=""&C$11,Transactions!$B:$B,""<=""&C$12)+SUMIFS(Transactions!$I:$I,Transactions!$G:$G,YearlyReport!$A118,Transactions!$B:$B,"">=""&C$11,Transactions!$B:$B,""<=""&C$12)",A118,"YearlyReport!O118,YearlyReport!P118"
YearlyReport,D118,"=-SUMIFS(Transactions!$J:$J,Transactions!$G:$G,YearlyReport!$A118,Transactions!$B:$B,"">=""&D$11,Transactions!$B:$B,""<=""&D$12)+SUMIFS(Transactions!$I:$I,Transactions!$G:$G,YearlyReport!$A118,Transactions!$B:$B,"">=""&D$11,Transactions!$B:$B,""<=""&D$12)",A118,
YearlyReport,E118,"=-SUMIFS(Transactions!$J:$J,Transactions!$G:$G,YearlyReport!$A118,Transactions!$B:$B,"">=""&E$11,Transactions!$B:$B,""<=""&E$12)+SUMIFS(Transactions!$I:$I,Transactions!$G:$G,YearlyReport!$A118,Transactions!$B:$B,"">=""&E$11,Transactions!$B:$B,""<=""&E$12)",A118,
YearlyReport,F118,"=-SUMIFS(Transactions!$J:$J,Transactions!$G:$G,YearlyReport!$A118,Transactions!$B:$B,"">=""&F$11,Transactions!$B:$B,""<=""&F$12)+SUMIFS(Transactions!$I:$I,Transactions!$G:$G,YearlyReport!$A118,Transactions!$B:$B,"">=""&F$11,Transactions!$B:$B,""<=""&F$12)",A118,
YearlyReport,G118,"=-SUMIFS(Transactions!$J:$J,Transactions!$G:$G,YearlyReport!$A118,Transactions!$B:$B,"">=""&G$11,Transactions!$B:$B,""<=""&G$12)+SUMIFS(Transactions!$I:$I,Transactions!$G:$G,YearlyReport!$A118,Transactions!$B:$B,"">=""&G$11,Transactions!$B:$B,""<=""&G$12)",A118,
YearlyReport,H118,"=-SUMIFS(Transactions!$J:$J,Transactions!$G:$G,YearlyReport!$A118,Transactions!$B:$B,"">=""&H$11,Transactions!$B:$B,""<=""&H$12)+SUMIFS(Transactions!$I:$I,Transactions!$G:$G,YearlyReport!$A118,Transactions!$B:$B,"">=""&H$11,Transactions!$B:$B,""<=""&H$12)",A118,
YearlyReport,I118,"=-SUMIFS(Transactions!$J:$J,Transactions!$G:$G,YearlyReport!$A118,Transactions!$B:$B,"">=""&I$11,Transactions!$B:$B,""<=""&I$12)+SUMIFS(Transactions!$I:$I,Transactions!$G:$G,YearlyReport!$A118,Transactions!$B:$B,"">=""&I$11,Transactions!$B:$B,""<=""&I$12)",A118,
YearlyReport,J118,"=-SUMIFS(Transactions!$J:$J,Transactions!$G:$G,YearlyReport!$A118,Transactions!$B:$B,"">=""&J$11,Transactions!$B:$B,""<=""&J$12)+SUMIFS(Transactions!$I:$I,Transactions!$G:$G,YearlyReport!$A118,Transactions!$B:$B,"">=""&J$11,Transactions!$B:$B,""<=""&J$12)",A118,
YearlyReport,K118,"=-SUMIFS(Transactions!$J:$J,Transactions!$G:$G,YearlyReport!$A118,Transactions!$B:$B,"">=""&K$11,Transactions!$B:$B,""<=""&K$12)+SUMIFS(Transactions!$I:$I,Transactions!$G:$G,YearlyReport!$A118,Transactions!$B:$B,"">=""&K$11,Transactions!$B:$B,""<=""&K$12)",A118,
YearlyReport,L118,"=-SUMIFS(Transactions!$J:$J,Transactions!$G:$G,YearlyReport!$A118,Transactions!$B:$B,"">=""&L$11,Transactions!$B:$B,""<=""&L$12)+SUMIFS(Transactions!$I:$I,Transactions!$G:$G,YearlyReport!$A118,Transactions!$B:$B,"">=""&L$11,Transactions!$B:$B,""<=""&L$12)",A118,
YearlyReport,M118,"=-SUMIFS(Transactions!$J:$J,Transactions!$G:$G,YearlyReport!$A118,Transactions!$B:$B,"">=""&M$11,Transactions!$B:$B,""<=""&M$12)+SUMIFS(Transactions!$I:$I,Transactions!$G:$G,YearlyReport!$A118,Transactions!$B:$B,"">=""&M$11,Transactions!$B:$B,""<=""&M$12)",A118,
YearlyReport,N118,"=-SUMIFS(Transactions!$J:$J,Transactions!$G:$G,YearlyReport!$A118,Transactions!$B:$B,"">=""&N$11,Transactions!$B:$B,""<=""&N$12)+SUMIFS(Transactions!$I:$I,Transactions!$G:$G,YearlyReport!$A118,Transactions!$B:$B,"">=""&N$11,Transactions!$B:$B,""<=""&N$12)",A118,"YearlyReport!O118,YearlyReport!P118"
YearlyReport,O118,=SUM(C118:N118),"C118,N118",YearlyReport!P118
YearlyReport,P118,=O118/COLUMNS(C118:N118),"O118,C118,N118",
YearlyReport,A119, - ,,"YearlyReport!C119,YearlyReport!D119,YearlyReport!E119,YearlyReport!F119,YearlyReport!G119,YearlyReport!H119,YearlyReport!I119,YearlyReport!J119,YearlyReport!K119,YearlyReport!L119,YearlyReport!M119,YearlyReport!N119"
YearlyReport,B119,,,
YearlyReport,C119,"=-SUMIFS(Transactions!$J:$J,Transactions!$G:$G,YearlyReport!$A119,Transactions!$B:$B,"">=""&C$11,Transactions!$B:$B,""<=""&C$12)+SUMIFS(Transactions!$I:$I,Transactions!$G:$G,YearlyReport!$A119,Transactions!$B:$B,"">=""&C$11,Transactions!$B:$B,""<=""&C$12)",A119,"YearlyReport!O119,YearlyReport!P119"
YearlyReport,D119,"=-SUMIFS(Transactions!$J:$J,Transactions!$G:$G,YearlyReport!$A119,Transactions!$B:$B,"">=""&D$11,Transactions!$B:$B,""<=""&D$12)+SUMIFS(Transactions!$I:$I,Transactions!$G:$G,YearlyReport!$A119,Transactions!$B:$B,"">=""&D$11,Transactions!$B:$B,""<=""&D$12)",A119,
YearlyReport,E119,"=-SUMIFS(Transactions!$J:$J,Transactions!$G:$G,YearlyReport!$A119,Transactions!$B:$B,"">=""&E$11,Transactions!$B:$B,""<=""&E$12)+SUMIFS(Transactions!$I:$I,Transactions!$G:$G,YearlyReport!$A119,Transactions!$B:$B,"">=""&E$11,Transactions!$B:$B,""<=""&E$12)",A119,
YearlyReport,F119,"=-SUMIFS(Transactions!$J:$J,Transactions!$G:$G,YearlyReport!$A119,Transactions!$B:$B,"">=""&F$11,Transactions!$B:$B,""<=""&F$12)+SUMIFS(Transactions!$I:$I,Transactions!$G:$G,YearlyReport!$A119,Transactions!$B:$B,"">=""&F$11,Transactions!$B:$B,""<=""&F$12)",A119,
YearlyReport,G119,"=-SUMIFS(Transactions!$J:$J,Transactions!$G:$G,YearlyReport!$A119,Transactions!$B:$B,"">=""&G$11,Transactions!$B:$B,""<=""&G$12)+SUMIFS(Transactions!$I:$I,Transactions!$G:$G,YearlyReport!$A119,Transactions!$B:$B,"">=""&G$11,Transactions!$B:$B,""<=""&G$12)",A119,
YearlyReport,H119,"=-SUMIFS(Transactions!$J:$J,Transactions!$G:$G,YearlyReport!$A119,Transactions!$B:$B,"">=""&H$11,Transactions!$B:$B,""<=""&H$12)+SUMIFS(Transactions!$I:$I,Transactions!$G:$G,YearlyReport!$A119,Transactions!$B:$B,"">=""&H$11,Transactions!$B:$B,""<=""&H$12)",A119,
YearlyReport,I119,"=-SUMIFS(Transactions!$J:$J,Transactions!$G:$G,YearlyReport!$A119,Transactions!$B:$B,"">=""&I$11,Transactions!$B:$B,""<=""&I$12)+SUMIFS(Transactions!$I:$I,Transactions!$G:$G,YearlyReport!$A119,Transactions!$B:$B,"">=""&I$11,Transactions!$B:$B,""<=""&I$12)",A119,
YearlyReport,J119,"=-SUMIFS(Transactions!$J:$J,Transactions!$G:$G,YearlyReport!$A119,Transactions!$B:$B,"">=""&J$11,Transactions!$B:$B,""<=""&J$12)+SUMIFS(Transactions!$I:$I,Transactions!$G:$G,YearlyReport!$A119,Transactions!$B:$B,"">=""&J$11,Transactions!$B:$B,""<=""&J$12)",A119,
YearlyReport,K119,"=-SUMIFS(Transactions!$J:$J,Transactions!$G:$G,YearlyReport!$A119,Transactions!$B:$B,"">=""&K$11,Transactions!$B:$B,""<=""&K$12)+SUMIFS(Transactions!$I:$I,Transactions!$G:$G,YearlyReport!$A119,Transactions!$B:$B,"">=""&K$11,Transactions!$B:$B,""<=""&K$12)",A119,
YearlyReport,L119,"=-SUMIFS(Transactions!$J:$J,Transactions!$G:$G,YearlyReport!$A119,Transactions!$B:$B,"">=""&L$11,Transactions!$B:$B,""<=""&L$12)+SUMIFS(Transactions!$I:$I,Transactions!$G:$G,YearlyReport!$A119,Transactions!$B:$B,"">=""&L$11,Transactions!$B:$B,""<=""&L$12)",A119,
YearlyReport,M119,"=-SUMIFS(Transactions!$J:$J,Transactions!$G:$G,YearlyReport!$A119,Transactions!$B:$B,"">=""&M$11,Transactions!$B:$B,""<=""&M$12)+SUMIFS(Transactions!$I:$I,Transactions!$G:$G,YearlyReport!$A119,Transactions!$B:$B,"">=""&M$11,Transactions!$B:$B,""<=""&M$12)",A119,
YearlyReport,N119,"=-SUMIFS(Transactions!$J:$J,Transactions!$G:$G,YearlyReport!$A119,Transactions!$B:$B,"">=""&N$11,Transactions!$B:$B,""<=""&N$12)+SUMIFS(Transactions!$I:$I,Transactions!$G:$G,YearlyReport!$A119,Transactions!$B:$B,"">=""&N$11,Transactions!$B:$B,""<=""&N$12)",A119,"YearlyReport!O119,YearlyReport!P119"
YearlyReport,O119,=SUM(C119:N119),"C119,N119",YearlyReport!P119
YearlyReport,P119,=O119/COLUMNS(C119:N119),"O119,C119,N119",
YearlyReport,A120, - ,,"YearlyReport!C120,YearlyReport!D120,YearlyReport!E120,YearlyReport!F120,YearlyReport!G120,YearlyReport!H120,YearlyReport!I120,YearlyReport!J120,YearlyReport!K120,YearlyReport!L120,YearlyReport!M120,YearlyReport!N120"
YearlyReport,B120,,,
YearlyReport,C120,"=-SUMIFS(Transactions!$J:$J,Transactions!$G:$G,YearlyReport!$A120,Transactions!$B:$B,"">=""&C$11,Transactions!$B:$B,""<=""&C$12)+SUMIFS(Transactions!$I:$I,Transactions!$G:$G,YearlyReport!$A120,Transactions!$B:$B,"">=""&C$11,Transactions!$B:$B,""<=""&C$12)",A120,"YearlyReport!O120,YearlyReport!P120"
YearlyReport,D120,"=-SUMIFS(Transactions!$J:$J,Transactions!$G:$G,YearlyReport!$A120,Transactions!$B:$B,"">=""&D$11,Transactions!$B:$B,""<=""&D$12)+SUMIFS(Transactions!$I:$I,Transactions!$G:$G,YearlyReport!$A120,Transactions!$B:$B,"">=""&D$11,Transactions!$B:$B,""<=""&D$12)",A120,
YearlyReport,E120,"=-SUMIFS(Transactions!$J:$J,Transactions!$G:$G,YearlyReport!$A120,Transactions!$B:$B,"">=""&E$11,Transactions!$B:$B,""<=""&E$12)+SUMIFS(Transactions!$I:$I,Transactions!$G:$G,YearlyReport!$A120,Transactions!$B:$B,"">=""&E$11,Transactions!$B:$B,""<=""&E$12)",A120,
YearlyReport,F120,"=-SUMIFS(Transactions!$J:$J,Transactions!$G:$G,YearlyReport!$A120,Transactions!$B:$B,"">=""&F$11,Transactions!$B:$B,""<=""&F$12)+SUMIFS(Transactions!$I:$I,Transactions!$G:$G,YearlyReport!$A120,Transactions!$B:$B,"">=""&F$11,Transactions!$B:$B,""<=""&F$12)",A120,
YearlyReport,G120,"=-SUMIFS(Transactions!$J:$J,Transactions!$G:$G,YearlyReport!$A120,Transactions!$B:$B,"">=""&G$11,Transactions!$B:$B,""<=""&G$12)+SUMIFS(Transactions!$I:$I,Transactions!$G:$G,YearlyReport!$A120,Transactions!$B:$B,"">=""&G$11,Transactions!$B:$B,""<=""&G$12)",A120,
YearlyReport,H120,"=-SUMIFS(Transactions!$J:$J,Transactions!$G:$G,YearlyReport!$A120,Transactions!$B:$B,"">=""&H$11,Transactions!$B:$B,""<=""&H$12)+SUMIFS(Transactions!$I:$I,Transactions!$G:$G,YearlyReport!$A120,Transactions!$B:$B,"">=""&H$11,Transactions!$B:$B,""<=""&H$12)",A120,
YearlyReport,I120,"=-SUMIFS(Transactions!$J:$J,Transactions!$G:$G,YearlyReport!$A120,Transactions!$B:$B,"">=""&I$11,Transactions!$B:$B,""<=""&I$12)+SUMIFS(Transactions!$I:$I,Transactions!$G:$G,YearlyReport!$A120,Transactions!$B:$B,"">=""&I$11,Transactions!$B:$B,""<=""&I$12)",A120,
YearlyReport,J120,"=-SUMIFS(Transactions!$J:$J,Transactions!$G:$G,YearlyReport!$A120,Transactions!$B:$B,"">=""&J$11,Transactions!$B:$B,""<=""&J$12)+SUMIFS(Transactions!$I:$I,Transactions!$G:$G,YearlyReport!$A120,Transactions!$B:$B,"">=""&J$11,Transactions!$B:$B,""<=""&J$12)",A120,
YearlyReport,K120,"=-SUMIFS(Transactions!$J:$J,Transactions!$G:$G,YearlyReport!$A120,Transactions!$B:$B,"">=""&K$11,Transactions!$B:$B,""<=""&K$12)+SUMIFS(Transactions!$I:$I,Transactions!$G:$G,YearlyReport!$A120,Transactions!$B:$B,"">=""&K$11,Transactions!$B:$B,""<=""&K$12)",A120,
YearlyReport,L120,"=-SUMIFS(Transactions!$J:$J,Transactions!$G:$G,YearlyReport!$A120,Transactions!$B:$B,"">=""&L$11,Transactions!$B:$B,""<=""&L$12)+SUMIFS(Transactions!$I:$I,Transactions!$G:$G,YearlyReport!$A120,Transactions!$B:$B,"">=""&L$11,Transactions!$B:$B,""<=""&L$12)",A120,
YearlyReport,M120,"=-SUMIFS(Transactions!$J:$J,Transactions!$G:$G,YearlyReport!$A120,Transactions!$B:$B,"">=""&M$11,Transactions!$B:$B,""<=""&M$12)+SUMIFS(Transactions!$I:$I,Transactions!$G:$G,YearlyReport!$A120,Transactions!$B:$B,"">=""&M$11,Transactions!$B:$B,""<=""&M$12)",A120,
YearlyReport,N120,"=-SUMIFS(Transactions!$J:$J,Transactions!$G:$G,YearlyReport!$A120,Transactions!$B:$B,"">=""&N$11,Transactions!$B:$B,""<=""&N$12)+SUMIFS(Transactions!$I:$I,Transactions!$G:$G,YearlyReport!$A120,Transactions!$B:$B,"">=""&N$11,Transactions!$B:$B,""<=""&N$12)",A120,"YearlyReport!O120,YearlyReport!P120"
YearlyReport,O120,=SUM(C120:N120),"C120,N120",YearlyReport!P120
YearlyReport,P120,=O120/COLUMNS(C120:N120),"O120,C120,N120",
YearlyReport,A121, - ,,"YearlyReport!C121,YearlyReport!D121,YearlyReport!E121,YearlyReport!F121,YearlyReport!G121,YearlyReport!H121,YearlyReport!I121,YearlyReport!J121,YearlyReport!K121,YearlyReport!L121,YearlyReport!M121,YearlyReport!N121"
YearlyReport,B121,,,
YearlyReport,C121,"=-SUMIFS(Transactions!$J:$J,Transactions!$G:$G,YearlyReport!$A121,Transactions!$B:$B,"">=""&C$11,Transactions!$B:$B,""<=""&C$12)+SUMIFS(Transactions!$I:$I,Transactions!$G:$G,YearlyReport!$A121,Transactions!$B:$B,"">=""&C$11,Transactions!$B:$B,""<=""&C$12)",A121,"YearlyReport!O121,YearlyReport!P121"
YearlyReport,D121,"=-SUMIFS(Transactions!$J:$J,Transactions!$G:$G,YearlyReport!$A121,Transactions!$B:$B,"">=""&D$11,Transactions!$B:$B,""<=""&D$12)+SUMIFS(Transactions!$I:$I,Transactions!$G:$G,YearlyReport!$A121,Transactions!$B:$B,"">=""&D$11,Transactions!$B:$B,""<=""&D$12)",A121,
YearlyReport,E121,"=-SUMIFS(Transactions!$J:$J,Transactions!$G:$G,YearlyReport!$A121,Transactions!$B:$B,"">=""&E$11,Transactions!$B:$B,""<=""&E$12)+SUMIFS(Transactions!$I:$I,Transactions!$G:$G,YearlyReport!$A121,Transactions!$B:$B,"">=""&E$11,Transactions!$B:$B,""<=""&E$12)",A121,
YearlyReport,F121,"=-SUMIFS(Transactions!$J:$J,Transactions!$G:$G,YearlyReport!$A121,Transactions!$B:$B,"">=""&F$11,Transactions!$B:$B,""<=""&F$12)+SUMIFS(Transactions!$I:$I,Transactions!$G:$G,YearlyReport!$A121,Transactions!$B:$B,"">=""&F$11,Transactions!$B:$B,""<=""&F$12)",A121,
YearlyReport,G121,"=-SUMIFS(Transactions!$J:$J,Transactions!$G:$G,YearlyReport!$A121,Transactions!$B:$B,"">=""&G$11,Transactions!$B:$B,""<=""&G$12)+SUMIFS(Transactions!$I:$I,Transactions!$G:$G,YearlyReport!$A121,Transactions!$B:$B,"">=""&G$11,Transactions!$B:$B,""<=""&G$12)",A121,
YearlyReport,H121,"=-SUMIFS(Transactions!$J:$J,Transactions!$G:$G,YearlyReport!$A121,Transactions!$B:$B,"">=""&H$11,Transactions!$B:$B,""<=""&H$12)+SUMIFS(Transactions!$I:$I,Transactions!$G:$G,YearlyReport!$A121,Transactions!$B:$B,"">=""&H$11,Transactions!$B:$B,""<=""&H$12)",A121,
YearlyReport,I121,"=-SUMIFS(Transactions!$J:$J,Transactions!$G:$G,YearlyReport!$A121,Transactions!$B:$B,"">=""&I$11,Transactions!$B:$B,""<=""&I$12)+SUMIFS(Transactions!$I:$I,Transactions!$G:$G,YearlyReport!$A121,Transactions!$B:$B,"">=""&I$11,Transactions!$B:$B,""<=""&I$12)",A121,
YearlyReport,J121,"=-SUMIFS(Transactions!$J:$J,Transactions!$G:$G,YearlyReport!$A121,Transactions!$B:$B,"">=""&J$11,Transactions!$B:$B,""<=""&J$12)+SUMIFS(Transactions!$I:$I,Transactions!$G:$G,YearlyReport!$A121,Transactions!$B:$B,"">=""&J$11,Transactions!$B:$B,""<=""&J$12)",A121,
YearlyReport,K121,"=-SUMIFS(Transactions!$J:$J,Transactions!$G:$G,YearlyReport!$A121,Transactions!$B:$B,"">=""&K$11,Transactions!$B:$B,""<=""&K$12)+SUMIFS(Transactions!$I:$I,Transactions!$G:$G,YearlyReport!$A121,Transactions!$B:$B,"">=""&K$11,Transactions!$B:$B,""<=""&K$12)",A121,
YearlyReport,L121,"=-SUMIFS(Transactions!$J:$J,Transactions!$G:$G,YearlyReport!$A121,Transactions!$B:$B,"">=""&L$11,Transactions!$B:$B,""<=""&L$12)+SUMIFS(Transactions!$I:$I,Transactions!$G:$G,YearlyReport!$A121,Transactions!$B:$B,"">=""&L$11,Transactions!$B:$B,""<=""&L$12)",A121,
YearlyReport,M121,"=-SUMIFS(Transactions!$J:$J,Transactions!$G:$G,YearlyReport!$A121,Transactions!$B:$B,"">=""&M$11,Transactions!$B:$B,""<=""&M$12)+SUMIFS(Transactions!$I:$I,Transactions!$G:$G,YearlyReport!$A121,Transactions!$B:$B,"">=""&M$11,Transactions!$B:$B,""<=""&M$12)",A121,
YearlyReport,N121,"=-SUMIFS(Transactions!$J:$J,Transactions!$G:$G,YearlyReport!$A121,Transactions!$B:$B,"">=""&N$11,Transactions!$B:$B,""<=""&N$12)+SUMIFS(Transactions!$I:$I,Transactions!$G:$G,YearlyReport!$A121,Transactions!$B:$B,"">=""&N$11,Transactions!$B:$B,""<=""&N$12)",A121,"YearlyReport!O121,YearlyReport!P121"
YearlyReport,O121,=SUM(C121:N121),"C121,N121",YearlyReport!P121
YearlyReport,P121,=O121/COLUMNS(C121:N121),"O121,C121,N121",
YearlyReport,A122, - ,,"YearlyReport!C122,YearlyReport!D122,YearlyReport!E122,YearlyReport!F122,YearlyReport!G122,YearlyReport!H122,YearlyReport!I122,YearlyReport!J122,YearlyReport!K122,YearlyReport!L122,YearlyReport!M122,YearlyReport!N122"
YearlyReport,B122,,,
YearlyReport,C122,"=-SUMIFS(Transactions!$J:$J,Transactions!$G:$G,YearlyReport!$A122,Transactions!$B:$B,"">=""&C$11,Transactions!$B:$B,""<=""&C$12)+SUMIFS(Transactions!$I:$I,Transactions!$G:$G,YearlyReport!$A122,Transactions!$B:$B,"">=""&C$11,Transactions!$B:$B,""<=""&C$12)",A122,"YearlyReport!O122,YearlyReport!P122"
YearlyReport,D122,"=-SUMIFS(Transactions!$J:$J,Transactions!$G:$G,YearlyReport!$A122,Transactions!$B:$B,"">=""&D$11,Transactions!$B:$B,""<=""&D$12)+SUMIFS(Transactions!$I:$I,Transactions!$G:$G,YearlyReport!$A122,Transactions!$B:$B,"">=""&D$11,Transactions!$B:$B,""<=""&D$12)",A122,
YearlyReport,E122,"=-SUMIFS(Transactions!$J:$J,Transactions!$G:$G,YearlyReport!$A122,Transactions!$B:$B,"">=""&E$11,Transactions!$B:$B,""<=""&E$12)+SUMIFS(Transactions!$I:$I,Transactions!$G:$G,YearlyReport!$A122,Transactions!$B:$B,"">=""&E$11,Transactions!$B:$B,""<=""&E$12)",A122,
YearlyReport,F122,"=-SUMIFS(Transactions!$J:$J,Transactions!$G:$G,YearlyReport!$A122,Transactions!$B:$B,"">=""&F$11,Transactions!$B:$B,""<=""&F$12)+SUMIFS(Transactions!$I:$I,Transactions!$G:$G,YearlyReport!$A122,Transactions!$B:$B,"">=""&F$11,Transactions!$B:$B,""<=""&F$12)",A122,
YearlyReport,G122,"=-SUMIFS(Transactions!$J:$J,Transactions!$G:$G,YearlyReport!$A122,Transactions!$B:$B,"">=""&G$11,Transactions!$B:$B,""<=""&G$12)+SUMIFS(Transactions!$I:$I,Transactions!$G:$G,YearlyReport!$A122,Transactions!$B:$B,"">=""&G$11,Transactions!$B:$B,""<=""&G$12)",A122,
YearlyReport,H122,"=-SUMIFS(Transactions!$J:$J,Transactions!$G:$G,YearlyReport!$A122,Transactions!$B:$B,"">=""&H$11,Transactions!$B:$B,""<=""&H$12)+SUMIFS(Transactions!$I:$I,Transactions!$G:$G,YearlyReport!$A122,Transactions!$B:$B,"">=""&H$11,Transactions!$B:$B,""<=""&H$12)",A122,
YearlyReport,I122,"=-SUMIFS(Transactions!$J:$J,Transactions!$G:$G,YearlyReport!$A122,Transactions!$B:$B,"">=""&I$11,Transactions!$B:$B,""<=""&I$12)+SUMIFS(Transactions!$I:$I,Transactions!$G:$G,YearlyReport!$A122,Transactions!$B:$B,"">=""&I$11,Transactions!$B:$B,""<=""&I$12)",A122,
YearlyReport,J122,"=-SUMIFS(Transactions!$J:$J,Transactions!$G:$G,YearlyReport!$A122,Transactions!$B:$B,"">=""&J$11,Transactions!$B:$B,""<=""&J$12)+SUMIFS(Transactions!$I:$I,Transactions!$G:$G,YearlyReport!$A122,Transactions!$B:$B,"">=""&J$11,Transactions!$B:$B,""<=""&J$12)",A122,
YearlyReport,K122,"=-SUMIFS(Transactions!$J:$J,Transactions!$G:$G,YearlyReport!$A122,Transactions!$B:$B,"">=""&K$11,Transactions!$B:$B,""<=""&K$12)+SUMIFS(Transactions!$I:$I,Transactions!$G:$G,YearlyReport!$A122,Transactions!$B:$B,"">=""&K$11,Transactions!$B:$B,""<=""&K$12)",A122,
YearlyReport,L122,"=-SUMIFS(Transactions!$J:$J,Transactions!$G:$G,YearlyReport!$A122,Transactions!$B:$B,"">=""&L$11,Transactions!$B:$B,""<=""&L$12)+SUMIFS(Transactions!$I:$I,Transactions!$G:$G,YearlyReport!$A122,Transactions!$B:$B,"">=""&L$11,Transactions!$B:$B,""<=""&L$12)",A122,
YearlyReport,M122,"=-SUMIFS(Transactions!$J:$J,Transactions!$G:$G,YearlyReport!$A122,Transactions!$B:$B,"">=""&M$11,Transactions!$B:$B,""<=""&M$12)+SUMIFS(Transactions!$I:$I,Transactions!$G:$G,YearlyReport!$A122,Transactions!$B:$B,"">=""&M$11,Transactions!$B:$B,""<=""&M$12)",A122,
YearlyReport,N122,"=-SUMIFS(Transactions!$J:$J,Transactions!$G:$G,YearlyReport!$A122,Transactions!$B:$B,"">=""&N$11,Transactions!$B:$B,""<=""&N$12)+SUMIFS(Transactions!$I:$I,Transactions!$G:$G,YearlyReport!$A122,Transactions!$B:$B,"">=""&N$11,Transactions!$B:$B,""<=""&N$12)",A122,"YearlyReport!O122,YearlyReport!P122"
YearlyReport,O122,=SUM(C122:N122),"C122,N122",YearlyReport!P122
YearlyReport,P122,=O122/COLUMNS(C122:N122),"O122,C122,N122",
YearlyReport,A123, - ,,"YearlyReport!C123,YearlyReport!D123,YearlyReport!E123,YearlyReport!F123,YearlyReport!G123,YearlyReport!H123,YearlyReport!I123,YearlyReport!J123,YearlyReport!K123,YearlyReport!L123,YearlyReport!M123,YearlyReport!N123"
YearlyReport,B123,,,
YearlyReport,C123,"=-SUMIFS(Transactions!$J:$J,Transactions!$G:$G,YearlyReport!$A123,Transactions!$B:$B,"">=""&C$11,Transactions!$B:$B,""<=""&C$12)+SUMIFS(Transactions!$I:$I,Transactions!$G:$G,YearlyReport!$A123,Transactions!$B:$B,"">=""&C$11,Transactions!$B:$B,""<=""&C$12)",A123,"YearlyReport!O123,YearlyReport!P123"
YearlyReport,D123,"=-SUMIFS(Transactions!$J:$J,Transactions!$G:$G,YearlyReport!$A123,Transactions!$B:$B,"">=""&D$11,Transactions!$B:$B,""<=""&D$12)+SUMIFS(Transactions!$I:$I,Transactions!$G:$G,YearlyReport!$A123,Transactions!$B:$B,"">=""&D$11,Transactions!$B:$B,""<=""&D$12)",A123,
YearlyReport,E123,"=-SUMIFS(Transactions!$J:$J,Transactions!$G:$G,YearlyReport!$A123,Transactions!$B:$B,"">=""&E$11,Transactions!$B:$B,""<=""&E$12)+SUMIFS(Transactions!$I:$I,Transactions!$G:$G,YearlyReport!$A123,Transactions!$B:$B,"">=""&E$11,Transactions!$B:$B,""<=""&E$12)",A123,
YearlyReport,F123,"=-SUMIFS(Transactions!$J:$J,Transactions!$G:$G,YearlyReport!$A123,Transactions!$B:$B,"">=""&F$11,Transactions!$B:$B,""<=""&F$12)+SUMIFS(Transactions!$I:$I,Transactions!$G:$G,YearlyReport!$A123,Transactions!$B:$B,"">=""&F$11,Transactions!$B:$B,""<=""&F$12)",A123,
YearlyReport,G123,"=-SUMIFS(Transactions!$J:$J,Transactions!$G:$G,YearlyReport!$A123,Transactions!$B:$B,"">=""&G$11,Transactions!$B:$B,""<=""&G$12)+SUMIFS(Transactions!$I:$I,Transactions!$G:$G,YearlyReport!$A123,Transactions!$B:$B,"">=""&G$11,Transactions!$B:$B,""<=""&G$12)",A123,
YearlyReport,H123,"=-SUMIFS(Transactions!$J:$J,Transactions!$G:$G,YearlyReport!$A123,Transactions!$B:$B,"">=""&H$11,Transactions!$B:$B,""<=""&H$12)+SUMIFS(Transactions!$I:$I,Transactions!$G:$G,YearlyReport!$A123,Transactions!$B:$B,"">=""&H$11,Transactions!$B:$B,""<=""&H$12)",A123,
YearlyReport,I123,"=-SUMIFS(Transactions!$J:$J,Transactions!$G:$G,YearlyReport!$A123,Transactions!$B:$B,"">=""&I$11,Transactions!$B:$B,""<=""&I$12)+SUMIFS(Transactions!$I:$I,Transactions!$G:$G,YearlyReport!$A123,Transactions!$B:$B,"">=""&I$11,Transactions!$B:$B,""<=""&I$12)",A123,
YearlyReport,J123,"=-SUMIFS(Transactions!$J:$J,Transactions!$G:$G,YearlyReport!$A123,Transactions!$B:$B,"">=""&J$11,Transactions!$B:$B,""<=""&J$12)+SUMIFS(Transactions!$I:$I,Transactions!$G:$G,YearlyReport!$A123,Transactions!$B:$B,"">=""&J$11,Transactions!$B:$B,""<=""&J$12)",A123,
YearlyReport,K123,"=-SUMIFS(Transactions!$J:$J,Transactions!$G:$G,YearlyReport!$A123,Transactions!$B:$B,"">=""&K$11,Transactions!$B:$B,""<=""&K$12)+SUMIFS(Transactions!$I:$I,Transactions!$G:$G,YearlyReport!$A123,Transactions!$B:$B,"">=""&K$11,Transactions!$B:$B,""<=""&K$12)",A123,
YearlyReport,L123,"=-SUMIFS(Transactions!$J:$J,Transactions!$G:$G,YearlyReport!$A123,Transactions!$B:$B,"">=""&L$11,Transactions!$B:$B,""<=""&L$12)+SUMIFS(Transactions!$I:$I,Transactions!$G:$G,YearlyReport!$A123,Transactions!$B:$B,"">=""&L$11,Transactions!$B:$B,""<=""&L$12)",A123,
YearlyReport,M123,"=-SUMIFS(Transactions!$J:$J,Transactions!$G:$G,YearlyReport!$A123,Transactions!$B:$B,"">=""&M$11,Transactions!$B:$B,""<=""&M$12)+SUMIFS(Transactions!$I:$I,Transactions!$G:$G,YearlyReport!$A123,Transactions!$B:$B,"">=""&M$11,Transactions!$B:$B,""<=""&M$12)",A123,
YearlyReport,N123,"=-SUMIFS(Transactions!$J:$J,Transactions!$G:$G,YearlyReport!$A123,Transactions!$B:$B,"">=""&N$11,Transactions!$B:$B,""<=""&N$12)+SUMIFS(Transactions!$I:$I,Transactions!$G:$G,YearlyReport!$A123,Transactions!$B:$B,"">=""&N$11,Transactions!$B:$B,""<=""&N$12)",A123,"YearlyReport!O123,YearlyReport!P123"
YearlyReport,O123,=SUM(C123:N123),"C123,N123",YearlyReport!P123
YearlyReport,P123,=O123/COLUMNS(C123:N123),"O123,C123,N123",
YearlyReport,A124, - ,,"YearlyReport!C124,YearlyReport!D124,YearlyReport!E124,YearlyReport!F124,YearlyReport!G124,YearlyReport!H124,YearlyReport!I124,YearlyReport!J124,YearlyReport!K124,YearlyReport!L124,YearlyReport!M124,YearlyReport!N124"
YearlyReport,B124,,,
YearlyReport,C124,"=-SUMIFS(Transactions!$J:$J,Transactions!$G:$G,YearlyReport!$A124,Transactions!$B:$B,"">=""&C$11,Transactions!$B:$B,""<=""&C$12)+SUMIFS(Transactions!$I:$I,Transactions!$G:$G,YearlyReport!$A124,Transactions!$B:$B,"">=""&C$11,Transactions!$B:$B,""<=""&C$12)",A124,"YearlyReport!O124,YearlyReport!P124"
YearlyReport,D124,"=-SUMIFS(Transactions!$J:$J,Transactions!$G:$G,YearlyReport!$A124,Transactions!$B:$B,"">=""&D$11,Transactions!$B:$B,""<=""&D$12)+SUMIFS(Transactions!$I:$I,Transactions!$G:$G,YearlyReport!$A124,Transactions!$B:$B,"">=""&D$11,Transactions!$B:$B,""<=""&D$12)",A124,
YearlyReport,E124,"=-SUMIFS(Transactions!$J:$J,Transactions!$G:$G,YearlyReport!$A124,Transactions!$B:$B,"">=""&E$11,Transactions!$B:$B,""<=""&E$12)+SUMIFS(Transactions!$I:$I,Transactions!$G:$G,YearlyReport!$A124,Transactions!$B:$B,"">=""&E$11,Transactions!$B:$B,""<=""&E$12)",A124,
YearlyReport,F124,"=-SUMIFS(Transactions!$J:$J,Transactions!$G:$G,YearlyReport!$A124,Transactions!$B:$B,"">=""&F$11,Transactions!$B:$B,""<=""&F$12)+SUMIFS(Transactions!$I:$I,Transactions!$G:$G,YearlyReport!$A124,Transactions!$B:$B,"">=""&F$11,Transactions!$B:$B,""<=""&F$12)",A124,
YearlyReport,G124,"=-SUMIFS(Transactions!$J:$J,Transactions!$G:$G,YearlyReport!$A124,Transactions!$B:$B,"">=""&G$11,Transactions!$B:$B,""<=""&G$12)+SUMIFS(Transactions!$I:$I,Transactions!$G:$G,YearlyReport!$A124,Transactions!$B:$B,"">=""&G$11,Transactions!$B:$B,""<=""&G$12)",A124,
YearlyReport,H124,"=-SUMIFS(Transactions!$J:$J,Transactions!$G:$G,YearlyReport!$A124,Transactions!$B:$B,"">=""&H$11,Transactions!$B:$B,""<=""&H$12)+SUMIFS(Transactions!$I:$I,Transactions!$G:$G,YearlyReport!$A124,Transactions!$B:$B,"">=""&H$11,Transactions!$B:$B,""<=""&H$12)",A124,
YearlyReport,I124,"=-SUMIFS(Transactions!$J:$J,Transactions!$G:$G,YearlyReport!$A124,Transactions!$B:$B,"">=""&I$11,Transactions!$B:$B,""<=""&I$12)+SUMIFS(Transactions!$I:$I,Transactions!$G:$G,YearlyReport!$A124,Transactions!$B:$B,"">=""&I$11,Transactions!$B:$B,""<=""&I$12)",A124,
YearlyReport,J124,"=-SUMIFS(Transactions!$J:$J,Transactions!$G:$G,YearlyReport!$A124,Transactions!$B:$B,"">=""&J$11,Transactions!$B:$B,""<=""&J$12)+SUMIFS(Transactions!$I:$I,Transactions!$G:$G,YearlyReport!$A124,Transactions!$B:$B,"">=""&J$11,Transactions!$B:$B,""<=""&J$12)",A124,
YearlyReport,K124,"=-SUMIFS(Transactions!$J:$J,Transactions!$G:$G,YearlyReport!$A124,Transactions!$B:$B,"">=""&K$11,Transactions!$B:$B,""<=""&K$12)+SUMIFS(Transactions!$I:$I,Transactions!$G:$G,YearlyReport!$A124,Transactions!$B:$B,"">=""&K$11,Transactions!$B:$B,""<=""&K$12)",A124,
YearlyReport,L124,"=-SUMIFS(Transactions!$J:$J,Transactions!$G:$G,YearlyReport!$A124,Transactions!$B:$B,"">=""&L$11,Transactions!$B:$B,""<=""&L$12)+SUMIFS(Transactions!$I:$I,Transactions!$G:$G,YearlyReport!$A124,Transactions!$B:$B,"">=""&L$11,Transactions!$B:$B,""<=""&L$12)",A124,
YearlyReport,M124,"=-SUMIFS(Transactions!$J:$J,Transactions!$G:$G,YearlyReport!$A124,Transactions!$B:$B,"">=""&M$11,Transactions!$B:$B,""<=""&M$12)+SUMIFS(Transactions!$I:$I,Transactions!$G:$G,YearlyReport!$A124,Transactions!$B:$B,"">=""&M$11,Transactions!$B:$B,""<=""&M$12)",A124,
YearlyReport,N124,"=-SUMIFS(Transactions!$J:$J,Transactions!$G:$G,YearlyReport!$A124,Transactions!$B:$B,"">=""&N$11,Transactions!$B:$B,""<=""&N$12)+SUMIFS(Transactions!$I:$I,Transactions!$G:$G,YearlyReport!$A124,Transactions!$B:$B,"">=""&N$11,Transactions!$B:$B,""<=""&N$12)",A124,"YearlyReport!O124,YearlyReport!P124"
YearlyReport,O124,=SUM(C124:N124),"C124,N124",YearlyReport!P124
YearlyReport,P124,=O124/COLUMNS(C124:N124),"O124,C124,N124",
YearlyReport,A125, - ,,"YearlyReport!C125,YearlyReport!D125,YearlyReport!E125,YearlyReport!F125,YearlyReport!G125,YearlyReport!H125,YearlyReport!I125,YearlyReport!J125,YearlyReport!K125,YearlyReport!L125,YearlyReport!M125,YearlyReport!N125"
YearlyReport,B125,,,
YearlyReport,C125,"=-SUMIFS(Transactions!$J:$J,Transactions!$G:$G,YearlyReport!$A125,Transactions!$B:$B,"">=""&C$11,Transactions!$B:$B,""<=""&C$12)+SUMIFS(Transactions!$I:$I,Transactions!$G:$G,YearlyReport!$A125,Transactions!$B:$B,"">=""&C$11,Transactions!$B:$B,""<=""&C$12)",A125,"YearlyReport!O125,YearlyReport!P125"
YearlyReport,D125,"=-SUMIFS(Transactions!$J:$J,Transactions!$G:$G,YearlyReport!$A125,Transactions!$B:$B,"">=""&D$11,Transactions!$B:$B,""<=""&D$12)+SUMIFS(Transactions!$I:$I,Transactions!$G:$G,YearlyReport!$A125,Transactions!$B:$B,"">=""&D$11,Transactions!$B:$B,""<=""&D$12)",A125,
YearlyReport,E125,"=-SUMIFS(Transactions!$J:$J,Transactions!$G:$G,YearlyReport!$A125,Transactions!$B:$B,"">=""&E$11,Transactions!$B:$B,""<=""&E$12)+SUMIFS(Transactions!$I:$I,Transactions!$G:$G,YearlyReport!$A125,Transactions!$B:$B,"">=""&E$11,Transactions!$B:$B,""<=""&E$12)",A125,
YearlyReport,F125,"=-SUMIFS(Transactions!$J:$J,Transactions!$G:$G,YearlyReport!$A125,Transactions!$B:$B,"">=""&F$11,Transactions!$B:$B,""<=""&F$12)+SUMIFS(Transactions!$I:$I,Transactions!$G:$G,YearlyReport!$A125,Transactions!$B:$B,"">=""&F$11,Transactions!$B:$B,""<=""&F$12)",A125,
YearlyReport,G125,"=-SUMIFS(Transactions!$J:$J,Transactions!$G:$G,YearlyReport!$A125,Transactions!$B:$B,"">=""&G$11,Transactions!$B:$B,""<=""&G$12)+SUMIFS(Transactions!$I:$I,Transactions!$G:$G,YearlyReport!$A125,Transactions!$B:$B,"">=""&G$11,Transactions!$B:$B,""<=""&G$12)",A125,
YearlyReport,H125,"=-SUMIFS(Transactions!$J:$J,Transactions!$G:$G,YearlyReport!$A125,Transactions!$B:$B,"">=""&H$11,Transactions!$B:$B,""<=""&H$12)+SUMIFS(Transactions!$I:$I,Transactions!$G:$G,YearlyReport!$A125,Transactions!$B:$B,"">=""&H$11,Transactions!$B:$B,""<=""&H$12)",A125,
YearlyReport,I125,"=-SUMIFS(Transactions!$J:$J,Transactions!$G:$G,YearlyReport!$A125,Transactions!$B:$B,"">=""&I$11,Transactions!$B:$B,""<=""&I$12)+SUMIFS(Transactions!$I:$I,Transactions!$G:$G,YearlyReport!$A125,Transactions!$B:$B,"">=""&I$11,Transactions!$B:$B,""<=""&I$12)",A125,
YearlyReport,J125,"=-SUMIFS(Transactions!$J:$J,Transactions!$G:$G,YearlyReport!$A125,Transactions!$B:$B,"">=""&J$11,Transactions!$B:$B,""<=""&J$12)+SUMIFS(Transactions!$I:$I,Transactions!$G:$G,YearlyReport!$A125,Transactions!$B:$B,"">=""&J$11,Transactions!$B:$B,""<=""&J$12)",A125,
YearlyReport,K125,"=-SUMIFS(Transactions!$J:$J,Transactions!$G:$G,YearlyReport!$A125,Transactions!$B:$B,"">=""&K$11,Transactions!$B:$B,""<=""&K$12)+SUMIFS(Transactions!$I:$I,Transactions!$G:$G,YearlyReport!$A125,Transactions!$B:$B,"">=""&K$11,Transactions!$B:$B,""<=""&K$12)",A125,
YearlyReport,L125,"=-SUMIFS(Transactions!$J:$J,Transactions!$G:$G,YearlyReport!$A125,Transactions!$B:$B,"">=""&L$11,Transactions!$B:$B,""<=""&L$12)+SUMIFS(Transactions!$I:$I,Transactions!$G:$G,YearlyReport!$A125,Transactions!$B:$B,"">=""&L$11,Transactions!$B:$B,""<=""&L$12)",A125,
YearlyReport,M125,"=-SUMIFS(Transactions!$J:$J,Transactions!$G:$G,YearlyReport!$A125,Transactions!$B:$B,"">=""&M$11,Transactions!$B:$B,""<=""&M$12)+SUMIFS(Transactions!$I:$I,Transactions!$G:$G,YearlyReport!$A125,Transactions!$B:$B,"">=""&M$11,Transactions!$B:$B,""<=""&M$12)",A125,
YearlyReport,N125,"=-SUMIFS(Transactions!$J:$J,Transactions!$G:$G,YearlyReport!$A125,Transactions!$B:$B,"">=""&N$11,Transactions!$B:$B,""<=""&N$12)+SUMIFS(Transactions!$I:$I,Transactions!$G:$G,YearlyReport!$A125,Transactions!$B:$B,"">=""&N$11,Transactions!$B:$B,""<=""&N$12)",A125,"YearlyReport!O125,YearlyReport!P125"
YearlyReport,O125,=SUM(C125:N125),"C125,N125",YearlyReport!P125
YearlyReport,P125,=O125/COLUMNS(C125:N125),"O125,C125,N125",
YearlyReport,A126, - ,,"YearlyReport!C126,YearlyReport!D126,YearlyReport!E126,YearlyReport!F126,YearlyReport!G126,YearlyReport!H126,YearlyReport!I126,YearlyReport!J126,YearlyReport!K126,YearlyReport!L126,YearlyReport!M126,YearlyReport!N126"
YearlyReport,B126,,,
YearlyReport,C126,"=-SUMIFS(Transactions!$J:$J,Transactions!$G:$G,YearlyReport!$A126,Transactions!$B:$B,"">=""&C$11,Transactions!$B:$B,""<=""&C$12)+SUMIFS(Transactions!$I:$I,Transactions!$G:$G,YearlyReport!$A126,Transactions!$B:$B,"">=""&C$11,Transactions!$B:$B,""<=""&C$12)",A126,"YearlyReport!O126,YearlyReport!P126"
YearlyReport,D126,"=-SUMIFS(Transactions!$J:$J,Transactions!$G:$G,YearlyReport!$A126,Transactions!$B:$B,"">=""&D$11,Transactions!$B:$B,""<=""&D$12)+SUMIFS(Transactions!$I:$I,Transactions!$G:$G,YearlyReport!$A126,Transactions!$B:$B,"">=""&D$11,Transactions!$B:$B,""<=""&D$12)",A126,
YearlyReport,E126,"=-SUMIFS(Transactions!$J:$J,Transactions!$G:$G,YearlyReport!$A126,Transactions!$B:$B,"">=""&E$11,Transactions!$B:$B,""<=""&E$12)+SUMIFS(Transactions!$I:$I,Transactions!$G:$G,YearlyReport!$A126,Transactions!$B:$B,"">=""&E$11,Transactions!$B:$B,""<=""&E$12)",A126,
YearlyReport,F126,"=-SUMIFS(Transactions!$J:$J,Transactions!$G:$G,YearlyReport!$A126,Transactions!$B:$B,"">=""&F$11,Transactions!$B:$B,""<=""&F$12)+SUMIFS(Transactions!$I:$I,Transactions!$G:$G,YearlyReport!$A126,Transactions!$B:$B,"">=""&F$11,Transactions!$B:$B,""<=""&F$12)",A126,
YearlyReport,G126,"=-SUMIFS(Transactions!$J:$J,Transactions!$G:$G,YearlyReport!$A126,Transactions!$B:$B,"">=""&G$11,Transactions!$B:$B,""<=""&G$12)+SUMIFS(Transactions!$I:$I,Transactions!$G:$G,YearlyReport!$A126,Transactions!$B:$B,"">=""&G$11,Transactions!$B:$B,""<=""&G$12)",A126,
YearlyReport,H126,"=-SUMIFS(Transactions!$J:$J,Transactions!$G:$G,YearlyReport!$A126,Transactions!$B:$B,"">=""&H$11,Transactions!$B:$B,""<=""&H$12)+SUMIFS(Transactions!$I:$I,Transactions!$G:$G,YearlyReport!$A126,Transactions!$B:$B,"">=""&H$11,Transactions!$B:$B,""<=""&H$12)",A126,
YearlyReport,I126,"=-SUMIFS(Transactions!$J:$J,Transactions!$G:$G,YearlyReport!$A126,Transactions!$B:$B,"">=""&I$11,Transactions!$B:$B,""<=""&I$12)+SUMIFS(Transactions!$I:$I,Transactions!$G:$G,YearlyReport!$A126,Transactions!$B:$B,"">=""&I$11,Transactions!$B:$B,""<=""&I$12)",A126,
YearlyReport,J126,"=-SUMIFS(Transactions!$J:$J,Transactions!$G:$G,YearlyReport!$A126,Transactions!$B:$B,"">=""&J$11,Transactions!$B:$B,""<=""&J$12)+SUMIFS(Transactions!$I:$I,Transactions!$G:$G,YearlyReport!$A126,Transactions!$B:$B,"">=""&J$11,Transactions!$B:$B,""<=""&J$12)",A126,
YearlyReport,K126,"=-SUMIFS(Transactions!$J:$J,Transactions!$G:$G,YearlyReport!$A126,Transactions!$B:$B,"">=""&K$11,Transactions!$B:$B,""<=""&K$12)+SUMIFS(Transactions!$I:$I,Transactions!$G:$G,YearlyReport!$A126,Transactions!$B:$B,"">=""&K$11,Transactions!$B:$B,""<=""&K$12)",A126,
YearlyReport,L126,"=-SUMIFS(Transactions!$J:$J,Transactions!$G:$G,YearlyReport!$A126,Transactions!$B:$B,"">=""&L$11,Transactions!$B:$B,""<=""&L$12)+SUMIFS(Transactions!$I:$I,Transactions!$G:$G,YearlyReport!$A126,Transactions!$B:$B,"">=""&L$11,Transactions!$B:$B,""<=""&L$12)",A126,
YearlyReport,M126,"=-SUMIFS(Transactions!$J:$J,Transactions!$G:$G,YearlyReport!$A126,Transactions!$B:$B,"">=""&M$11,Transactions!$B:$B,""<=""&M$12)+SUMIFS(Transactions!$I:$I,Transactions!$G:$G,YearlyReport!$A126,Transactions!$B:$B,"">=""&M$11,Transactions!$B:$B,""<=""&M$12)",A126,
YearlyReport,N126,"=-SUMIFS(Transactions!$J:$J,Transactions!$G:$G,YearlyReport!$A126,Transactions!$B:$B,"">=""&N$11,Transactions!$B:$B,""<=""&N$12)+SUMIFS(Transactions!$I:$I,Transactions!$G:$G,YearlyReport!$A126,Transactions!$B:$B,"">=""&N$11,Transactions!$B:$B,""<=""&N$12)",A126,"YearlyReport!O126,YearlyReport!P126"
YearlyReport,O126,=SUM(C126:N126),"C126,N126",YearlyReport!P126
YearlyReport,P126,=O126/COLUMNS(C126:N126),"O126,C126,N126",
YearlyReport,A127, - ,,"YearlyReport!C127,YearlyReport!D127,YearlyReport!E127,YearlyReport!F127,YearlyReport!G127,YearlyReport!H127,YearlyReport!I127,YearlyReport!J127,YearlyReport!K127,YearlyReport!L127,YearlyReport!M127,YearlyReport!N127"
YearlyReport,B127,,,
YearlyReport,C127,"=-SUMIFS(Transactions!$J:$J,Transactions!$G:$G,YearlyReport!$A127,Transactions!$B:$B,"">=""&C$11,Transactions!$B:$B,""<=""&C$12)+SUMIFS(Transactions!$I:$I,Transactions!$G:$G,YearlyReport!$A127,Transactions!$B:$B,"">=""&C$11,Transactions!$B:$B,""<=""&C$12)",A127,"YearlyReport!O127,YearlyReport!P127"
YearlyReport,D127,"=-SUMIFS(Transactions!$J:$J,Transactions!$G:$G,YearlyReport!$A127,Transactions!$B:$B,"">=""&D$11,Transactions!$B:$B,""<=""&D$12)+SUMIFS(Transactions!$I:$I,Transactions!$G:$G,YearlyReport!$A127,Transactions!$B:$B,"">=""&D$11,Transactions!$B:$B,""<=""&D$12)",A127,
YearlyReport,E127,"=-SUMIFS(Transactions!$J:$J,Transactions!$G:$G,YearlyReport!$A127,Transactions!$B:$B,"">=""&E$11,Transactions!$B:$B,""<=""&E$12)+SUMIFS(Transactions!$I:$I,Transactions!$G:$G,YearlyReport!$A127,Transactions!$B:$B,"">=""&E$11,Transactions!$B:$B,""<=""&E$12)",A127,
YearlyReport,F127,"=-SUMIFS(Transactions!$J:$J,Transactions!$G:$G,YearlyReport!$A127,Transactions!$B:$B,"">=""&F$11,Transactions!$B:$B,""<=""&F$12)+SUMIFS(Transactions!$I:$I,Transactions!$G:$G,YearlyReport!$A127,Transactions!$B:$B,"">=""&F$11,Transactions!$B:$B,""<=""&F$12)",A127,
YearlyReport,G127,"=-SUMIFS(Transactions!$J:$J,Transactions!$G:$G,YearlyReport!$A127,Transactions!$B:$B,"">=""&G$11,Transactions!$B:$B,""<=""&G$12)+SUMIFS(Transactions!$I:$I,Transactions!$G:$G,YearlyReport!$A127,Transactions!$B:$B,"">=""&G$11,Transactions!$B:$B,""<=""&G$12)",A127,
YearlyReport,H127,"=-SUMIFS(Transactions!$J:$J,Transactions!$G:$G,YearlyReport!$A127,Transactions!$B:$B,"">=""&H$11,Transactions!$B:$B,""<=""&H$12)+SUMIFS(Transactions!$I:$I,Transactions!$G:$G,YearlyReport!$A127,Transactions!$B:$B,"">=""&H$11,Transactions!$B:$B,""<=""&H$12)",A127,
YearlyReport,I127,"=-SUMIFS(Transactions!$J:$J,Transactions!$G:$G,YearlyReport!$A127,Transactions!$B:$B,"">=""&I$11,Transactions!$B:$B,""<=""&I$12)+SUMIFS(Transactions!$I:$I,Transactions!$G:$G,YearlyReport!$A127,Transactions!$B:$B,"">=""&I$11,Transactions!$B:$B,""<=""&I$12)",A127,
YearlyReport,J127,"=-SUMIFS(Transactions!$J:$J,Transactions!$G:$G,YearlyReport!$A127,Transactions!$B:$B,"">=""&J$11,Transactions!$B:$B,""<=""&J$12)+SUMIFS(Transactions!$I:$I,Transactions!$G:$G,YearlyReport!$A127,Transactions!$B:$B,"">=""&J$11,Transactions!$B:$B,""<=""&J$12)",A127,
YearlyReport,K127,"=-SUMIFS(Transactions!$J:$J,Transactions!$G:$G,YearlyReport!$A127,Transactions!$B:$B,"">=""&K$11,Transactions!$B:$B,""<=""&K$12)+SUMIFS(Transactions!$I:$I,Transactions!$G:$G,YearlyReport!$A127,Transactions!$B:$B,"">=""&K$11,Transactions!$B:$B,""<=""&K$12)",A127,
YearlyReport,L127,"=-SUMIFS(Transactions!$J:$J,Transactions!$G:$G,YearlyReport!$A127,Transactions!$B:$B,"">=""&L$11,Transactions!$B:$B,""<=""&L$12)+SUMIFS(Transactions!$I:$I,Transactions!$G:$G,YearlyReport!$A127,Transactions!$B:$B,"">=""&L$11,Transactions!$B:$B,""<=""&L$12)",A127,
YearlyReport,M127,"=-SUMIFS(Transactions!$J:$J,Transactions!$G:$G,YearlyReport!$A127,Transactions!$B:$B,"">=""&M$11,Transactions!$B:$B,""<=""&M$12)+SUMIFS(Transactions!$I:$I,Transactions!$G:$G,YearlyReport!$A127,Transactions!$B:$B,"">=""&M$11,Transactions!$B:$B,""<=""&M$12)",A127,
YearlyReport,N127,"=-SUMIFS(Transactions!$J:$J,Transactions!$G:$G,YearlyReport!$A127,Transactions!$B:$B,"">=""&N$11,Transactions!$B:$B,""<=""&N$12)+SUMIFS(Transactions!$I:$I,Transactions!$G:$G,YearlyReport!$A127,Transactions!$B:$B,"">=""&N$11,Transactions!$B:$B,""<=""&N$12)",A127,"YearlyReport!O127,YearlyReport!P127"
YearlyReport,O127,=SUM(C127:N127),"C127,N127",YearlyReport!P127
YearlyReport,P127,=O127/COLUMNS(C127:N127),"O127,C127,N127",
YearlyReport,A128, - ,,"YearlyReport!C128,YearlyReport!D128,YearlyReport!E128,YearlyReport!F128,YearlyReport!G128,YearlyReport!H128,YearlyReport!I128,YearlyReport!J128,YearlyReport!K128,YearlyReport!L128,YearlyReport!M128,YearlyReport!N128"
YearlyReport,B128,,,
YearlyReport,C128,"=-SUMIFS(Transactions!$J:$J,Transactions!$G:$G,YearlyReport!$A128,Transactions!$B:$B,"">=""&C$11,Transactions!$B:$B,""<=""&C$12)+SUMIFS(Transactions!$I:$I,Transactions!$G:$G,YearlyReport!$A128,Transactions!$B:$B,"">=""&C$11,Transactions!$B:$B,""<=""&C$12)",A128,"YearlyReport!O128,YearlyReport!P128"
YearlyReport,D128,"=-SUMIFS(Transactions!$J:$J,Transactions!$G:$G,YearlyReport!$A128,Transactions!$B:$B,"">=""&D$11,Transactions!$B:$B,""<=""&D$12)+SUMIFS(Transactions!$I:$I,Transactions!$G:$G,YearlyReport!$A128,Transactions!$B:$B,"">=""&D$11,Transactions!$B:$B,""<=""&D$12)",A128,
YearlyReport,E128,"=-SUMIFS(Transactions!$J:$J,Transactions!$G:$G,YearlyReport!$A128,Transactions!$B:$B,"">=""&E$11,Transactions!$B:$B,""<=""&E$12)+SUMIFS(Transactions!$I:$I,Transactions!$G:$G,YearlyReport!$A128,Transactions!$B:$B,"">=""&E$11,Transactions!$B:$B,""<=""&E$12)",A128,
YearlyReport,F128,"=-SUMIFS(Transactions!$J:$J,Transactions!$G:$G,YearlyReport!$A128,Transactions!$B:$B,"">=""&F$11,Transactions!$B:$B,""<=""&F$12)+SUMIFS(Transactions!$I:$I,Transactions!$G:$G,YearlyReport!$A128,Transactions!$B:$B,"">=""&F$11,Transactions!$B:$B,""<=""&F$12)",A128,
YearlyReport,G128,"=-SUMIFS(Transactions!$J:$J,Transactions!$G:$G,YearlyReport!$A128,Transactions!$B:$B,"">=""&G$11,Transactions!$B:$B,""<=""&G$12)+SUMIFS(Transactions!$I:$I,Transactions!$G:$G,YearlyReport!$A128,Transactions!$B:$B,"">=""&G$11,Transactions!$B:$B,""<=""&G$12)",A128,
YearlyReport,H128,"=-SUMIFS(Transactions!$J:$J,Transactions!$G:$G,YearlyReport!$A128,Transactions!$B:$B,"">=""&H$11,Transactions!$B:$B,""<=""&H$12)+SUMIFS(Transactions!$I:$I,Transactions!$G:$G,YearlyReport!$A128,Transactions!$B:$B,"">=""&H$11,Transactions!$B:$B,""<=""&H$12)",A128,
YearlyReport,I128,"=-SUMIFS(Transactions!$J:$J,Transactions!$G:$G,YearlyReport!$A128,Transactions!$B:$B,"">=""&I$11,Transactions!$B:$B,""<=""&I$12)+SUMIFS(Transactions!$I:$I,Transactions!$G:$G,YearlyReport!$A128,Transactions!$B:$B,"">=""&I$11,Transactions!$B:$B,""<=""&I$12)",A128,
YearlyReport,J128,"=-SUMIFS(Transactions!$J:$J,Transactions!$G:$G,YearlyReport!$A128,Transactions!$B:$B,"">=""&J$11,Transactions!$B:$B,""<=""&J$12)+SUMIFS(Transactions!$I:$I,Transactions!$G:$G,YearlyReport!$A128,Transactions!$B:$B,"">=""&J$11,Transactions!$B:$B,""<=""&J$12)",A128,
YearlyReport,K128,"=-SUMIFS(Transactions!$J:$J,Transactions!$G:$G,YearlyReport!$A128,Transactions!$B:$B,"">=""&K$11,Transactions!$B:$B,""<=""&K$12)+SUMIFS(Transactions!$I:$I,Transactions!$G:$G,YearlyReport!$A128,Transactions!$B:$B,"">=""&K$11,Transactions!$B:$B,""<=""&K$12)",A128,
YearlyReport,L128,"=-SUMIFS(Transactions!$J:$J,Transactions!$G:$G,YearlyReport!$A128,Transactions!$B:$B,"">=""&L$11,Transactions!$B:$B,""<=""&L$12)+SUMIFS(Transactions!$I:$I,Transactions!$G:$G,YearlyReport!$A128,Transactions!$B:$B,"">=""&L$11,Transactions!$B:$B,""<=""&L$12)",A128,
YearlyReport,M128,"=-SUMIFS(Transactions!$J:$J,Transactions!$G:$G,YearlyReport!$A128,Transactions!$B:$B,"">=""&M$11,Transactions!$B:$B,""<=""&M$12)+SUMIFS(Transactions!$I:$I,Transactions!$G:$G,YearlyReport!$A128,Transactions!$B:$B,"">=""&M$11,Transactions!$B:$B,""<=""&M$12)",A128,
YearlyReport,N128,"=-SUMIFS(Transactions!$J:$J,Transactions!$G:$G,YearlyReport!$A128,Transactions!$B:$B,"">=""&N$11,Transactions!$B:$B,""<=""&N$12)+SUMIFS(Transactions!$I:$I,Transactions!$G:$G,YearlyReport!$A128,Transactions!$B:$B,"">=""&N$11,Transactions!$B:$B,""<=""&N$12)",A128,"YearlyReport!O128,YearlyReport!P128"
YearlyReport,O128,=SUM(C128:N128),"C128,N128",YearlyReport!P128
YearlyReport,P128,=O128/COLUMNS(C128:N128),"O128,C128,N128",
YearlyReport,A129, - ,,"YearlyReport!C129,YearlyReport!D129,YearlyReport!E129,YearlyReport!F129,YearlyReport!G129,YearlyReport!H129,YearlyReport!I129,YearlyReport!J129,YearlyReport!K129,YearlyReport!L129,YearlyReport!M129,YearlyReport!N129"
YearlyReport,B129,,,
YearlyReport,C129,"=-SUMIFS(Transactions!$J:$J,Transactions!$G:$G,YearlyReport!$A129,Transactions!$B:$B,"">=""&C$11,Transactions!$B:$B,""<=""&C$12)+SUMIFS(Transactions!$I:$I,Transactions!$G:$G,YearlyReport!$A129,Transactions!$B:$B,"">=""&C$11,Transactions!$B:$B,""<=""&C$12)",A129,"YearlyReport!O129,YearlyReport!P129"
YearlyReport,D129,"=-SUMIFS(Transactions!$J:$J,Transactions!$G:$G,YearlyReport!$A129,Transactions!$B:$B,"">=""&D$11,Transactions!$B:$B,""<=""&D$12)+SUMIFS(Transactions!$I:$I,Transactions!$G:$G,YearlyReport!$A129,Transactions!$B:$B,"">=""&D$11,Transactions!$B:$B,""<=""&D$12)",A129,
YearlyReport,E129,"=-SUMIFS(Transactions!$J:$J,Transactions!$G:$G,YearlyReport!$A129,Transactions!$B:$B,"">=""&E$11,Transactions!$B:$B,""<=""&E$12)+SUMIFS(Transactions!$I:$I,Transactions!$G:$G,YearlyReport!$A129,Transactions!$B:$B,"">=""&E$11,Transactions!$B:$B,""<=""&E$12)",A129,
YearlyReport,F129,"=-SUMIFS(Transactions!$J:$J,Transactions!$G:$G,YearlyReport!$A129,Transactions!$B:$B,"">=""&F$11,Transactions!$B:$B,""<=""&F$12)+SUMIFS(Transactions!$I:$I,Transactions!$G:$G,YearlyReport!$A129,Transactions!$B:$B,"">=""&F$11,Transactions!$B:$B,""<=""&F$12)",A129,
YearlyReport,G129,"=-SUMIFS(Transactions!$J:$J,Transactions!$G:$G,YearlyReport!$A129,Transactions!$B:$B,"">=""&G$11,Transactions!$B:$B,""<=""&G$12)+SUMIFS(Transactions!$I:$I,Transactions!$G:$G,YearlyReport!$A129,Transactions!$B:$B,"">=""&G$11,Transactions!$B:$B,""<=""&G$12)",A129,
YearlyReport,H129,"=-SUMIFS(Transactions!$J:$J,Transactions!$G:$G,YearlyReport!$A129,Transactions!$B:$B,"">=""&H$11,Transactions!$B:$B,""<=""&H$12)+SUMIFS(Transactions!$I:$I,Transactions!$G:$G,YearlyReport!$A129,Transactions!$B:$B,"">=""&H$11,Transactions!$B:$B,""<=""&H$12)",A129,
YearlyReport,I129,"=-SUMIFS(Transactions!$J:$J,Transactions!$G:$G,YearlyReport!$A129,Transactions!$B:$B,"">=""&I$11,Transactions!$B:$B,""<=""&I$12)+SUMIFS(Transactions!$I:$I,Transactions!$G:$G,YearlyReport!$A129,Transactions!$B:$B,"">=""&I$11,Transactions!$B:$B,""<=""&I$12)",A129,
YearlyReport,J129,"=-SUMIFS(Transactions!$J:$J,Transactions!$G:$G,YearlyReport!$A129,Transactions!$B:$B,"">=""&J$11,Transactions!$B:$B,""<=""&J$12)+SUMIFS(Transactions!$I:$I,Transactions!$G:$G,YearlyReport!$A129,Transactions!$B:$B,"">=""&J$11,Transactions!$B:$B,""<=""&J$12)",A129,
YearlyReport,K129,"=-SUMIFS(Transactions!$J:$J,Transactions!$G:$G,YearlyReport!$A129,Transactions!$B:$B,"">=""&K$11,Transactions!$B:$B,""<=""&K$12)+SUMIFS(Transactions!$I:$I,Transactions!$G:$G,YearlyReport!$A129,Transactions!$B:$B,"">=""&K$11,Transactions!$B:$B,""<=""&K$12)",A129,
YearlyReport,L129,"=-SUMIFS(Transactions!$J:$J,Transactions!$G:$G,YearlyReport!$A129,Transactions!$B:$B,"">=""&L$11,Transactions!$B:$B,""<=""&L$12)+SUMIFS(Transactions!$I:$I,Transactions!$G:$G,YearlyReport!$A129,Transactions!$B:$B,"">=""&L$11,Transactions!$B:$B,""<=""&L$12)",A129,
YearlyReport,M129,"=-SUMIFS(Transactions!$J:$J,Transactions!$G:$G,YearlyReport!$A129,Transactions!$B:$B,"">=""&M$11,Transactions!$B:$B,""<=""&M$12)+SUMIFS(Transactions!$I:$I,Transactions!$G:$G,YearlyReport!$A129,Transactions!$B:$B,"">=""&M$11,Transactions!$B:$B,""<=""&M$12)",A129,
YearlyReport,N129,"=-SUMIFS(Transactions!$J:$J,Transactions!$G:$G,YearlyReport!$A129,Transactions!$B:$B,"">=""&N$11,Transactions!$B:$B,""<=""&N$12)+SUMIFS(Transactions!$I:$I,Transactions!$G:$G,YearlyReport!$A129,Transactions!$B:$B,"">=""&N$11,Transactions!$B:$B,""<=""&N$12)",A129,"YearlyReport!O129,YearlyReport!P129"
YearlyReport,O129,=SUM(C129:N129),"C129,N129",YearlyReport!P129
YearlyReport,P129,=O129/COLUMNS(C129:N129),"O129,C129,N129",
YearlyReport,A130, - ,,"YearlyReport!C130,YearlyReport!D130,YearlyReport!E130,YearlyReport!F130,YearlyReport!G130,YearlyReport!H130,YearlyReport!I130,YearlyReport!J130,YearlyReport!K130,YearlyReport!L130,YearlyReport!M130,YearlyReport!N130"
YearlyReport,B130,,,
YearlyReport,C130,"=-SUMIFS(Transactions!$J:$J,Transactions!$G:$G,YearlyReport!$A130,Transactions!$B:$B,"">=""&C$11,Transactions!$B:$B,""<=""&C$12)+SUMIFS(Transactions!$I:$I,Transactions!$G:$G,YearlyReport!$A130,Transactions!$B:$B,"">=""&C$11,Transactions!$B:$B,""<=""&C$12)",A130,"YearlyReport!O130,YearlyReport!P130"
YearlyReport,D130,"=-SUMIFS(Transactions!$J:$J,Transactions!$G:$G,YearlyReport!$A130,Transactions!$B:$B,"">=""&D$11,Transactions!$B:$B,""<=""&D$12)+SUMIFS(Transactions!$I:$I,Transactions!$G:$G,YearlyReport!$A130,Transactions!$B:$B,"">=""&D$11,Transactions!$B:$B,""<=""&D$12)",A130,
YearlyReport,E130,"=-SUMIFS(Transactions!$J:$J,Transactions!$G:$G,YearlyReport!$A130,Transactions!$B:$B,"">=""&E$11,Transactions!$B:$B,""<=""&E$12)+SUMIFS(Transactions!$I:$I,Transactions!$G:$G,YearlyReport!$A130,Transactions!$B:$B,"">=""&E$11,Transactions!$B:$B,""<=""&E$12)",A130,
YearlyReport,F130,"=-SUMIFS(Transactions!$J:$J,Transactions!$G:$G,YearlyReport!$A130,Transactions!$B:$B,"">=""&F$11,Transactions!$B:$B,""<=""&F$12)+SUMIFS(Transactions!$I:$I,Transactions!$G:$G,YearlyReport!$A130,Transactions!$B:$B,"">=""&F$11,Transactions!$B:$B,""<=""&F$12)",A130,
YearlyReport,G130,"=-SUMIFS(Transactions!$J:$J,Transactions!$G:$G,YearlyReport!$A130,Transactions!$B:$B,"">=""&G$11,Transactions!$B:$B,""<=""&G$12)+SUMIFS(Transactions!$I:$I,Transactions!$G:$G,YearlyReport!$A130,Transactions!$B:$B,"">=""&G$11,Transactions!$B:$B,""<=""&G$12)",A130,
YearlyReport,H130,"=-SUMIFS(Transactions!$J:$J,Transactions!$G:$G,YearlyReport!$A130,Transactions!$B:$B,"">=""&H$11,Transactions!$B:$B,""<=""&H$12)+SUMIFS(Transactions!$I:$I,Transactions!$G:$G,YearlyReport!$A130,Transactions!$B:$B,"">=""&H$11,Transactions!$B:$B,""<=""&H$12)",A130,
YearlyReport,I130,"=-SUMIFS(Transactions!$J:$J,Transactions!$G:$G,YearlyReport!$A130,Transactions!$B:$B,"">=""&I$11,Transactions!$B:$B,""<=""&I$12)+SUMIFS(Transactions!$I:$I,Transactions!$G:$G,YearlyReport!$A130,Transactions!$B:$B,"">=""&I$11,Transactions!$B:$B,""<=""&I$12)",A130,
YearlyReport,J130,"=-SUMIFS(Transactions!$J:$J,Transactions!$G:$G,YearlyReport!$A130,Transactions!$B:$B,"">=""&J$11,Transactions!$B:$B,""<=""&J$12)+SUMIFS(Transactions!$I:$I,Transactions!$G:$G,YearlyReport!$A130,Transactions!$B:$B,"">=""&J$11,Transactions!$B:$B,""<=""&J$12)",A130,
YearlyReport,K130,"=-SUMIFS(Transactions!$J:$J,Transactions!$G:$G,YearlyReport!$A130,Transactions!$B:$B,"">=""&K$11,Transactions!$B:$B,""<=""&K$12)+SUMIFS(Transactions!$I:$I,Transactions!$G:$G,YearlyReport!$A130,Transactions!$B:$B,"">=""&K$11,Transactions!$B:$B,""<=""&K$12)",A130,
YearlyReport,L130,"=-SUMIFS(Transactions!$J:$J,Transactions!$G:$G,YearlyReport!$A130,Transactions!$B:$B,"">=""&L$11,Transactions!$B:$B,""<=""&L$12)+SUMIFS(Transactions!$I:$I,Transactions!$G:$G,YearlyReport!$A130,Transactions!$B:$B,"">=""&L$11,Transactions!$B:$B,""<=""&L$12)",A130,
YearlyReport,M130,"=-SUMIFS(Transactions!$J:$J,Transactions!$G:$G,YearlyReport!$A130,Transactions!$B:$B,"">=""&M$11,Transactions!$B:$B,""<=""&M$12)+SUMIFS(Transactions!$I:$I,Transactions!$G:$G,YearlyReport!$A130,Transactions!$B:$B,"">=""&M$11,Transactions!$B:$B,""<=""&M$12)",A130,
YearlyReport,N130,"=-SUMIFS(Transactions!$J:$J,Transactions!$G:$G,YearlyReport!$A130,Transactions!$B:$B,"">=""&N$11,Transactions!$B:$B,""<=""&N$12)+SUMIFS(Transactions!$I:$I,Transactions!$G:$G,YearlyReport!$A130,Transactions!$B:$B,"">=""&N$11,Transactions!$B:$B,""<=""&N$12)",A130,"YearlyReport!O130,YearlyReport!P130"
YearlyReport,O130,=SUM(C130:N130),"C130,N130",YearlyReport!P130
YearlyReport,P130,=O130/COLUMNS(C130:N130),"O130,C130,N130",
YearlyReport,A131, - ,,"YearlyReport!C131,YearlyReport!D131,YearlyReport!E131,YearlyReport!F131,YearlyReport!G131,YearlyReport!H131,YearlyReport!I131,YearlyReport!J131,YearlyReport!K131,YearlyReport!L131,YearlyReport!M131,YearlyReport!N131"
YearlyReport,B131,,,
YearlyReport,C131,"=-SUMIFS(Transactions!$J:$J,Transactions!$G:$G,YearlyReport!$A131,Transactions!$B:$B,"">=""&C$11,Transactions!$B:$B,""<=""&C$12)+SUMIFS(Transactions!$I:$I,Transactions!$G:$G,YearlyReport!$A131,Transactions!$B:$B,"">=""&C$11,Transactions!$B:$B,""<=""&C$12)",A131,"YearlyReport!O131,YearlyReport!P131"
YearlyReport,D131,"=-SUMIFS(Transactions!$J:$J,Transactions!$G:$G,YearlyReport!$A131,Transactions!$B:$B,"">=""&D$11,Transactions!$B:$B,""<=""&D$12)+SUMIFS(Transactions!$I:$I,Transactions!$G:$G,YearlyReport!$A131,Transactions!$B:$B,"">=""&D$11,Transactions!$B:$B,""<=""&D$12)",A131,
YearlyReport,E131,"=-SUMIFS(Transactions!$J:$J,Transactions!$G:$G,YearlyReport!$A131,Transactions!$B:$B,"">=""&E$11,Transactions!$B:$B,""<=""&E$12)+SUMIFS(Transactions!$I:$I,Transactions!$G:$G,YearlyReport!$A131,Transactions!$B:$B,"">=""&E$11,Transactions!$B:$B,""<=""&E$12)",A131,
YearlyReport,F131,"=-SUMIFS(Transactions!$J:$J,Transactions!$G:$G,YearlyReport!$A131,Transactions!$B:$B,"">=""&F$11,Transactions!$B:$B,""<=""&F$12)+SUMIFS(Transactions!$I:$I,Transactions!$G:$G,YearlyReport!$A131,Transactions!$B:$B,"">=""&F$11,Transactions!$B:$B,""<=""&F$12)",A131,
YearlyReport,G131,"=-SUMIFS(Transactions!$J:$J,Transactions!$G:$G,YearlyReport!$A131,Transactions!$B:$B,"">=""&G$11,Transactions!$B:$B,""<=""&G$12)+SUMIFS(Transactions!$I:$I,Transactions!$G:$G,YearlyReport!$A131,Transactions!$B:$B,"">=""&G$11,Transactions!$B:$B,""<=""&G$12)",A131,
YearlyReport,H131,"=-SUMIFS(Transactions!$J:$J,Transactions!$G:$G,YearlyReport!$A131,Transactions!$B:$B,"">=""&H$11,Transactions!$B:$B,""<=""&H$12)+SUMIFS(Transactions!$I:$I,Transactions!$G:$G,YearlyReport!$A131,Transactions!$B:$B,"">=""&H$11,Transactions!$B:$B,""<=""&H$12)",A131,
YearlyReport,I131,"=-SUMIFS(Transactions!$J:$J,Transactions!$G:$G,YearlyReport!$A131,Transactions!$B:$B,"">=""&I$11,Transactions!$B:$B,""<=""&I$12)+SUMIFS(Transactions!$I:$I,Transactions!$G:$G,YearlyReport!$A131,Transactions!$B:$B,"">=""&I$11,Transactions!$B:$B,""<=""&I$12)",A131,
YearlyReport,J131,"=-SUMIFS(Transactions!$J:$J,Transactions!$G:$G,YearlyReport!$A131,Transactions!$B:$B,"">=""&J$11,Transactions!$B:$B,""<=""&J$12)+SUMIFS(Transactions!$I:$I,Transactions!$G:$G,YearlyReport!$A131,Transactions!$B:$B,"">=""&J$11,Transactions!$B:$B,""<=""&J$12)",A131,
YearlyReport,K131,"=-SUMIFS(Transactions!$J:$J,Transactions!$G:$G,YearlyReport!$A131,Transactions!$B:$B,"">=""&K$11,Transactions!$B:$B,""<=""&K$12)+SUMIFS(Transactions!$I:$I,Transactions!$G:$G,YearlyReport!$A131,Transactions!$B:$B,"">=""&K$11,Transactions!$B:$B,""<=""&K$12)",A131,
YearlyReport,L131,"=-SUMIFS(Transactions!$J:$J,Transactions!$G:$G,YearlyReport!$A131,Transactions!$B:$B,"">=""&L$11,Transactions!$B:$B,""<=""&L$12)+SUMIFS(Transactions!$I:$I,Transactions!$G:$G,YearlyReport!$A131,Transactions!$B:$B,"">=""&L$11,Transactions!$B:$B,""<=""&L$12)",A131,
YearlyReport,M131,"=-SUMIFS(Transactions!$J:$J,Transactions!$G:$G,YearlyReport!$A131,Transactions!$B:$B,"">=""&M$11,Transactions!$B:$B,""<=""&M$12)+SUMIFS(Transactions!$I:$I,Transactions!$G:$G,YearlyReport!$A131,Transactions!$B:$B,"">=""&M$11,Transactions!$B:$B,""<=""&M$12)",A131,
YearlyReport,N131,"=-SUMIFS(Transactions!$J:$J,Transactions!$G:$G,YearlyReport!$A131,Transactions!$B:$B,"">=""&N$11,Transactions!$B:$B,""<=""&N$12)+SUMIFS(Transactions!$I:$I,Transactions!$G:$G,YearlyReport!$A131,Transactions!$B:$B,"">=""&N$11,Transactions!$B:$B,""<=""&N$12)",A131,"YearlyReport!O131,YearlyReport!P131"
YearlyReport,O131,=SUM(C131:N131),"C131,N131",YearlyReport!P131
YearlyReport,P131,=O131/COLUMNS(C131:N131),"O131,C131,N131",
YearlyReport,A132, - ,,"YearlyReport!C132,YearlyReport!D132,YearlyReport!E132,YearlyReport!F132,YearlyReport!G132,YearlyReport!H132,YearlyReport!I132,YearlyReport!J132,YearlyReport!K132,YearlyReport!L132,YearlyReport!M132,YearlyReport!N132"
YearlyReport,B132,,,
YearlyReport,C132,"=-SUMIFS(Transactions!$J:$J,Transactions!$G:$G,YearlyReport!$A132,Transactions!$B:$B,"">=""&C$11,Transactions!$B:$B,""<=""&C$12)+SUMIFS(Transactions!$I:$I,Transactions!$G:$G,YearlyReport!$A132,Transactions!$B:$B,"">=""&C$11,Transactions!$B:$B,""<=""&C$12)",A132,"YearlyReport!O132,YearlyReport!P132"
YearlyReport,D132,"=-SUMIFS(Transactions!$J:$J,Transactions!$G:$G,YearlyReport!$A132,Transactions!$B:$B,"">=""&D$11,Transactions!$B:$B,""<=""&D$12)+SUMIFS(Transactions!$I:$I,Transactions!$G:$G,YearlyReport!$A132,Transactions!$B:$B,"">=""&D$11,Transactions!$B:$B,""<=""&D$12)",A132,
YearlyReport,E132,"=-SUMIFS(Transactions!$J:$J,Transactions!$G:$G,YearlyReport!$A132,Transactions!$B:$B,"">=""&E$11,Transactions!$B:$B,""<=""&E$12)+SUMIFS(Transactions!$I:$I,Transactions!$G:$G,YearlyReport!$A132,Transactions!$B:$B,"">=""&E$11,Transactions!$B:$B,""<=""&E$12)",A132,
YearlyReport,F132,"=-SUMIFS(Transactions!$J:$J,Transactions!$G:$G,YearlyReport!$A132,Transactions!$B:$B,"">=""&F$11,Transactions!$B:$B,""<=""&F$12)+SUMIFS(Transactions!$I:$I,Transactions!$G:$G,YearlyReport!$A132,Transactions!$B:$B,"">=""&F$11,Transactions!$B:$B,""<=""&F$12)",A132,
YearlyReport,G132,"=-SUMIFS(Transactions!$J:$J,Transactions!$G:$G,YearlyReport!$A132,Transactions!$B:$B,"">=""&G$11,Transactions!$B:$B,""<=""&G$12)+SUMIFS(Transactions!$I:$I,Transactions!$G:$G,YearlyReport!$A132,Transactions!$B:$B,"">=""&G$11,Transactions!$B:$B,""<=""&G$12)",A132,
YearlyReport,H132,"=-SUMIFS(Transactions!$J:$J,Transactions!$G:$G,YearlyReport!$A132,Transactions!$B:$B,"">=""&H$11,Transactions!$B:$B,""<=""&H$12)+SUMIFS(Transactions!$I:$I,Transactions!$G:$G,YearlyReport!$A132,Transactions!$B:$B,"">=""&H$11,Transactions!$B:$B,""<=""&H$12)",A132,
YearlyReport,I132,"=-SUMIFS(Transactions!$J:$J,Transactions!$G:$G,YearlyReport!$A132,Transactions!$B:$B,"">=""&I$11,Transactions!$B:$B,""<=""&I$12)+SUMIFS(Transactions!$I:$I,Transactions!$G:$G,YearlyReport!$A132,Transactions!$B:$B,"">=""&I$11,Transactions!$B:$B,""<=""&I$12)",A132,
YearlyReport,J132,"=-SUMIFS(Transactions!$J:$J,Transactions!$G:$G,YearlyReport!$A132,Transactions!$B:$B,"">=""&J$11,Transactions!$B:$B,""<=""&J$12)+SUMIFS(Transactions!$I:$I,Transactions!$G:$G,YearlyReport!$A132,Transactions!$B:$B,"">=""&J$11,Transactions!$B:$B,""<=""&J$12)",A132,
YearlyReport,K132,"=-SUMIFS(Transactions!$J:$J,Transactions!$G:$G,YearlyReport!$A132,Transactions!$B:$B,"">=""&K$11,Transactions!$B:$B,""<=""&K$12)+SUMIFS(Transactions!$I:$I,Transactions!$G:$G,YearlyReport!$A132,Transactions!$B:$B,"">=""&K$11,Transactions!$B:$B,""<=""&K$12)",A132,
YearlyReport,L132,"=-SUMIFS(Transactions!$J:$J,Transactions!$G:$G,YearlyReport!$A132,Transactions!$B:$B,"">=""&L$11,Transactions!$B:$B,""<=""&L$12)+SUMIFS(Transactions!$I:$I,Transactions!$G:$G,YearlyReport!$A132,Transactions!$B:$B,"">=""&L$11,Transactions!$B:$B,""<=""&L$12)",A132,
YearlyReport,M132,"=-SUMIFS(Transactions!$J:$J,Transactions!$G:$G,YearlyReport!$A132,Transactions!$B:$B,"">=""&M$11,Transactions!$B:$B,""<=""&M$12)+SUMIFS(Transactions!$I:$I,Transactions!$G:$G,YearlyReport!$A132,Transactions!$B:$B,"">=""&M$11,Transactions!$B:$B,""<=""&M$12)",A132,
YearlyReport,N132,"=-SUMIFS(Transactions!$J:$J,Transactions!$G:$G,YearlyReport!$A132,Transactions!$B:$B,"">=""&N$11,Transactions!$B:$B,""<=""&N$12)+SUMIFS(Transactions!$I:$I,Transactions!$G:$G,YearlyReport!$A132,Transactions!$B:$B,"">=""&N$11,Transactions!$B:$B,""<=""&N$12)",A132,"YearlyReport!O132,YearlyReport!P132"
YearlyReport,O132,=SUM(C132:N132),"C132,N132",YearlyReport!P132
YearlyReport,P132,=O132/COLUMNS(C132:N132),"O132,C132,N132",
YearlyReport,A133, - ,,"YearlyReport!C133,YearlyReport!D133,YearlyReport!E133,YearlyReport!F133,YearlyReport!G133,YearlyReport!H133,YearlyReport!I133,YearlyReport!J133,YearlyReport!K133,YearlyReport!L133,YearlyReport!M133,YearlyReport!N133"
YearlyReport,B133,,,
YearlyReport,C133,"=-SUMIFS(Transactions!$J:$J,Transactions!$G:$G,YearlyReport!$A133,Transactions!$B:$B,"">=""&C$11,Transactions!$B:$B,""<=""&C$12)+SUMIFS(Transactions!$I:$I,Transactions!$G:$G,YearlyReport!$A133,Transactions!$B:$B,"">=""&C$11,Transactions!$B:$B,""<=""&C$12)",A133,"YearlyReport!O133,YearlyReport!P133"
YearlyReport,D133,"=-SUMIFS(Transactions!$J:$J,Transactions!$G:$G,YearlyReport!$A133,Transactions!$B:$B,"">=""&D$11,Transactions!$B:$B,""<=""&D$12)+SUMIFS(Transactions!$I:$I,Transactions!$G:$G,YearlyReport!$A133,Transactions!$B:$B,"">=""&D$11,Transactions!$B:$B,""<=""&D$12)",A133,
YearlyReport,E133,"=-SUMIFS(Transactions!$J:$J,Transactions!$G:$G,YearlyReport!$A133,Transactions!$B:$B,"">=""&E$11,Transactions!$B:$B,""<=""&E$12)+SUMIFS(Transactions!$I:$I,Transactions!$G:$G,YearlyReport!$A133,Transactions!$B:$B,"">=""&E$11,Transactions!$B:$B,""<=""&E$12)",A133,
YearlyReport,F133,"=-SUMIFS(Transactions!$J:$J,Transactions!$G:$G,YearlyReport!$A133,Transactions!$B:$B,"">=""&F$11,Transactions!$B:$B,""<=""&F$12)+SUMIFS(Transactions!$I:$I,Transactions!$G:$G,YearlyReport!$A133,Transactions!$B:$B,"">=""&F$11,Transactions!$B:$B,""<=""&F$12)",A133,
YearlyReport,G133,"=-SUMIFS(Transactions!$J:$J,Transactions!$G:$G,YearlyReport!$A133,Transactions!$B:$B,"">=""&G$11,Transactions!$B:$B,""<=""&G$12)+SUMIFS(Transactions!$I:$I,Transactions!$G:$G,YearlyReport!$A133,Transactions!$B:$B,"">=""&G$11,Transactions!$B:$B,""<=""&G$12)",A133,
YearlyReport,H133,"=-SUMIFS(Transactions!$J:$J,Transactions!$G:$G,YearlyReport!$A133,Transactions!$B:$B,"">=""&H$11,Transactions!$B:$B,""<=""&H$12)+SUMIFS(Transactions!$I:$I,Transactions!$G:$G,YearlyReport!$A133,Transactions!$B:$B,"">=""&H$11,Transactions!$B:$B,""<=""&H$12)",A133,
YearlyReport,I133,"=-SUMIFS(Transactions!$J:$J,Transactions!$G:$G,YearlyReport!$A133,Transactions!$B:$B,"">=""&I$11,Transactions!$B:$B,""<=""&I$12)+SUMIFS(Transactions!$I:$I,Transactions!$G:$G,YearlyReport!$A133,Transactions!$B:$B,"">=""&I$11,Transactions!$B:$B,""<=""&I$12)",A133,
YearlyReport,J133,"=-SUMIFS(Transactions!$J:$J,Transactions!$G:$G,YearlyReport!$A133,Transactions!$B:$B,"">=""&J$11,Transactions!$B:$B,""<=""&J$12)+SUMIFS(Transactions!$I:$I,Transactions!$G:$G,YearlyReport!$A133,Transactions!$B:$B,"">=""&J$11,Transactions!$B:$B,""<=""&J$12)",A133,
YearlyReport,K133,"=-SUMIFS(Transactions!$J:$J,Transactions!$G:$G,YearlyReport!$A133,Transactions!$B:$B,"">=""&K$11,Transactions!$B:$B,""<=""&K$12)+SUMIFS(Transactions!$I:$I,Transactions!$G:$G,YearlyReport!$A133,Transactions!$B:$B,"">=""&K$11,Transactions!$B:$B,""<=""&K$12)",A133,
YearlyReport,L133,"=-SUMIFS(Transactions!$J:$J,Transactions!$G:$G,YearlyReport!$A133,Transactions!$B:$B,"">=""&L$11,Transactions!$B:$B,""<=""&L$12)+SUMIFS(Transactions!$I:$I,Transactions!$G:$G,YearlyReport!$A133,Transactions!$B:$B,"">=""&L$11,Transactions!$B:$B,""<=""&L$12)",A133,
YearlyReport,M133,"=-SUMIFS(Transactions!$J:$J,Transactions!$G:$G,YearlyReport!$A133,Transactions!$B:$B,"">=""&M$11,Transactions!$B:$B,""<=""&M$12)+SUMIFS(Transactions!$I:$I,Transactions!$G:$G,YearlyReport!$A133,Transactions!$B:$B,"">=""&M$11,Transactions!$B:$B,""<=""&M$12)",A133,
YearlyReport,N133,"=-SUMIFS(Transactions!$J:$J,Transactions!$G:$G,YearlyReport!$A133,Transactions!$B:$B,"">=""&N$11,Transactions!$B:$B,""<=""&N$12)+SUMIFS(Transactions!$I:$I,Transactions!$G:$G,YearlyReport!$A133,Transactions!$B:$B,"">=""&N$11,Transactions!$B:$B,""<=""&N$12)",A133,"YearlyReport!O133,YearlyReport!P133"
YearlyReport,O133,=SUM(C133:N133),"C133,N133",YearlyReport!P133
YearlyReport,P133,=O133/COLUMNS(C133:N133),"O133,C133,N133",
YearlyReport,A134, - ,,"YearlyReport!C134,YearlyReport!D134,YearlyReport!E134,YearlyReport!F134,YearlyReport!G134,YearlyReport!H134,YearlyReport!I134,YearlyReport!J134,YearlyReport!K134,YearlyReport!L134,YearlyReport!M134,YearlyReport!N134"
YearlyReport,B134,,,
YearlyReport,C134,"=-SUMIFS(Transactions!$J:$J,Transactions!$G:$G,YearlyReport!$A134,Transactions!$B:$B,"">=""&C$11,Transactions!$B:$B,""<=""&C$12)+SUMIFS(Transactions!$I:$I,Transactions!$G:$G,YearlyReport!$A134,Transactions!$B:$B,"">=""&C$11,Transactions!$B:$B,""<=""&C$12)",A134,"YearlyReport!O134,YearlyReport!P134"
YearlyReport,D134,"=-SUMIFS(Transactions!$J:$J,Transactions!$G:$G,YearlyReport!$A134,Transactions!$B:$B,"">=""&D$11,Transactions!$B:$B,""<=""&D$12)+SUMIFS(Transactions!$I:$I,Transactions!$G:$G,YearlyReport!$A134,Transactions!$B:$B,"">=""&D$11,Transactions!$B:$B,""<=""&D$12)",A134,
YearlyReport,E134,"=-SUMIFS(Transactions!$J:$J,Transactions!$G:$G,YearlyReport!$A134,Transactions!$B:$B,"">=""&E$11,Transactions!$B:$B,""<=""&E$12)+SUMIFS(Transactions!$I:$I,Transactions!$G:$G,YearlyReport!$A134,Transactions!$B:$B,"">=""&E$11,Transactions!$B:$B,""<=""&E$12)",A134,
YearlyReport,F134,"=-SUMIFS(Transactions!$J:$J,Transactions!$G:$G,YearlyReport!$A134,Transactions!$B:$B,"">=""&F$11,Transactions!$B:$B,""<=""&F$12)+SUMIFS(Transactions!$I:$I,Transactions!$G:$G,YearlyReport!$A134,Transactions!$B:$B,"">=""&F$11,Transactions!$B:$B,""<=""&F$12)",A134,
YearlyReport,G134,"=-SUMIFS(Transactions!$J:$J,Transactions!$G:$G,YearlyReport!$A134,Transactions!$B:$B,"">=""&G$11,Transactions!$B:$B,""<=""&G$12)+SUMIFS(Transactions!$I:$I,Transactions!$G:$G,YearlyReport!$A134,Transactions!$B:$B,"">=""&G$11,Transactions!$B:$B,""<=""&G$12)",A134,
YearlyReport,H134,"=-SUMIFS(Transactions!$J:$J,Transactions!$G:$G,YearlyReport!$A134,Transactions!$B:$B,"">=""&H$11,Transactions!$B:$B,""<=""&H$12)+SUMIFS(Transactions!$I:$I,Transactions!$G:$G,YearlyReport!$A134,Transactions!$B:$B,"">=""&H$11,Transactions!$B:$B,""<=""&H$12)",A134,
YearlyReport,I134,"=-SUMIFS(Transactions!$J:$J,Transactions!$G:$G,YearlyReport!$A134,Transactions!$B:$B,"">=""&I$11,Transactions!$B:$B,""<=""&I$12)+SUMIFS(Transactions!$I:$I,Transactions!$G:$G,YearlyReport!$A134,Transactions!$B:$B,"">=""&I$11,Transactions!$B:$B,""<=""&I$12)",A134,
YearlyReport,J134,"=-SUMIFS(Transactions!$J:$J,Transactions!$G:$G,YearlyReport!$A134,Transactions!$B:$B,"">=""&J$11,Transactions!$B:$B,""<=""&J$12)+SUMIFS(Transactions!$I:$I,Transactions!$G:$G,YearlyReport!$A134,Transactions!$B:$B,"">=""&J$11,Transactions!$B:$B,""<=""&J$12)",A134,
YearlyReport,K134,"=-SUMIFS(Transactions!$J:$J,Transactions!$G:$G,YearlyReport!$A134,Transactions!$B:$B,"">=""&K$11,Transactions!$B:$B,""<=""&K$12)+SUMIFS(Transactions!$I:$I,Transactions!$G:$G,YearlyReport!$A134,Transactions!$B:$B,"">=""&K$11,Transactions!$B:$B,""<=""&K$12)",A134,
YearlyReport,L134,"=-SUMIFS(Transactions!$J:$J,Transactions!$G:$G,YearlyReport!$A134,Transactions!$B:$B,"">=""&L$11,Transactions!$B:$B,""<=""&L$12)+SUMIFS(Transactions!$I:$I,Transactions!$G:$G,YearlyReport!$A134,Transactions!$B:$B,"">=""&L$11,Transactions!$B:$B,""<=""&L$12)",A134,
YearlyReport,M134,"=-SUMIFS(Transactions!$J:$J,Transactions!$G:$G,YearlyReport!$A134,Transactions!$B:$B,"">=""&M$11,Transactions!$B:$B,""<=""&M$12)+SUMIFS(Transactions!$I:$I,Transactions!$G:$G,YearlyReport!$A134,Transactions!$B:$B,"">=""&M$11,Transactions!$B:$B,""<=""&M$12)",A134,
YearlyReport,N134,"=-SUMIFS(Transactions!$J:$J,Transactions!$G:$G,YearlyReport!$A134,Transactions!$B:$B,"">=""&N$11,Transactions!$B:$B,""<=""&N$12)+SUMIFS(Transactions!$I:$I,Transactions!$G:$G,YearlyReport!$A134,Transactions!$B:$B,"">=""&N$11,Transactions!$B:$B,""<=""&N$12)",A134,"YearlyReport!O134,YearlyReport!P134"
YearlyReport,O134,=SUM(C134:N134),"C134,N134",YearlyReport!P134
YearlyReport,P134,=O134/COLUMNS(C134:N134),"O134,C134,N134",
YearlyReport,A135, - ,,"YearlyReport!C135,YearlyReport!D135,YearlyReport!E135,YearlyReport!F135,YearlyReport!G135,YearlyReport!H135,YearlyReport!I135,YearlyReport!J135,YearlyReport!K135,YearlyReport!L135,YearlyReport!M135,YearlyReport!N135"
YearlyReport,B135,,,
YearlyReport,C135,"=-SUMIFS(Transactions!$J:$J,Transactions!$G:$G,YearlyReport!$A135,Transactions!$B:$B,"">=""&C$11,Transactions!$B:$B,""<=""&C$12)+SUMIFS(Transactions!$I:$I,Transactions!$G:$G,YearlyReport!$A135,Transactions!$B:$B,"">=""&C$11,Transactions!$B:$B,""<=""&C$12)",A135,"YearlyReport!O135,YearlyReport!P135"
YearlyReport,D135,"=-SUMIFS(Transactions!$J:$J,Transactions!$G:$G,YearlyReport!$A135,Transactions!$B:$B,"">=""&D$11,Transactions!$B:$B,""<=""&D$12)+SUMIFS(Transactions!$I:$I,Transactions!$G:$G,YearlyReport!$A135,Transactions!$B:$B,"">=""&D$11,Transactions!$B:$B,""<=""&D$12)",A135,
YearlyReport,E135,"=-SUMIFS(Transactions!$J:$J,Transactions!$G:$G,YearlyReport!$A135,Transactions!$B:$B,"">=""&E$11,Transactions!$B:$B,""<=""&E$12)+SUMIFS(Transactions!$I:$I,Transactions!$G:$G,YearlyReport!$A135,Transactions!$B:$B,"">=""&E$11,Transactions!$B:$B,""<=""&E$12)",A135,
YearlyReport,F135,"=-SUMIFS(Transactions!$J:$J,Transactions!$G:$G,YearlyReport!$A135,Transactions!$B:$B,"">=""&F$11,Transactions!$B:$B,""<=""&F$12)+SUMIFS(Transactions!$I:$I,Transactions!$G:$G,YearlyReport!$A135,Transactions!$B:$B,"">=""&F$11,Transactions!$B:$B,""<=""&F$12)",A135,
YearlyReport,G135,"=-SUMIFS(Transactions!$J:$J,Transactions!$G:$G,YearlyReport!$A135,Transactions!$B:$B,"">=""&G$11,Transactions!$B:$B,""<=""&G$12)+SUMIFS(Transactions!$I:$I,Transactions!$G:$G,YearlyReport!$A135,Transactions!$B:$B,"">=""&G$11,Transactions!$B:$B,""<=""&G$12)",A135,
YearlyReport,H135,"=-SUMIFS(Transactions!$J:$J,Transactions!$G:$G,YearlyReport!$A135,Transactions!$B:$B,"">=""&H$11,Transactions!$B:$B,""<=""&H$12)+SUMIFS(Transactions!$I:$I,Transactions!$G:$G,YearlyReport!$A135,Transactions!$B:$B,"">=""&H$11,Transactions!$B:$B,""<=""&H$12)",A135,
YearlyReport,I135,"=-SUMIFS(Transactions!$J:$J,Transactions!$G:$G,YearlyReport!$A135,Transactions!$B:$B,"">=""&I$11,Transactions!$B:$B,""<=""&I$12)+SUMIFS(Transactions!$I:$I,Transactions!$G:$G,YearlyReport!$A135,Transactions!$B:$B,"">=""&I$11,Transactions!$B:$B,""<=""&I$12)",A135,
YearlyReport,J135,"=-SUMIFS(Transactions!$J:$J,Transactions!$G:$G,YearlyReport!$A135,Transactions!$B:$B,"">=""&J$11,Transactions!$B:$B,""<=""&J$12)+SUMIFS(Transactions!$I:$I,Transactions!$G:$G,YearlyReport!$A135,Transactions!$B:$B,"">=""&J$11,Transactions!$B:$B,""<=""&J$12)",A135,
YearlyReport,K135,"=-SUMIFS(Transactions!$J:$J,Transactions!$G:$G,YearlyReport!$A135,Transactions!$B:$B,"">=""&K$11,Transactions!$B:$B,""<=""&K$12)+SUMIFS(Transactions!$I:$I,Transactions!$G:$G,YearlyReport!$A135,Transactions!$B:$B,"">=""&K$11,Transactions!$B:$B,""<=""&K$12)",A135,
YearlyReport,L135,"=-SUMIFS(Transactions!$J:$J,Transactions!$G:$G,YearlyReport!$A135,Transactions!$B:$B,"">=""&L$11,Transactions!$B:$B,""<=""&L$12)+SUMIFS(Transactions!$I:$I,Transactions!$G:$G,YearlyReport!$A135,Transactions!$B:$B,"">=""&L$11,Transactions!$B:$B,""<=""&L$12)",A135,
YearlyReport,M135,"=-SUMIFS(Transactions!$J:$J,Transactions!$G:$G,YearlyReport!$A135,Transactions!$B:$B,"">=""&M$11,Transactions!$B:$B,""<=""&M$12)+SUMIFS(Transactions!$I:$I,Transactions!$G:$G,YearlyReport!$A135,Transactions!$B:$B,"">=""&M$11,Transactions!$B:$B,""<=""&M$12)",A135,
YearlyReport,N135,"=-SUMIFS(Transactions!$J:$J,Transactions!$G:$G,YearlyReport!$A135,Transactions!$B:$B,"">=""&N$11,Transactions!$B:$B,""<=""&N$12)+SUMIFS(Transactions!$I:$I,Transactions!$G:$G,YearlyReport!$A135,Transactions!$B:$B,"">=""&N$11,Transactions!$B:$B,""<=""&N$12)",A135,"YearlyReport!O135,YearlyReport!P135"
YearlyReport,O135,=SUM(C135:N135),"C135,N135",YearlyReport!P135
YearlyReport,P135,=O135/COLUMNS(C135:N135),"O135,C135,N135",
YearlyReport,A136, - ,,"YearlyReport!C136,YearlyReport!D136,YearlyReport!E136,YearlyReport!F136,YearlyReport!G136,YearlyReport!H136,YearlyReport!I136,YearlyReport!J136,YearlyReport!K136,YearlyReport!L136,YearlyReport!M136,YearlyReport!N136"
YearlyReport,B136,,,
YearlyReport,C136,"=-SUMIFS(Transactions!$J:$J,Transactions!$G:$G,YearlyReport!$A136,Transactions!$B:$B,"">=""&C$11,Transactions!$B:$B,""<=""&C$12)+SUMIFS(Transactions!$I:$I,Transactions!$G:$G,YearlyReport!$A136,Transactions!$B:$B,"">=""&C$11,Transactions!$B:$B,""<=""&C$12)",A136,"YearlyReport!O136,YearlyReport!P136"
YearlyReport,D136,"=-SUMIFS(Transactions!$J:$J,Transactions!$G:$G,YearlyReport!$A136,Transactions!$B:$B,"">=""&D$11,Transactions!$B:$B,""<=""&D$12)+SUMIFS(Transactions!$I:$I,Transactions!$G:$G,YearlyReport!$A136,Transactions!$B:$B,"">=""&D$11,Transactions!$B:$B,""<=""&D$12)",A136,
YearlyReport,E136,"=-SUMIFS(Transactions!$J:$J,Transactions!$G:$G,YearlyReport!$A136,Transactions!$B:$B,"">=""&E$11,Transactions!$B:$B,""<=""&E$12)+SUMIFS(Transactions!$I:$I,Transactions!$G:$G,YearlyReport!$A136,Transactions!$B:$B,"">=""&E$11,Transactions!$B:$B,""<=""&E$12)",A136,
YearlyReport,F136,"=-SUMIFS(Transactions!$J:$J,Transactions!$G:$G,YearlyReport!$A136,Transactions!$B:$B,"">=""&F$11,Transactions!$B:$B,""<=""&F$12)+SUMIFS(Transactions!$I:$I,Transactions!$G:$G,YearlyReport!$A136,Transactions!$B:$B,"">=""&F$11,Transactions!$B:$B,""<=""&F$12)",A136,
YearlyReport,G136,"=-SUMIFS(Transactions!$J:$J,Transactions!$G:$G,YearlyReport!$A136,Transactions!$B:$B,"">=""&G$11,Transactions!$B:$B,""<=""&G$12)+SUMIFS(Transactions!$I:$I,Transactions!$G:$G,YearlyReport!$A136,Transactions!$B:$B,"">=""&G$11,Transactions!$B:$B,""<=""&G$12)",A136,
YearlyReport,H136,"=-SUMIFS(Transactions!$J:$J,Transactions!$G:$G,YearlyReport!$A136,Transactions!$B:$B,"">=""&H$11,Transactions!$B:$B,""<=""&H$12)+SUMIFS(Transactions!$I:$I,Transactions!$G:$G,YearlyReport!$A136,Transactions!$B:$B,"">=""&H$11,Transactions!$B:$B,""<=""&H$12)",A136,
YearlyReport,I136,"=-SUMIFS(Transactions!$J:$J,Transactions!$G:$G,YearlyReport!$A136,Transactions!$B:$B,"">=""&I$11,Transactions!$B:$B,""<=""&I$12)+SUMIFS(Transactions!$I:$I,Transactions!$G:$G,YearlyReport!$A136,Transactions!$B:$B,"">=""&I$11,Transactions!$B:$B,""<=""&I$12)",A136,
YearlyReport,J136,"=-SUMIFS(Transactions!$J:$J,Transactions!$G:$G,YearlyReport!$A136,Transactions!$B:$B,"">=""&J$11,Transactions!$B:$B,""<=""&J$12)+SUMIFS(Transactions!$I:$I,Transactions!$G:$G,YearlyReport!$A136,Transactions!$B:$B,"">=""&J$11,Transactions!$B:$B,""<=""&J$12)",A136,
YearlyReport,K136,"=-SUMIFS(Transactions!$J:$J,Transactions!$G:$G,YearlyReport!$A136,Transactions!$B:$B,"">=""&K$11,Transactions!$B:$B,""<=""&K$12)+SUMIFS(Transactions!$I:$I,Transactions!$G:$G,YearlyReport!$A136,Transactions!$B:$B,"">=""&K$11,Transactions!$B:$B,""<=""&K$12)",A136,
YearlyReport,L136,"=-SUMIFS(Transactions!$J:$J,Transactions!$G:$G,YearlyReport!$A136,Transactions!$B:$B,"">=""&L$11,Transactions!$B:$B,""<=""&L$12)+SUMIFS(Transactions!$I:$I,Transactions!$G:$G,YearlyReport!$A136,Transactions!$B:$B,"">=""&L$11,Transactions!$B:$B,""<=""&L$12)",A136,
YearlyReport,M136,"=-SUMIFS(Transactions!$J:$J,Transactions!$G:$G,YearlyReport!$A136,Transactions!$B:$B,"">=""&M$11,Transactions!$B:$B,""<=""&M$12)+SUMIFS(Transactions!$I:$I,Transactions!$G:$G,YearlyReport!$A136,Transactions!$B:$B,"">=""&M$11,Transactions!$B:$B,""<=""&M$12)",A136,
YearlyReport,N136,"=-SUMIFS(Transactions!$J:$J,Transactions!$G:$G,YearlyReport!$A136,Transactions!$B:$B,"">=""&N$11,Transactions!$B:$B,""<=""&N$12)+SUMIFS(Transactions!$I:$I,Transactions!$G:$G,YearlyReport!$A136,Transactions!$B:$B,"">=""&N$11,Transactions!$B:$B,""<=""&N$12)",A136,"YearlyReport!O136,YearlyReport!P136"
YearlyReport,O136,=SUM(C136:N136),"C136,N136",YearlyReport!P136
YearlyReport,P136,=O136/COLUMNS(C136:N136),"O136,C136,N136",
YearlyReport,A137, - ,,"YearlyReport!C137,YearlyReport!D137,YearlyReport!E137,YearlyReport!F137,YearlyReport!G137,YearlyReport!H137,YearlyReport!I137,YearlyReport!J137,YearlyReport!K137,YearlyReport!L137,YearlyReport!M137,YearlyReport!N137"
YearlyReport,B137,,,
YearlyReport,C137,"=-SUMIFS(Transactions!$J:$J,Transactions!$G:$G,YearlyReport!$A137,Transactions!$B:$B,"">=""&C$11,Transactions!$B:$B,""<=""&C$12)+SUMIFS(Transactions!$I:$I,Transactions!$G:$G,YearlyReport!$A137,Transactions!$B:$B,"">=""&C$11,Transactions!$B:$B,""<=""&C$12)",A137,"YearlyReport!O137,YearlyReport!P137"
YearlyReport,D137,"=-SUMIFS(Transactions!$J:$J,Transactions!$G:$G,YearlyReport!$A137,Transactions!$B:$B,"">=""&D$11,Transactions!$B:$B,""<=""&D$12)+SUMIFS(Transactions!$I:$I,Transactions!$G:$G,YearlyReport!$A137,Transactions!$B:$B,"">=""&D$11,Transactions!$B:$B,""<=""&D$12)",A137,
YearlyReport,E137,"=-SUMIFS(Transactions!$J:$J,Transactions!$G:$G,YearlyReport!$A137,Transactions!$B:$B,"">=""&E$11,Transactions!$B:$B,""<=""&E$12)+SUMIFS(Transactions!$I:$I,Transactions!$G:$G,YearlyReport!$A137,Transactions!$B:$B,"">=""&E$11,Transactions!$B:$B,""<=""&E$12)",A137,
YearlyReport,F137,"=-SUMIFS(Transactions!$J:$J,Transactions!$G:$G,YearlyReport!$A137,Transactions!$B:$B,"">=""&F$11,Transactions!$B:$B,""<=""&F$12)+SUMIFS(Transactions!$I:$I,Transactions!$G:$G,YearlyReport!$A137,Transactions!$B:$B,"">=""&F$11,Transactions!$B:$B,""<=""&F$12)",A137,
YearlyReport,G137,"=-SUMIFS(Transactions!$J:$J,Transactions!$G:$G,YearlyReport!$A137,Transactions!$B:$B,"">=""&G$11,Transactions!$B:$B,""<=""&G$12)+SUMIFS(Transactions!$I:$I,Transactions!$G:$G,YearlyReport!$A137,Transactions!$B:$B,"">=""&G$11,Transactions!$B:$B,""<=""&G$12)",A137,
YearlyReport,H137,"=-SUMIFS(Transactions!$J:$J,Transactions!$G:$G,YearlyReport!$A137,Transactions!$B:$B,"">=""&H$11,Transactions!$B:$B,""<=""&H$12)+SUMIFS(Transactions!$I:$I,Transactions!$G:$G,YearlyReport!$A137,Transactions!$B:$B,"">=""&H$11,Transactions!$B:$B,""<=""&H$12)",A137,
YearlyReport,I137,"=-SUMIFS(Transactions!$J:$J,Transactions!$G:$G,YearlyReport!$A137,Transactions!$B:$B,"">=""&I$11,Transactions!$B:$B,""<=""&I$12)+SUMIFS(Transactions!$I:$I,Transactions!$G:$G,YearlyReport!$A137,Transactions!$B:$B,"">=""&I$11,Transactions!$B:$B,""<=""&I$12)",A137,
YearlyReport,J137,"=-SUMIFS(Transactions!$J:$J,Transactions!$G:$G,YearlyReport!$A137,Transactions!$B:$B,"">=""&J$11,Transactions!$B:$B,""<=""&J$12)+SUMIFS(Transactions!$I:$I,Transactions!$G:$G,YearlyReport!$A137,Transactions!$B:$B,"">=""&J$11,Transactions!$B:$B,""<=""&J$12)",A137,
YearlyReport,K137,"=-SUMIFS(Transactions!$J:$J,Transactions!$G:$G,YearlyReport!$A137,Transactions!$B:$B,"">=""&K$11,Transactions!$B:$B,""<=""&K$12)+SUMIFS(Transactions!$I:$I,Transactions!$G:$G,YearlyReport!$A137,Transactions!$B:$B,"">=""&K$11,Transactions!$B:$B,""<=""&K$12)",A137,
YearlyReport,L137,"=-SUMIFS(Transactions!$J:$J,Transactions!$G:$G,YearlyReport!$A137,Transactions!$B:$B,"">=""&L$11,Transactions!$B:$B,""<=""&L$12)+SUMIFS(Transactions!$I:$I,Transactions!$G:$G,YearlyReport!$A137,Transactions!$B:$B,"">=""&L$11,Transactions!$B:$B,""<=""&L$12)",A137,
YearlyReport,M137,"=-SUMIFS(Transactions!$J:$J,Transactions!$G:$G,YearlyReport!$A137,Transactions!$B:$B,"">=""&M$11,Transactions!$B:$B,""<=""&M$12)+SUMIFS(Transactions!$I:$I,Transactions!$G:$G,YearlyReport!$A137,Transactions!$B:$B,"">=""&M$11,Transactions!$B:$B,""<=""&M$12)",A137,
YearlyReport,N137,"=-SUMIFS(Transactions!$J:$J,Transactions!$G:$G,YearlyReport!$A137,Transactions!$B:$B,"">=""&N$11,Transactions!$B:$B,""<=""&N$12)+SUMIFS(Transactions!$I:$I,Transactions!$G:$G,YearlyReport!$A137,Transactions!$B:$B,"">=""&N$11,Transactions!$B:$B,""<=""&N$12)",A137,"YearlyReport!O137,YearlyReport!P137"
YearlyReport,O137,=SUM(C137:N137),"C137,N137",YearlyReport!P137
YearlyReport,P137,=O137/COLUMNS(C137:N137),"O137,C137,N137",
YearlyReport,A138, - ,,"YearlyReport!C138,YearlyReport!D138,YearlyReport!E138,YearlyReport!F138,YearlyReport!G138,YearlyReport!H138,YearlyReport!I138,YearlyReport!J138,YearlyReport!K138,YearlyReport!L138,YearlyReport!M138,YearlyReport!N138"
YearlyReport,B138,,,
YearlyReport,C138,"=-SUMIFS(Transactions!$J:$J,Transactions!$G:$G,YearlyReport!$A138,Transactions!$B:$B,"">=""&C$11,Transactions!$B:$B,""<=""&C$12)+SUMIFS(Transactions!$I:$I,Transactions!$G:$G,YearlyReport!$A138,Transactions!$B:$B,"">=""&C$11,Transactions!$B:$B,""<=""&C$12)",A138,"YearlyReport!O138,YearlyReport!P138"
YearlyReport,D138,"=-SUMIFS(Transactions!$J:$J,Transactions!$G:$G,YearlyReport!$A138,Transactions!$B:$B,"">=""&D$11,Transactions!$B:$B,""<=""&D$12)+SUMIFS(Transactions!$I:$I,Transactions!$G:$G,YearlyReport!$A138,Transactions!$B:$B,"">=""&D$11,Transactions!$B:$B,""<=""&D$12)",A138,
YearlyReport,E138,"=-SUMIFS(Transactions!$J:$J,Transactions!$G:$G,YearlyReport!$A138,Transactions!$B:$B,"">=""&E$11,Transactions!$B:$B,""<=""&E$12)+SUMIFS(Transactions!$I:$I,Transactions!$G:$G,YearlyReport!$A138,Transactions!$B:$B,"">=""&E$11,Transactions!$B:$B,""<=""&E$12)",A138,
YearlyReport,F138,"=-SUMIFS(Transactions!$J:$J,Transactions!$G:$G,YearlyReport!$A138,Transactions!$B:$B,"">=""&F$11,Transactions!$B:$B,""<=""&F$12)+SUMIFS(Transactions!$I:$I,Transactions!$G:$G,YearlyReport!$A138,Transactions!$B:$B,"">=""&F$11,Transactions!$B:$B,""<=""&F$12)",A138,
YearlyReport,G138,"=-SUMIFS(Transactions!$J:$J,Transactions!$G:$G,YearlyReport!$A138,Transactions!$B:$B,"">=""&G$11,Transactions!$B:$B,""<=""&G$12)+SUMIFS(Transactions!$I:$I,Transactions!$G:$G,YearlyReport!$A138,Transactions!$B:$B,"">=""&G$11,Transactions!$B:$B,""<=""&G$12)",A138,
YearlyReport,H138,"=-SUMIFS(Transactions!$J:$J,Transactions!$G:$G,YearlyReport!$A138,Transactions!$B:$B,"">=""&H$11,Transactions!$B:$B,""<=""&H$12)+SUMIFS(Transactions!$I:$I,Transactions!$G:$G,YearlyReport!$A138,Transactions!$B:$B,"">=""&H$11,Transactions!$B:$B,""<=""&H$12)",A138,
YearlyReport,I138,"=-SUMIFS(Transactions!$J:$J,Transactions!$G:$G,YearlyReport!$A138,Transactions!$B:$B,"">=""&I$11,Transactions!$B:$B,""<=""&I$12)+SUMIFS(Transactions!$I:$I,Transactions!$G:$G,YearlyReport!$A138,Transactions!$B:$B,"">=""&I$11,Transactions!$B:$B,""<=""&I$12)",A138,
YearlyReport,J138,"=-SUMIFS(Transactions!$J:$J,Transactions!$G:$G,YearlyReport!$A138,Transactions!$B:$B,"">=""&J$11,Transactions!$B:$B,""<=""&J$12)+SUMIFS(Transactions!$I:$I,Transactions!$G:$G,YearlyReport!$A138,Transactions!$B:$B,"">=""&J$11,Transactions!$B:$B,""<=""&J$12)",A138,
YearlyReport,K138,"=-SUMIFS(Transactions!$J:$J,Transactions!$G:$G,YearlyReport!$A138,Transactions!$B:$B,"">=""&K$11,Transactions!$B:$B,""<=""&K$12)+SUMIFS(Transactions!$I:$I,Transactions!$G:$G,YearlyReport!$A138,Transactions!$B:$B,"">=""&K$11,Transactions!$B:$B,""<=""&K$12)",A138,
YearlyReport,L138,"=-SUMIFS(Transactions!$J:$J,Transactions!$G:$G,YearlyReport!$A138,Transactions!$B:$B,"">=""&L$11,Transactions!$B:$B,""<=""&L$12)+SUMIFS(Transactions!$I:$I,Transactions!$G:$G,YearlyReport!$A138,Transactions!$B:$B,"">=""&L$11,Transactions!$B:$B,""<=""&L$12)",A138,
YearlyReport,M138,"=-SUMIFS(Transactions!$J:$J,Transactions!$G:$G,YearlyReport!$A138,Transactions!$B:$B,"">=""&M$11,Transactions!$B:$B,""<=""&M$12)+SUMIFS(Transactions!$I:$I,Transactions!$G:$G,YearlyReport!$A138,Transactions!$B:$B,"">=""&M$11,Transactions!$B:$B,""<=""&M$12)",A138,
YearlyReport,N138,"=-SUMIFS(Transactions!$J:$J,Transactions!$G:$G,YearlyReport!$A138,Transactions!$B:$B,"">=""&N$11,Transactions!$B:$B,""<=""&N$12)+SUMIFS(Transactions!$I:$I,Transactions!$G:$G,YearlyReport!$A138,Transactions!$B:$B,"">=""&N$11,Transactions!$B:$B,""<=""&N$12)",A138,"YearlyReport!O138,YearlyReport!P138"
YearlyReport,O138,=SUM(C138:N138),"C138,N138",YearlyReport!P138
YearlyReport,P138,=O138/COLUMNS(C138:N138),"O138,C138,N138",
YearlyReport,A139, - ,,"YearlyReport!C139,YearlyReport!D139,YearlyReport!E139,YearlyReport!F139,YearlyReport!G139,YearlyReport!H139,YearlyReport!I139,YearlyReport!J139,YearlyReport!K139,YearlyReport!L139,YearlyReport!M139,YearlyReport!N139"
YearlyReport,B139,,,
YearlyReport,C139,"=-SUMIFS(Transactions!$J:$J,Transactions!$G:$G,YearlyReport!$A139,Transactions!$B:$B,"">=""&C$11,Transactions!$B:$B,""<=""&C$12)+SUMIFS(Transactions!$I:$I,Transactions!$G:$G,YearlyReport!$A139,Transactions!$B:$B,"">=""&C$11,Transactions!$B:$B,""<=""&C$12)",A139,"YearlyReport!O139,YearlyReport!P139"
YearlyReport,D139,"=-SUMIFS(Transactions!$J:$J,Transactions!$G:$G,YearlyReport!$A139,Transactions!$B:$B,"">=""&D$11,Transactions!$B:$B,""<=""&D$12)+SUMIFS(Transactions!$I:$I,Transactions!$G:$G,YearlyReport!$A139,Transactions!$B:$B,"">=""&D$11,Transactions!$B:$B,""<=""&D$12)",A139,
YearlyReport,E139,"=-SUMIFS(Transactions!$J:$J,Transactions!$G:$G,YearlyReport!$A139,Transactions!$B:$B,"">=""&E$11,Transactions!$B:$B,""<=""&E$12)+SUMIFS(Transactions!$I:$I,Transactions!$G:$G,YearlyReport!$A139,Transactions!$B:$B,"">=""&E$11,Transactions!$B:$B,""<=""&E$12)",A139,
YearlyReport,F139,"=-SUMIFS(Transactions!$J:$J,Transactions!$G:$G,YearlyReport!$A139,Transactions!$B:$B,"">=""&F$11,Transactions!$B:$B,""<=""&F$12)+SUMIFS(Transactions!$I:$I,Transactions!$G:$G,YearlyReport!$A139,Transactions!$B:$B,"">=""&F$11,Transactions!$B:$B,""<=""&F$12)",A139,
YearlyReport,G139,"=-SUMIFS(Transactions!$J:$J,Transactions!$G:$G,YearlyReport!$A139,Transactions!$B:$B,"">=""&G$11,Transactions!$B:$B,""<=""&G$12)+SUMIFS(Transactions!$I:$I,Transactions!$G:$G,YearlyReport!$A139,Transactions!$B:$B,"">=""&G$11,Transactions!$B:$B,""<=""&G$12)",A139,
YearlyReport,H139,"=-SUMIFS(Transactions!$J:$J,Transactions!$G:$G,YearlyReport!$A139,Transactions!$B:$B,"">=""&H$11,Transactions!$B:$B,""<=""&H$12)+SUMIFS(Transactions!$I:$I,Transactions!$G:$G,YearlyReport!$A139,Transactions!$B:$B,"">=""&H$11,Transactions!$B:$B,""<=""&H$12)",A139,
YearlyReport,I139,"=-SUMIFS(Transactions!$J:$J,Transactions!$G:$G,YearlyReport!$A139,Transactions!$B:$B,"">=""&I$11,Transactions!$B:$B,""<=""&I$12)+SUMIFS(Transactions!$I:$I,Transactions!$G:$G,YearlyReport!$A139,Transactions!$B:$B,"">=""&I$11,Transactions!$B:$B,""<=""&I$12)",A139,
YearlyReport,J139,"=-SUMIFS(Transactions!$J:$J,Transactions!$G:$G,YearlyReport!$A139,Transactions!$B:$B,"">=""&J$11,Transactions!$B:$B,""<=""&J$12)+SUMIFS(Transactions!$I:$I,Transactions!$G:$G,YearlyReport!$A139,Transactions!$B:$B,"">=""&J$11,Transactions!$B:$B,""<=""&J$12)",A139,
YearlyReport,K139,"=-SUMIFS(Transactions!$J:$J,Transactions!$G:$G,YearlyReport!$A139,Transactions!$B:$B,"">=""&K$11,Transactions!$B:$B,""<=""&K$12)+SUMIFS(Transactions!$I:$I,Transactions!$G:$G,YearlyReport!$A139,Transactions!$B:$B,"">=""&K$11,Transactions!$B:$B,""<=""&K$12)",A139,
YearlyReport,L139,"=-SUMIFS(Transactions!$J:$J,Transactions!$G:$G,YearlyReport!$A139,Transactions!$B:$B,"">=""&L$11,Transactions!$B:$B,""<=""&L$12)+SUMIFS(Transactions!$I:$I,Transactions!$G:$G,YearlyReport!$A139,Transactions!$B:$B,"">=""&L$11,Transactions!$B:$B,""<=""&L$12)",A139,
YearlyReport,M139,"=-SUMIFS(Transactions!$J:$J,Transactions!$G:$G,YearlyReport!$A139,Transactions!$B:$B,"">=""&M$11,Transactions!$B:$B,""<=""&M$12)+SUMIFS(Transactions!$I:$I,Transactions!$G:$G,YearlyReport!$A139,Transactions!$B:$B,"">=""&M$11,Transactions!$B:$B,""<=""&M$12)",A139,
YearlyReport,N139,"=-SUMIFS(Transactions!$J:$J,Transactions!$G:$G,YearlyReport!$A139,Transactions!$B:$B,"">=""&N$11,Transactions!$B:$B,""<=""&N$12)+SUMIFS(Transactions!$I:$I,Transactions!$G:$G,YearlyReport!$A139,Transactions!$B:$B,"">=""&N$11,Transactions!$B:$B,""<=""&N$12)",A139,"YearlyReport!O139,YearlyReport!P139"
YearlyReport,O139,=SUM(C139:N139),"C139,N139",YearlyReport!P139
YearlyReport,P139,=O139/COLUMNS(C139:N139),"O139,C139,N139",
YearlyReport,A140, - ,,"YearlyReport!C140,YearlyReport!D140,YearlyReport!E140,YearlyReport!F140,YearlyReport!G140,YearlyReport!H140,YearlyReport!I140,YearlyReport!J140,YearlyReport!K140,YearlyReport!L140,YearlyReport!M140,YearlyReport!N140"
YearlyReport,B140,,,
YearlyReport,C140,"=-SUMIFS(Transactions!$J:$J,Transactions!$G:$G,YearlyReport!$A140,Transactions!$B:$B,"">=""&C$11,Transactions!$B:$B,""<=""&C$12)+SUMIFS(Transactions!$I:$I,Transactions!$G:$G,YearlyReport!$A140,Transactions!$B:$B,"">=""&C$11,Transactions!$B:$B,""<=""&C$12)",A140,"YearlyReport!O140,YearlyReport!P140"
YearlyReport,D140,"=-SUMIFS(Transactions!$J:$J,Transactions!$G:$G,YearlyReport!$A140,Transactions!$B:$B,"">=""&D$11,Transactions!$B:$B,""<=""&D$12)+SUMIFS(Transactions!$I:$I,Transactions!$G:$G,YearlyReport!$A140,Transactions!$B:$B,"">=""&D$11,Transactions!$B:$B,""<=""&D$12)",A140,
YearlyReport,E140,"=-SUMIFS(Transactions!$J:$J,Transactions!$G:$G,YearlyReport!$A140,Transactions!$B:$B,"">=""&E$11,Transactions!$B:$B,""<=""&E$12)+SUMIFS(Transactions!$I:$I,Transactions!$G:$G,YearlyReport!$A140,Transactions!$B:$B,"">=""&E$11,Transactions!$B:$B,""<=""&E$12)",A140,
YearlyReport,F140,"=-SUMIFS(Transactions!$J:$J,Transactions!$G:$G,YearlyReport!$A140,Transactions!$B:$B,"">=""&F$11,Transactions!$B:$B,""<=""&F$12)+SUMIFS(Transactions!$I:$I,Transactions!$G:$G,YearlyReport!$A140,Transactions!$B:$B,"">=""&F$11,Transactions!$B:$B,""<=""&F$12)",A140,
YearlyReport,G140,"=-SUMIFS(Transactions!$J:$J,Transactions!$G:$G,YearlyReport!$A140,Transactions!$B:$B,"">=""&G$11,Transactions!$B:$B,""<=""&G$12)+SUMIFS(Transactions!$I:$I,Transactions!$G:$G,YearlyReport!$A140,Transactions!$B:$B,"">=""&G$11,Transactions!$B:$B,""<=""&G$12)",A140,
YearlyReport,H140,"=-SUMIFS(Transactions!$J:$J,Transactions!$G:$G,YearlyReport!$A140,Transactions!$B:$B,"">=""&H$11,Transactions!$B:$B,""<=""&H$12)+SUMIFS(Transactions!$I:$I,Transactions!$G:$G,YearlyReport!$A140,Transactions!$B:$B,"">=""&H$11,Transactions!$B:$B,""<=""&H$12)",A140,
YearlyReport,I140,"=-SUMIFS(Transactions!$J:$J,Transactions!$G:$G,YearlyReport!$A140,Transactions!$B:$B,"">=""&I$11,Transactions!$B:$B,""<=""&I$12)+SUMIFS(Transactions!$I:$I,Transactions!$G:$G,YearlyReport!$A140,Transactions!$B:$B,"">=""&I$11,Transactions!$B:$B,""<=""&I$12)",A140,
YearlyReport,J140,"=-SUMIFS(Transactions!$J:$J,Transactions!$G:$G,YearlyReport!$A140,Transactions!$B:$B,"">=""&J$11,Transactions!$B:$B,""<=""&J$12)+SUMIFS(Transactions!$I:$I,Transactions!$G:$G,YearlyReport!$A140,Transactions!$B:$B,"">=""&J$11,Transactions!$B:$B,""<=""&J$12)",A140,
YearlyReport,K140,"=-SUMIFS(Transactions!$J:$J,Transactions!$G:$G,YearlyReport!$A140,Transactions!$B:$B,"">=""&K$11,Transactions!$B:$B,""<=""&K$12)+SUMIFS(Transactions!$I:$I,Transactions!$G:$G,YearlyReport!$A140,Transactions!$B:$B,"">=""&K$11,Transactions!$B:$B,""<=""&K$12)",A140,
YearlyReport,L140,"=-SUMIFS(Transactions!$J:$J,Transactions!$G:$G,YearlyReport!$A140,Transactions!$B:$B,"">=""&L$11,Transactions!$B:$B,""<=""&L$12)+SUMIFS(Transactions!$I:$I,Transactions!$G:$G,YearlyReport!$A140,Transactions!$B:$B,"">=""&L$11,Transactions!$B:$B,""<=""&L$12)",A140,
YearlyReport,M140,"=-SUMIFS(Transactions!$J:$J,Transactions!$G:$G,YearlyReport!$A140,Transactions!$B:$B,"">=""&M$11,Transactions!$B:$B,""<=""&M$12)+SUMIFS(Transactions!$I:$I,Transactions!$G:$G,YearlyReport!$A140,Transactions!$B:$B,"">=""&M$11,Transactions!$B:$B,""<=""&M$12)",A140,
YearlyReport,N140,"=-SUMIFS(Transactions!$J:$J,Transactions!$G:$G,YearlyReport!$A140,Transactions!$B:$B,"">=""&N$11,Transactions!$B:$B,""<=""&N$12)+SUMIFS(Transactions!$I:$I,Transactions!$G:$G,YearlyReport!$A140,Transactions!$B:$B,"">=""&N$11,Transactions!$B:$B,""<=""&N$12)",A140,"YearlyReport!O140,YearlyReport!P140"
YearlyReport,O140,=SUM(C140:N140),"C140,N140",YearlyReport!P140
YearlyReport,P140,=O140/COLUMNS(C140:N140),"O140,C140,N140",
YearlyReport,A141, - ,,"YearlyReport!C141,YearlyReport!D141,YearlyReport!E141,YearlyReport!F141,YearlyReport!G141,YearlyReport!H141,YearlyReport!I141,YearlyReport!J141,YearlyReport!K141,YearlyReport!L141,YearlyReport!M141,YearlyReport!N141"
YearlyReport,B141,,,
YearlyReport,C141,"=-SUMIFS(Transactions!$J:$J,Transactions!$G:$G,YearlyReport!$A141,Transactions!$B:$B,"">=""&C$11,Transactions!$B:$B,""<=""&C$12)+SUMIFS(Transactions!$I:$I,Transactions!$G:$G,YearlyReport!$A141,Transactions!$B:$B,"">=""&C$11,Transactions!$B:$B,""<=""&C$12)",A141,"YearlyReport!O141,YearlyReport!P141"
YearlyReport,D141,"=-SUMIFS(Transactions!$J:$J,Transactions!$G:$G,YearlyReport!$A141,Transactions!$B:$B,"">=""&D$11,Transactions!$B:$B,""<=""&D$12)+SUMIFS(Transactions!$I:$I,Transactions!$G:$G,YearlyReport!$A141,Transactions!$B:$B,"">=""&D$11,Transactions!$B:$B,""<=""&D$12)",A141,
YearlyReport,E141,"=-SUMIFS(Transactions!$J:$J,Transactions!$G:$G,YearlyReport!$A141,Transactions!$B:$B,"">=""&E$11,Transactions!$B:$B,""<=""&E$12)+SUMIFS(Transactions!$I:$I,Transactions!$G:$G,YearlyReport!$A141,Transactions!$B:$B,"">=""&E$11,Transactions!$B:$B,""<=""&E$12)",A141,
YearlyReport,F141,"=-SUMIFS(Transactions!$J:$J,Transactions!$G:$G,YearlyReport!$A141,Transactions!$B:$B,"">=""&F$11,Transactions!$B:$B,""<=""&F$12)+SUMIFS(Transactions!$I:$I,Transactions!$G:$G,YearlyReport!$A141,Transactions!$B:$B,"">=""&F$11,Transactions!$B:$B,""<=""&F$12)",A141,
YearlyReport,G141,"=-SUMIFS(Transactions!$J:$J,Transactions!$G:$G,YearlyReport!$A141,Transactions!$B:$B,"">=""&G$11,Transactions!$B:$B,""<=""&G$12)+SUMIFS(Transactions!$I:$I,Transactions!$G:$G,YearlyReport!$A141,Transactions!$B:$B,"">=""&G$11,Transactions!$B:$B,""<=""&G$12)",A141,
YearlyReport,H141,"=-SUMIFS(Transactions!$J:$J,Transactions!$G:$G,YearlyReport!$A141,Transactions!$B:$B,"">=""&H$11,Transactions!$B:$B,""<=""&H$12)+SUMIFS(Transactions!$I:$I,Transactions!$G:$G,YearlyReport!$A141,Transactions!$B:$B,"">=""&H$11,Transactions!$B:$B,""<=""&H$12)",A141,
YearlyReport,I141,"=-SUMIFS(Transactions!$J:$J,Transactions!$G:$G,YearlyReport!$A141,Transactions!$B:$B,"">=""&I$11,Transactions!$B:$B,""<=""&I$12)+SUMIFS(Transactions!$I:$I,Transactions!$G:$G,YearlyReport!$A141,Transactions!$B:$B,"">=""&I$11,Transactions!$B:$B,""<=""&I$12)",A141,
YearlyReport,J141,"=-SUMIFS(Transactions!$J:$J,Transactions!$G:$G,YearlyReport!$A141,Transactions!$B:$B,"">=""&J$11,Transactions!$B:$B,""<=""&J$12)+SUMIFS(Transactions!$I:$I,Transactions!$G:$G,YearlyReport!$A141,Transactions!$B:$B,"">=""&J$11,Transactions!$B:$B,""<=""&J$12)",A141,
YearlyReport,K141,"=-SUMIFS(Transactions!$J:$J,Transactions!$G:$G,YearlyReport!$A141,Transactions!$B:$B,"">=""&K$11,Transactions!$B:$B,""<=""&K$12)+SUMIFS(Transactions!$I:$I,Transactions!$G:$G,YearlyReport!$A141,Transactions!$B:$B,"">=""&K$11,Transactions!$B:$B,""<=""&K$12)",A141,
YearlyReport,L141,"=-SUMIFS(Transactions!$J:$J,Transactions!$G:$G,YearlyReport!$A141,Transactions!$B:$B,"">=""&L$11,Transactions!$B:$B,""<=""&L$12)+SUMIFS(Transactions!$I:$I,Transactions!$G:$G,YearlyReport!$A141,Transactions!$B:$B,"">=""&L$11,Transactions!$B:$B,""<=""&L$12)",A141,
YearlyReport,M141,"=-SUMIFS(Transactions!$J:$J,Transactions!$G:$G,YearlyReport!$A141,Transactions!$B:$B,"">=""&M$11,Transactions!$B:$B,""<=""&M$12)+SUMIFS(Transactions!$I:$I,Transactions!$G:$G,YearlyReport!$A141,Transactions!$B:$B,"">=""&M$11,Transactions!$B:$B,""<=""&M$12)",A141,
YearlyReport,N141,"=-SUMIFS(Transactions!$J:$J,Transactions!$G:$G,YearlyReport!$A141,Transactions!$B:$B,"">=""&N$11,Transactions!$B:$B,""<=""&N$12)+SUMIFS(Transactions!$I:$I,Transactions!$G:$G,YearlyReport!$A141,Transactions!$B:$B,"">=""&N$11,Transactions!$B:$B,""<=""&N$12)",A141,"YearlyReport!O141,YearlyReport!P141"
YearlyReport,O141,=SUM(C141:N141),"C141,N141",YearlyReport!P141
YearlyReport,P141,=O141/COLUMNS(C141:N141),"O141,C141,N141",
YearlyReport,A142, - ,,"YearlyReport!C142,YearlyReport!D142,YearlyReport!E142,YearlyReport!F142,YearlyReport!G142,YearlyReport!H142,YearlyReport!I142,YearlyReport!J142,YearlyReport!K142,YearlyReport!L142,YearlyReport!M142,YearlyReport!N142"
YearlyReport,B142,,,
YearlyReport,C142,"=-SUMIFS(Transactions!$J:$J,Transactions!$G:$G,YearlyReport!$A142,Transactions!$B:$B,"">=""&C$11,Transactions!$B:$B,""<=""&C$12)+SUMIFS(Transactions!$I:$I,Transactions!$G:$G,YearlyReport!$A142,Transactions!$B:$B,"">=""&C$11,Transactions!$B:$B,""<=""&C$12)",A142,"YearlyReport!O142,YearlyReport!P142"
YearlyReport,D142,"=-SUMIFS(Transactions!$J:$J,Transactions!$G:$G,YearlyReport!$A142,Transactions!$B:$B,"">=""&D$11,Transactions!$B:$B,""<=""&D$12)+SUMIFS(Transactions!$I:$I,Transactions!$G:$G,YearlyReport!$A142,Transactions!$B:$B,"">=""&D$11,Transactions!$B:$B,""<=""&D$12)",A142,
YearlyReport,E142,"=-SUMIFS(Transactions!$J:$J,Transactions!$G:$G,YearlyReport!$A142,Transactions!$B:$B,"">=""&E$11,Transactions!$B:$B,""<=""&E$12)+SUMIFS(Transactions!$I:$I,Transactions!$G:$G,YearlyReport!$A142,Transactions!$B:$B,"">=""&E$11,Transactions!$B:$B,""<=""&E$12)",A142,
YearlyReport,F142,"=-SUMIFS(Transactions!$J:$J,Transactions!$G:$G,YearlyReport!$A142,Transactions!$B:$B,"">=""&F$11,Transactions!$B:$B,""<=""&F$12)+SUMIFS(Transactions!$I:$I,Transactions!$G:$G,YearlyReport!$A142,Transactions!$B:$B,"">=""&F$11,Transactions!$B:$B,""<=""&F$12)",A142,
YearlyReport,G142,"=-SUMIFS(Transactions!$J:$J,Transactions!$G:$G,YearlyReport!$A142,Transactions!$B:$B,"">=""&G$11,Transactions!$B:$B,""<=""&G$12)+SUMIFS(Transactions!$I:$I,Transactions!$G:$G,YearlyReport!$A142,Transactions!$B:$B,"">=""&G$11,Transactions!$B:$B,""<=""&G$12)",A142,
YearlyReport,H142,"=-SUMIFS(Transactions!$J:$J,Transactions!$G:$G,YearlyReport!$A142,Transactions!$B:$B,"">=""&H$11,Transactions!$B:$B,""<=""&H$12)+SUMIFS(Transactions!$I:$I,Transactions!$G:$G,YearlyReport!$A142,Transactions!$B:$B,"">=""&H$11,Transactions!$B:$B,""<=""&H$12)",A142,
YearlyReport,I142,"=-SUMIFS(Transactions!$J:$J,Transactions!$G:$G,YearlyReport!$A142,Transactions!$B:$B,"">=""&I$11,Transactions!$B:$B,""<=""&I$12)+SUMIFS(Transactions!$I:$I,Transactions!$G:$G,YearlyReport!$A142,Transactions!$B:$B,"">=""&I$11,Transactions!$B:$B,""<=""&I$12)",A142,
YearlyReport,J142,"=-SUMIFS(Transactions!$J:$J,Transactions!$G:$G,YearlyReport!$A142,Transactions!$B:$B,"">=""&J$11,Transactions!$B:$B,""<=""&J$12)+SUMIFS(Transactions!$I:$I,Transactions!$G:$G,YearlyReport!$A142,Transactions!$B:$B,"">=""&J$11,Transactions!$B:$B,""<=""&J$12)",A142,
YearlyReport,K142,"=-SUMIFS(Transactions!$J:$J,Transactions!$G:$G,YearlyReport!$A142,Transactions!$B:$B,"">=""&K$11,Transactions!$B:$B,""<=""&K$12)+SUMIFS(Transactions!$I:$I,Transactions!$G:$G,YearlyReport!$A142,Transactions!$B:$B,"">=""&K$11,Transactions!$B:$B,""<=""&K$12)",A142,
YearlyReport,L142,"=-SUMIFS(Transactions!$J:$J,Transactions!$G:$G,YearlyReport!$A142,Transactions!$B:$B,"">=""&L$11,Transactions!$B:$B,""<=""&L$12)+SUMIFS(Transactions!$I:$I,Transactions!$G:$G,YearlyReport!$A142,Transactions!$B:$B,"">=""&L$11,Transactions!$B:$B,""<=""&L$12)",A142,
YearlyReport,M142,"=-SUMIFS(Transactions!$J:$J,Transactions!$G:$G,YearlyReport!$A142,Transactions!$B:$B,"">=""&M$11,Transactions!$B:$B,""<=""&M$12)+SUMIFS(Transactions!$I:$I,Transactions!$G:$G,YearlyReport!$A142,Transactions!$B:$B,"">=""&M$11,Transactions!$B:$B,""<=""&M$12)",A142,
YearlyReport,N142,"=-SUMIFS(Transactions!$J:$J,Transactions!$G:$G,YearlyReport!$A142,Transactions!$B:$B,"">=""&N$11,Transactions!$B:$B,""<=""&N$12)+SUMIFS(Transactions!$I:$I,Transactions!$G:$G,YearlyReport!$A142,Transactions!$B:$B,"">=""&N$11,Transactions!$B:$B,""<=""&N$12)",A142,"YearlyReport!O142,YearlyReport!P142"
YearlyReport,O142,=SUM(C142:N142),"C142,N142",YearlyReport!P142
YearlyReport,P142,=O142/COLUMNS(C142:N142),"O142,C142,N142",
YearlyReport,A143, - ,,"YearlyReport!C143,YearlyReport!D143,YearlyReport!E143,YearlyReport!F143,YearlyReport!G143,YearlyReport!H143,YearlyReport!I143,YearlyReport!J143,YearlyReport!K143,YearlyReport!L143,YearlyReport!M143,YearlyReport!N143"
YearlyReport,B143,,,
YearlyReport,C143,"=-SUMIFS(Transactions!$J:$J,Transactions!$G:$G,YearlyReport!$A143,Transactions!$B:$B,"">=""&C$11,Transactions!$B:$B,""<=""&C$12)+SUMIFS(Transactions!$I:$I,Transactions!$G:$G,YearlyReport!$A143,Transactions!$B:$B,"">=""&C$11,Transactions!$B:$B,""<=""&C$12)",A143,"YearlyReport!O143,YearlyReport!P143"
YearlyReport,D143,"=-SUMIFS(Transactions!$J:$J,Transactions!$G:$G,YearlyReport!$A143,Transactions!$B:$B,"">=""&D$11,Transactions!$B:$B,""<=""&D$12)+SUMIFS(Transactions!$I:$I,Transactions!$G:$G,YearlyReport!$A143,Transactions!$B:$B,"">=""&D$11,Transactions!$B:$B,""<=""&D$12)",A143,
YearlyReport,E143,"=-SUMIFS(Transactions!$J:$J,Transactions!$G:$G,YearlyReport!$A143,Transactions!$B:$B,"">=""&E$11,Transactions!$B:$B,""<=""&E$12)+SUMIFS(Transactions!$I:$I,Transactions!$G:$G,YearlyReport!$A143,Transactions!$B:$B,"">=""&E$11,Transactions!$B:$B,""<=""&E$12)",A143,
YearlyReport,F143,"=-SUMIFS(Transactions!$J:$J,Transactions!$G:$G,YearlyReport!$A143,Transactions!$B:$B,"">=""&F$11,Transactions!$B:$B,""<=""&F$12)+SUMIFS(Transactions!$I:$I,Transactions!$G:$G,YearlyReport!$A143,Transactions!$B:$B,"">=""&F$11,Transactions!$B:$B,""<=""&F$12)",A143,
YearlyReport,G143,"=-SUMIFS(Transactions!$J:$J,Transactions!$G:$G,YearlyReport!$A143,Transactions!$B:$B,"">=""&G$11,Transactions!$B:$B,""<=""&G$12)+SUMIFS(Transactions!$I:$I,Transactions!$G:$G,YearlyReport!$A143,Transactions!$B:$B,"">=""&G$11,Transactions!$B:$B,""<=""&G$12)",A143,
YearlyReport,H143,"=-SUMIFS(Transactions!$J:$J,Transactions!$G:$G,YearlyReport!$A143,Transactions!$B:$B,"">=""&H$11,Transactions!$B:$B,""<=""&H$12)+SUMIFS(Transactions!$I:$I,Transactions!$G:$G,YearlyReport!$A143,Transactions!$B:$B,"">=""&H$11,Transactions!$B:$B,""<=""&H$12)",A143,
YearlyReport,I143,"=-SUMIFS(Transactions!$J:$J,Transactions!$G:$G,YearlyReport!$A143,Transactions!$B:$B,"">=""&I$11,Transactions!$B:$B,""<=""&I$12)+SUMIFS(Transactions!$I:$I,Transactions!$G:$G,YearlyReport!$A143,Transactions!$B:$B,"">=""&I$11,Transactions!$B:$B,""<=""&I$12)",A143,
YearlyReport,J143,"=-SUMIFS(Transactions!$J:$J,Transactions!$G:$G,YearlyReport!$A143,Transactions!$B:$B,"">=""&J$11,Transactions!$B:$B,""<=""&J$12)+SUMIFS(Transactions!$I:$I,Transactions!$G:$G,YearlyReport!$A143,Transactions!$B:$B,"">=""&J$11,Transactions!$B:$B,""<=""&J$12)",A143,
YearlyReport,K143,"=-SUMIFS(Transactions!$J:$J,Transactions!$G:$G,YearlyReport!$A143,Transactions!$B:$B,"">=""&K$11,Transactions!$B:$B,""<=""&K$12)+SUMIFS(Transactions!$I:$I,Transactions!$G:$G,YearlyReport!$A143,Transactions!$B:$B,"">=""&K$11,Transactions!$B:$B,""<=""&K$12)",A143,
YearlyReport,L143,"=-SUMIFS(Transactions!$J:$J,Transactions!$G:$G,YearlyReport!$A143,Transactions!$B:$B,"">=""&L$11,Transactions!$B:$B,""<=""&L$12)+SUMIFS(Transactions!$I:$I,Transactions!$G:$G,YearlyReport!$A143,Transactions!$B:$B,"">=""&L$11,Transactions!$B:$B,""<=""&L$12)",A143,
YearlyReport,M143,"=-SUMIFS(Transactions!$J:$J,Transactions!$G:$G,YearlyReport!$A143,Transactions!$B:$B,"">=""&M$11,Transactions!$B:$B,""<=""&M$12)+SUMIFS(Transactions!$I:$I,Transactions!$G:$G,YearlyReport!$A143,Transactions!$B:$B,"">=""&M$11,Transactions!$B:$B,""<=""&M$12)",A143,
YearlyReport,N143,"=-SUMIFS(Transactions!$J:$J,Transactions!$G:$G,YearlyReport!$A143,Transactions!$B:$B,"">=""&N$11,Transactions!$B:$B,""<=""&N$12)+SUMIFS(Transactions!$I:$I,Transactions!$G:$G,YearlyReport!$A143,Transactions!$B:$B,"">=""&N$11,Transactions!$B:$B,""<=""&N$12)",A143,"YearlyReport!O143,YearlyReport!P143"
YearlyReport,O143,=SUM(C143:N143),"C143,N143",YearlyReport!P143
YearlyReport,P143,=O143/COLUMNS(C143:N143),"O143,C143,N143",
YearlyReport,A144, - ,,"YearlyReport!C144,YearlyReport!D144,YearlyReport!E144,YearlyReport!F144,YearlyReport!G144,YearlyReport!H144,YearlyReport!I144,YearlyReport!J144,YearlyReport!K144,YearlyReport!L144,YearlyReport!M144,YearlyReport!N144"
YearlyReport,B144,,,
YearlyReport,C144,"=-SUMIFS(Transactions!$J:$J,Transactions!$G:$G,YearlyReport!$A144,Transactions!$B:$B,"">=""&C$11,Transactions!$B:$B,""<=""&C$12)+SUMIFS(Transactions!$I:$I,Transactions!$G:$G,YearlyReport!$A144,Transactions!$B:$B,"">=""&C$11,Transactions!$B:$B,""<=""&C$12)",A144,"YearlyReport!O144,YearlyReport!P144"
YearlyReport,D144,"=-SUMIFS(Transactions!$J:$J,Transactions!$G:$G,YearlyReport!$A144,Transactions!$B:$B,"">=""&D$11,Transactions!$B:$B,""<=""&D$12)+SUMIFS(Transactions!$I:$I,Transactions!$G:$G,YearlyReport!$A144,Transactions!$B:$B,"">=""&D$11,Transactions!$B:$B,""<=""&D$12)",A144,
YearlyReport,E144,"=-SUMIFS(Transactions!$J:$J,Transactions!$G:$G,YearlyReport!$A144,Transactions!$B:$B,"">=""&E$11,Transactions!$B:$B,""<=""&E$12)+SUMIFS(Transactions!$I:$I,Transactions!$G:$G,YearlyReport!$A144,Transactions!$B:$B,"">=""&E$11,Transactions!$B:$B,""<=""&E$12)",A144,
YearlyReport,F144,"=-SUMIFS(Transactions!$J:$J,Transactions!$G:$G,YearlyReport!$A144,Transactions!$B:$B,"">=""&F$11,Transactions!$B:$B,""<=""&F$12)+SUMIFS(Transactions!$I:$I,Transactions!$G:$G,YearlyReport!$A144,Transactions!$B:$B,"">=""&F$11,Transactions!$B:$B,""<=""&F$12)",A144,
YearlyReport,G144,"=-SUMIFS(Transactions!$J:$J,Transactions!$G:$G,YearlyReport!$A144,Transactions!$B:$B,"">=""&G$11,Transactions!$B:$B,""<=""&G$12)+SUMIFS(Transactions!$I:$I,Transactions!$G:$G,YearlyReport!$A144,Transactions!$B:$B,"">=""&G$11,Transactions!$B:$B,""<=""&G$12)",A144,
YearlyReport,H144,"=-SUMIFS(Transactions!$J:$J,Transactions!$G:$G,YearlyReport!$A144,Transactions!$B:$B,"">=""&H$11,Transactions!$B:$B,""<=""&H$12)+SUMIFS(Transactions!$I:$I,Transactions!$G:$G,YearlyReport!$A144,Transactions!$B:$B,"">=""&H$11,Transactions!$B:$B,""<=""&H$12)",A144,
YearlyReport,I144,"=-SUMIFS(Transactions!$J:$J,Transactions!$G:$G,YearlyReport!$A144,Transactions!$B:$B,"">=""&I$11,Transactions!$B:$B,""<=""&I$12)+SUMIFS(Transactions!$I:$I,Transactions!$G:$G,YearlyReport!$A144,Transactions!$B:$B,"">=""&I$11,Transactions!$B:$B,""<=""&I$12)",A144,
YearlyReport,J144,"=-SUMIFS(Transactions!$J:$J,Transactions!$G:$G,YearlyReport!$A144,Transactions!$B:$B,"">=""&J$11,Transactions!$B:$B,""<=""&J$12)+SUMIFS(Transactions!$I:$I,Transactions!$G:$G,YearlyReport!$A144,Transactions!$B:$B,"">=""&J$11,Transactions!$B:$B,""<=""&J$12)",A144,
YearlyReport,K144,"=-SUMIFS(Transactions!$J:$J,Transactions!$G:$G,YearlyReport!$A144,Transactions!$B:$B,"">=""&K$11,Transactions!$B:$B,""<=""&K$12)+SUMIFS(Transactions!$I:$I,Transactions!$G:$G,YearlyReport!$A144,Transactions!$B:$B,"">=""&K$11,Transactions!$B:$B,""<=""&K$12)",A144,
YearlyReport,L144,"=-SUMIFS(Transactions!$J:$J,Transactions!$G:$G,YearlyReport!$A144,Transactions!$B:$B,"">=""&L$11,Transactions!$B:$B,""<=""&L$12)+SUMIFS(Transactions!$I:$I,Transactions!$G:$G,YearlyReport!$A144,Transactions!$B:$B,"">=""&L$11,Transactions!$B:$B,""<=""&L$12)",A144,
YearlyReport,M144,"=-SUMIFS(Transactions!$J:$J,Transactions!$G:$G,YearlyReport!$A144,Transactions!$B:$B,"">=""&M$11,Transactions!$B:$B,""<=""&M$12)+SUMIFS(Transactions!$I:$I,Transactions!$G:$G,YearlyReport!$A144,Transactions!$B:$B,"">=""&M$11,Transactions!$B:$B,""<=""&M$12)",A144,
YearlyReport,N144,"=-SUMIFS(Transactions!$J:$J,Transactions!$G:$G,YearlyReport!$A144,Transactions!$B:$B,"">=""&N$11,Transactions!$B:$B,""<=""&N$12)+SUMIFS(Transactions!$I:$I,Transactions!$G:$G,YearlyReport!$A144,Transactions!$B:$B,"">=""&N$11,Transactions!$B:$B,""<=""&N$12)",A144,"YearlyReport!O144,YearlyReport!P144"
YearlyReport,O144,=SUM(C144:N144),"C144,N144",YearlyReport!P144
YearlyReport,P144,=O144/COLUMNS(C144:N144),"O144,C144,N144",
YearlyReport,A145, - ,,"YearlyReport!C145,YearlyReport!D145,YearlyReport!E145,YearlyReport!F145,YearlyReport!G145,YearlyReport!H145,YearlyReport!I145,YearlyReport!J145,YearlyReport!K145,YearlyReport!L145,YearlyReport!M145,YearlyReport!N145"
YearlyReport,B145,,,
YearlyReport,C145,"=-SUMIFS(Transactions!$J:$J,Transactions!$G:$G,YearlyReport!$A145,Transactions!$B:$B,"">=""&C$11,Transactions!$B:$B,""<=""&C$12)+SUMIFS(Transactions!$I:$I,Transactions!$G:$G,YearlyReport!$A145,Transactions!$B:$B,"">=""&C$11,Transactions!$B:$B,""<=""&C$12)",A145,"YearlyReport!O145,YearlyReport!P145"
YearlyReport,D145,"=-SUMIFS(Transactions!$J:$J,Transactions!$G:$G,YearlyReport!$A145,Transactions!$B:$B,"">=""&D$11,Transactions!$B:$B,""<=""&D$12)+SUMIFS(Transactions!$I:$I,Transactions!$G:$G,YearlyReport!$A145,Transactions!$B:$B,"">=""&D$11,Transactions!$B:$B,""<=""&D$12)",A145,
YearlyReport,E145,"=-SUMIFS(Transactions!$J:$J,Transactions!$G:$G,YearlyReport!$A145,Transactions!$B:$B,"">=""&E$11,Transactions!$B:$B,""<=""&E$12)+SUMIFS(Transactions!$I:$I,Transactions!$G:$G,YearlyReport!$A145,Transactions!$B:$B,"">=""&E$11,Transactions!$B:$B,""<=""&E$12)",A145,
YearlyReport,F145,"=-SUMIFS(Transactions!$J:$J,Transactions!$G:$G,YearlyReport!$A145,Transactions!$B:$B,"">=""&F$11,Transactions!$B:$B,""<=""&F$12)+SUMIFS(Transactions!$I:$I,Transactions!$G:$G,YearlyReport!$A145,Transactions!$B:$B,"">=""&F$11,Transactions!$B:$B,""<=""&F$12)",A145,
YearlyReport,G145,"=-SUMIFS(Transactions!$J:$J,Transactions!$G:$G,YearlyReport!$A145,Transactions!$B:$B,"">=""&G$11,Transactions!$B:$B,""<=""&G$12)+SUMIFS(Transactions!$I:$I,Transactions!$G:$G,YearlyReport!$A145,Transactions!$B:$B,"">=""&G$11,Transactions!$B:$B,""<=""&G$12)",A145,
YearlyReport,H145,"=-SUMIFS(Transactions!$J:$J,Transactions!$G:$G,YearlyReport!$A145,Transactions!$B:$B,"">=""&H$11,Transactions!$B:$B,""<=""&H$12)+SUMIFS(Transactions!$I:$I,Transactions!$G:$G,YearlyReport!$A145,Transactions!$B:$B,"">=""&H$11,Transactions!$B:$B,""<=""&H$12)",A145,
YearlyReport,I145,"=-SUMIFS(Transactions!$J:$J,Transactions!$G:$G,YearlyReport!$A145,Transactions!$B:$B,"">=""&I$11,Transactions!$B:$B,""<=""&I$12)+SUMIFS(Transactions!$I:$I,Transactions!$G:$G,YearlyReport!$A145,Transactions!$B:$B,"">=""&I$11,Transactions!$B:$B,""<=""&I$12)",A145,
YearlyReport,J145,"=-SUMIFS(Transactions!$J:$J,Transactions!$G:$G,YearlyReport!$A145,Transactions!$B:$B,"">=""&J$11,Transactions!$B:$B,""<=""&J$12)+SUMIFS(Transactions!$I:$I,Transactions!$G:$G,YearlyReport!$A145,Transactions!$B:$B,"">=""&J$11,Transactions!$B:$B,""<=""&J$12)",A145,
YearlyReport,K145,"=-SUMIFS(Transactions!$J:$J,Transactions!$G:$G,YearlyReport!$A145,Transactions!$B:$B,"">=""&K$11,Transactions!$B:$B,""<=""&K$12)+SUMIFS(Transactions!$I:$I,Transactions!$G:$G,YearlyReport!$A145,Transactions!$B:$B,"">=""&K$11,Transactions!$B:$B,""<=""&K$12)",A145,
YearlyReport,L145,"=-SUMIFS(Transactions!$J:$J,Transactions!$G:$G,YearlyReport!$A145,Transactions!$B:$B,"">=""&L$11,Transactions!$B:$B,""<=""&L$12)+SUMIFS(Transactions!$I:$I,Transactions!$G:$G,YearlyReport!$A145,Transactions!$B:$B,"">=""&L$11,Transactions!$B:$B,""<=""&L$12)",A145,
YearlyReport,M145,"=-SUMIFS(Transactions!$J:$J,Transactions!$G:$G,YearlyReport!$A145,Transactions!$B:$B,"">=""&M$11,Transactions!$B:$B,""<=""&M$12)+SUMIFS(Transactions!$I:$I,Transactions!$G:$G,YearlyReport!$A145,Transactions!$B:$B,"">=""&M$11,Transactions!$B:$B,""<=""&M$12)",A145,
YearlyReport,N145,"=-SUMIFS(Transactions!$J:$J,Transactions!$G:$G,YearlyReport!$A145,Transactions!$B:$B,"">=""&N$11,Transactions!$B:$B,""<=""&N$12)+SUMIFS(Transactions!$I:$I,Transactions!$G:$G,YearlyReport!$A145,Transactions!$B:$B,"">=""&N$11,Transactions!$B:$B,""<=""&N$12)",A145,"YearlyReport!O145,YearlyReport!P145"
YearlyReport,O145,=SUM(C145:N145),"C145,N145",YearlyReport!P145
YearlyReport,P145,=O145/COLUMNS(C145:N145),"O145,C145,N145",
YearlyReport,A146, - ,,"YearlyReport!C146,YearlyReport!D146,YearlyReport!E146,YearlyReport!F146,YearlyReport!G146,YearlyReport!H146,YearlyReport!I146,YearlyReport!J146,YearlyReport!K146,YearlyReport!L146,YearlyReport!M146,YearlyReport!N146"
YearlyReport,B146,,,
YearlyReport,C146,"=-SUMIFS(Transactions!$J:$J,Transactions!$G:$G,YearlyReport!$A146,Transactions!$B:$B,"">=""&C$11,Transactions!$B:$B,""<=""&C$12)+SUMIFS(Transactions!$I:$I,Transactions!$G:$G,YearlyReport!$A146,Transactions!$B:$B,"">=""&C$11,Transactions!$B:$B,""<=""&C$12)",A146,"YearlyReport!O146,YearlyReport!P146"
YearlyReport,D146,"=-SUMIFS(Transactions!$J:$J,Transactions!$G:$G,YearlyReport!$A146,Transactions!$B:$B,"">=""&D$11,Transactions!$B:$B,""<=""&D$12)+SUMIFS(Transactions!$I:$I,Transactions!$G:$G,YearlyReport!$A146,Transactions!$B:$B,"">=""&D$11,Transactions!$B:$B,""<=""&D$12)",A146,
YearlyReport,E146,"=-SUMIFS(Transactions!$J:$J,Transactions!$G:$G,YearlyReport!$A146,Transactions!$B:$B,"">=""&E$11,Transactions!$B:$B,""<=""&E$12)+SUMIFS(Transactions!$I:$I,Transactions!$G:$G,YearlyReport!$A146,Transactions!$B:$B,"">=""&E$11,Transactions!$B:$B,""<=""&E$12)",A146,
YearlyReport,F146,"=-SUMIFS(Transactions!$J:$J,Transactions!$G:$G,YearlyReport!$A146,Transactions!$B:$B,"">=""&F$11,Transactions!$B:$B,""<=""&F$12)+SUMIFS(Transactions!$I:$I,Transactions!$G:$G,YearlyReport!$A146,Transactions!$B:$B,"">=""&F$11,Transactions!$B:$B,""<=""&F$12)",A146,
YearlyReport,G146,"=-SUMIFS(Transactions!$J:$J,Transactions!$G:$G,YearlyReport!$A146,Transactions!$B:$B,"">=""&G$11,Transactions!$B:$B,""<=""&G$12)+SUMIFS(Transactions!$I:$I,Transactions!$G:$G,YearlyReport!$A146,Transactions!$B:$B,"">=""&G$11,Transactions!$B:$B,""<=""&G$12)",A146,
YearlyReport,H146,"=-SUMIFS(Transactions!$J:$J,Transactions!$G:$G,YearlyReport!$A146,Transactions!$B:$B,"">=""&H$11,Transactions!$B:$B,""<=""&H$12)+SUMIFS(Transactions!$I:$I,Transactions!$G:$G,YearlyReport!$A146,Transactions!$B:$B,"">=""&H$11,Transactions!$B:$B,""<=""&H$12)",A146,
YearlyReport,I146,"=-SUMIFS(Transactions!$J:$J,Transactions!$G:$G,YearlyReport!$A146,Transactions!$B:$B,"">=""&I$11,Transactions!$B:$B,""<=""&I$12)+SUMIFS(Transactions!$I:$I,Transactions!$G:$G,YearlyReport!$A146,Transactions!$B:$B,"">=""&I$11,Transactions!$B:$B,""<=""&I$12)",A146,
YearlyReport,J146,"=-SUMIFS(Transactions!$J:$J,Transactions!$G:$G,YearlyReport!$A146,Transactions!$B:$B,"">=""&J$11,Transactions!$B:$B,""<=""&J$12)+SUMIFS(Transactions!$I:$I,Transactions!$G:$G,YearlyReport!$A146,Transactions!$B:$B,"">=""&J$11,Transactions!$B:$B,""<=""&J$12)",A146,
YearlyReport,K146,"=-SUMIFS(Transactions!$J:$J,Transactions!$G:$G,YearlyReport!$A146,Transactions!$B:$B,"">=""&K$11,Transactions!$B:$B,""<=""&K$12)+SUMIFS(Transactions!$I:$I,Transactions!$G:$G,YearlyReport!$A146,Transactions!$B:$B,"">=""&K$11,Transactions!$B:$B,""<=""&K$12)",A146,
YearlyReport,L146,"=-SUMIFS(Transactions!$J:$J,Transactions!$G:$G,YearlyReport!$A146,Transactions!$B:$B,"">=""&L$11,Transactions!$B:$B,""<=""&L$12)+SUMIFS(Transactions!$I:$I,Transactions!$G:$G,YearlyReport!$A146,Transactions!$B:$B,"">=""&L$11,Transactions!$B:$B,""<=""&L$12)",A146,
YearlyReport,M146,"=-SUMIFS(Transactions!$J:$J,Transactions!$G:$G,YearlyReport!$A146,Transactions!$B:$B,"">=""&M$11,Transactions!$B:$B,""<=""&M$12)+SUMIFS(Transactions!$I:$I,Transactions!$G:$G,YearlyReport!$A146,Transactions!$B:$B,"">=""&M$11,Transactions!$B:$B,""<=""&M$12)",A146,
YearlyReport,N146,"=-SUMIFS(Transactions!$J:$J,Transactions!$G:$G,YearlyReport!$A146,Transactions!$B:$B,"">=""&N$11,Transactions!$B:$B,""<=""&N$12)+SUMIFS(Transactions!$I:$I,Transactions!$G:$G,YearlyReport!$A146,Transactions!$B:$B,"">=""&N$11,Transactions!$B:$B,""<=""&N$12)",A146,"YearlyReport!O146,YearlyReport!P146"
YearlyReport,O146,=SUM(C146:N146),"C146,N146",YearlyReport!P146
YearlyReport,P146,=O146/COLUMNS(C146:N146),"O146,C146,N146",
YearlyReport,A147, - ,,"YearlyReport!C147,YearlyReport!D147,YearlyReport!E147,YearlyReport!F147,YearlyReport!G147,YearlyReport!H147,YearlyReport!I147,YearlyReport!J147,YearlyReport!K147,YearlyReport!L147,YearlyReport!M147,YearlyReport!N147"
YearlyReport,B147,,,
YearlyReport,C147,"=-SUMIFS(Transactions!$J:$J,Transactions!$G:$G,YearlyReport!$A147,Transactions!$B:$B,"">=""&C$11,Transactions!$B:$B,""<=""&C$12)+SUMIFS(Transactions!$I:$I,Transactions!$G:$G,YearlyReport!$A147,Transactions!$B:$B,"">=""&C$11,Transactions!$B:$B,""<=""&C$12)",A147,"YearlyReport!O147,YearlyReport!P147,YearlyReport!C148"
YearlyReport,D147,"=-SUMIFS(Transactions!$J:$J,Transactions!$G:$G,YearlyReport!$A147,Transactions!$B:$B,"">=""&D$11,Transactions!$B:$B,""<=""&D$12)+SUMIFS(Transactions!$I:$I,Transactions!$G:$G,YearlyReport!$A147,Transactions!$B:$B,"">=""&D$11,Transactions!$B:$B,""<=""&D$12)",A147,YearlyReport!D148
YearlyReport,E147,"=-SUMIFS(Transactions!$J:$J,Transactions!$G:$G,YearlyReport!$A147,Transactions!$B:$B,"">=""&E$11,Transactions!$B:$B,""<=""&E$12)+SUMIFS(Transactions!$I:$I,Transactions!$G:$G,YearlyReport!$A147,Transactions!$B:$B,"">=""&E$11,Transactions!$B:$B,""<=""&E$12)",A147,YearlyReport!E148
YearlyReport,F147,"=-SUMIFS(Transactions!$J:$J,Transactions!$G:$G,YearlyReport!$A147,Transactions!$B:$B,"">=""&F$11,Transactions!$B:$B,""<=""&F$12)+SUMIFS(Transactions!$I:$I,Transactions!$G:$G,YearlyReport!$A147,Transactions!$B:$B,"">=""&F$11,Transactions!$B:$B,""<=""&F$12)",A147,YearlyReport!F148
YearlyReport,G147,"=-SUMIFS(Transactions!$J:$J,Transactions!$G:$G,YearlyReport!$A147,Transactions!$B:$B,"">=""&G$11,Transactions!$B:$B,""<=""&G$12)+SUMIFS(Transactions!$I:$I,Transactions!$G:$G,YearlyReport!$A147,Transactions!$B:$B,"">=""&G$11,Transactions!$B:$B,""<=""&G$12)",A147,YearlyReport!G148
YearlyReport,H147,"=-SUMIFS(Transactions!$J:$J,Transactions!$G:$G,YearlyReport!$A147,Transactions!$B:$B,"">=""&H$11,Transactions!$B:$B,""<=""&H$12)+SUMIFS(Transactions!$I:$I,Transactions!$G:$G,YearlyReport!$A147,Transactions!$B:$B,"">=""&H$11,Transactions!$B:$B,""<=""&H$12)",A147,YearlyReport!H148
YearlyReport,I147,"=-SUMIFS(Transactions!$J:$J,Transactions!$G:$G,YearlyReport!$A147,Transactions!$B:$B,"">=""&I$11,Transactions!$B:$B,""<=""&I$12)+SUMIFS(Transactions!$I:$I,Transactions!$G:$G,YearlyReport!$A147,Transactions!$B:$B,"">=""&I$11,Transactions!$B:$B,""<=""&I$12)",A147,YearlyReport!I148
YearlyReport,J147,"=-SUMIFS(Transactions!$J:$J,Transactions!$G:$G,YearlyReport!$A147,Transactions!$B:$B,"">=""&J$11,Transactions!$B:$B,""<=""&J$12)+SUMIFS(Transactions!$I:$I,Transactions!$G:$G,YearlyReport!$A147,Transactions!$B:$B,"">=""&J$11,Transactions!$B:$B,""<=""&J$12)",A147,YearlyReport!J148
YearlyReport,K147,"=-SUMIFS(Transactions!$J:$J,Transactions!$G:$G,YearlyReport!$A147,Transactions!$B:$B,"">=""&K$11,Transactions!$B:$B,""<=""&K$12)+SUMIFS(Transactions!$I:$I,Transactions!$G:$G,YearlyReport!$A147,Transactions!$B:$B,"">=""&K$11,Transactions!$B:$B,""<=""&K$12)",A147,YearlyReport!K148
YearlyReport,L147,"=-SUMIFS(Transactions!$J:$J,Transactions!$G:$G,YearlyReport!$A147,Transactions!$B:$B,"">=""&L$11,Transactions!$B:$B,""<=""&L$12)+SUMIFS(Transactions!$I:$I,Transactions!$G:$G,YearlyReport!$A147,Transactions!$B:$B,"">=""&L$11,Transactions!$B:$B,""<=""&L$12)",A147,YearlyReport!L148
YearlyReport,M147,"=-SUMIFS(Transactions!$J:$J,Transactions!$G:$G,YearlyReport!$A147,Transactions!$B:$B,"">=""&M$11,Transactions!$B:$B,""<=""&M$12)+SUMIFS(Transactions!$I:$I,Transactions!$G:$G,YearlyReport!$A147,Transactions!$B:$B,"">=""&M$11,Transactions!$B:$B,""<=""&M$12)",A147,YearlyReport!M148
YearlyReport,N147,"=-SUMIFS(Transactions!$J:$J,Transactions!$G:$G,YearlyReport!$A147,Transactions!$B:$B,"">=""&N$11,Transactions!$B:$B,""<=""&N$12)+SUMIFS(Transactions!$I:$I,Transactions!$G:$G,YearlyReport!$A147,Transactions!$B:$B,"">=""&N$11,Transactions!$B:$B,""<=""&N$12)",A147,"YearlyReport!O147,YearlyReport!P147,YearlyReport!N148"
YearlyReport,O147,=SUM(C147:N147),"C147,N147","YearlyReport!P147,YearlyReport!O148"
YearlyReport,P147,=O147/COLUMNS(C147:N147),"O147,C147,N147",YearlyReport!P148
YearlyReport,A148,,,
YearlyReport,B148,Total Expenses,,
YearlyReport,C148,=SUM(C47:C147),"C47,C147",YearlyReport!C6
YearlyReport,D148,=SUM(D47:D147),"D47,D147",YearlyReport!D6
YearlyReport,E148,=SUM(E47:E147),"E47,E147",YearlyReport!E6
YearlyReport,F148,=SUM(F47:F147),"F47,F147",YearlyReport!F6
YearlyReport,G148,=SUM(G47:G147),"G47,G147",YearlyReport!G6
YearlyReport,H148,=SUM(H47:H147),"H47,H147",YearlyReport!H6
YearlyReport,I148,=SUM(I47:I147),"I47,I147",YearlyReport!I6
YearlyReport,J148,=SUM(J47:J147),"J47,J147",YearlyReport!J6
YearlyReport,K148,=SUM(K47:K147),"K47,K147",YearlyReport!K6
YearlyReport,L148,=SUM(L47:L147),"L47,L147",YearlyReport!L6
YearlyReport,M148,=SUM(M47:M147),"M47,M147",YearlyReport!M6
YearlyReport,N148,=SUM(N47:N147),"N47,N147",YearlyReport!N6
YearlyReport,O148,=SUM(O47:O147),"O47,O147",
YearlyReport,P148,=SUM(P47:P147),"P47,P147",
Weekly,A1,WEEKLY BUDGET REPORT,,
Weekly,B1,,,
Weekly,C1,,,
Weekly,D1,,,
Weekly,E1,,,
Weekly,F1,,,
Weekly,G1,,,
Weekly,I1,,,
Weekly,K1,,,
Weekly,A2,HELP,,
Weekly,B2,,,
Weekly,C2,,,
Weekly,D2,,,
Weekly,E2,,,
Weekly,F2,© 2010-2019 Vertex42 LLC,,
Weekly,G2,,,
Weekly,I2, See the Help worksheet for more instructions.,,
Weekly,A3,,,
Weekly,F3,,,
Weekly,G3,,,
Weekly,I3,,,
Weekly,A4,Week Begins,,
Weekly,B4,2019-01-07 00:00:00,,Weekly!F4
Weekly,C4,,,
Weekly,E4,Begin:,,
Weekly,F4,=B4,B4,
Weekly,G4,,,
Weekly,H4,"=B5=""Yes""",B5,
Weekly,I4,Instructions,,
Weekly,K4,,,
Weekly,A5,Weekly or BiWeekly,,
Weekly,B5,Weekly,,"Weekly!H4,Weekly!F5"
Weekly,C5,,,
Weekly,E5,End:,,
Weekly,F5,"=IF(B5=""Weekly"",date_begin+6,date_begin+13)",B5,
Weekly,G5,,,
Weekly,H5,,,
Weekly,I5,This worksheet lets you define a weekly budget and,,
Weekly,K5,,,
Weekly,G6,,,
Weekly,I6,compares your Budget and Actual based on the Begin,,
Weekly,K6,,,
Weekly,I7,and End dates shown in the header.,,
Weekly,K7,,,
Weekly,A8,BUDGET SUMMARY,,
Weekly,B8,,,
Weekly,C8,,,
Weekly,D8,,,
Weekly,E8,,,
Weekly,F8,,,
Weekly,G8,,,
Weekly,H8,,,
Weekly,I8,,,
Weekly,J8,,,
Weekly,A9,,,
Weekly,B9,Budget,,
Weekly,C9,,,
Weekly,D9,Actual,,
Weekly,E9,,,
Weekly,F9,Difference,,
Weekly,G9,,,
Weekly,I9,1. Define a Weekly Budget by entering your budget ,,
Weekly,K9,,,
Weekly,A10,Total Income,,
Weekly,B10,=B54,B54,"Weekly!F10,Weekly!B12"
Weekly,C10,,,
Weekly,D10,=D54,D54,"Weekly!F10,Weekly!D12"
Weekly,E10,,,
Weekly,F10,=D10-B10,"D10,B10",
Weekly,G10,,,
Weekly,I10,amounts in column B. You can define either a weekly ,,
Weekly,K10,,,
Weekly,A11,Total Expenses,,
Weekly,B11,=B157,B157,"Weekly!F11,Weekly!B12"
Weekly,C11,,,
Weekly,D11,=D157,D157,"Weekly!F11,Weekly!D12"
Weekly,E11,,,
Weekly,F11,=B11-D11,"B11,D11",
Weekly,G11,,,
Weekly,I11,budget OR a biweekly budget.,,
Weekly,K11,,,
Weekly,A12,NET,,
Weekly,B12,=B10-B11,"B10,B11",Weekly!F12
Weekly,C12,,,
Weekly,D12,=D10-D11,"D10,D11",Weekly!F12
Weekly,E12,,,
Weekly,F12,=D12-B12,"D12,B12",
Weekly,G12,,,
Weekly,K12,,,
Weekly,I13,2. Update the Week Begins value to compare your budget,,
Weekly,K13,,,
Weekly,I14,to your actual income and expenses a specific date range.,,
Weekly,K14,,,
Weekly,K15,,,
Weekly,I16,,,
Weekly,K16,,,
Weekly,I17,"Note: The ""Weekly or BiWeekly"" option only changes the",,
Weekly,I18,"Begin and End dates in the header, and therefore affects",,
Weekly,I19,only the amounts in the Actual column. If you define your,,
Weekly,I20,"Budget amounts based on Weekly, changing to BiWeekly",,
Weekly,I21,won't automatically change your Budget amounts.,,
Weekly,A23,INCOME,,Weekly!A54
Weekly,B23,Budget,,Weekly!B54
Weekly,C23,,,
Weekly,D23,Actual,,Weekly!D54
Weekly,E23,,,
Weekly,F23,Difference,,
Weekly,G23,,,
Weekly,I23,,,
Weekly,K23,,,
Weekly,A24,<openpyxl.worksheet.formula.ArrayFormula object at 0xffff8d143bb0>,,Weekly!D24
Weekly,B24,,,"Weekly!C24,Weekly!F24"
Weekly,C24,"=IF($B$54=0,"" - "",B24/$B$54)",B24,
Weekly,D24,"=IF(A24="" - "",0,SUMIFS(Transactions!$J:$J,Transactions!$G:$G,A24,Transactions!$B:$B,"">=""&date_begin,Transactions!$B:$B,""<=""&date_end)-SUMIFS(Transactions!$I:$I,Transactions!$G:$G,A24,Transactions!$B:$B,"">=""&date_begin,Transactions!$B:$B,""<=""&date_end))",A24,"Weekly!E24,Weekly!F24"
Weekly,E24,"=IF($D$54=0,"" - "",D24/$D$54)",D24,
Weekly,F24,=D24-B24,"D24,B24",
Weekly,G24,,,
Weekly,I24,,,
Weekly,A25,Financial Aid,,Weekly!D25
Weekly,B25,,,"Weekly!C25,Weekly!F25"
Weekly,C25,"=IF($B$54=0,"" - "",B25/$B$54)",B25,
Weekly,D25,"=IF(A25="" - "",0,SUMIFS(Transactions!$J:$J,Transactions!$G:$G,A25,Transactions!$B:$B,"">=""&date_begin,Transactions!$B:$B,""<=""&date_end)-SUMIFS(Transactions!$I:$I,Transactions!$G:$G,A25,Transactions!$B:$B,"">=""&date_begin,Transactions!$B:$B,""<=""&date_end))",A25,"Weekly!E25,Weekly!F25"
Weekly,E25,"=IF($D$54=0,"" - "",D25/$D$54)",D25,
Weekly,F25,=D25-B25,"D25,B25",
Weekly,G25,,,
Weekly,A26,Gifts Received,,Weekly!D26
Weekly,B26,,,"Weekly!C26,Weekly!F26"
Weekly,C26,"=IF($B$54=0,"" - "",B26/$B$54)",B26,
Weekly,D26,"=IF(A26="" - "",0,SUMIFS(Transactions!$J:$J,Transactions!$G:$G,A26,Transactions!$B:$B,"">=""&date_begin,Transactions!$B:$B,""<=""&date_end)-SUMIFS(Transactions!$I:$I,Transactions!$G:$G,A26,Transactions!$B:$B,"">=""&date_begin,Transactions!$B:$B,""<=""&date_end))",A26,"Weekly!E26,Weekly!F26"
Weekly,E26,"=IF($D$54=0,"" - "",D26/$D$54)",D26,
Weekly,F26,=D26-B26,"D26,B26",
Weekly,G26,,,
Weekly,I26,,,
Weekly,A27,Interest Income,,Weekly!D27
Weekly,B27,,,"Weekly!C27,Weekly!F27"
Weekly,C27,"=IF($B$54=0,"" - "",B27/$B$54)",B27,
Weekly,D27,"=IF(A27="" - "",0,SUMIFS(Transactions!$J:$J,Transactions!$G:$G,A27,Transactions!$B:$B,"">=""&date_begin,Transactions!$B:$B,""<=""&date_end)-SUMIFS(Transactions!$I:$I,Transactions!$G:$G,A27,Transactions!$B:$B,"">=""&date_begin,Transactions!$B:$B,""<=""&date_end))",A27,"Weekly!E27,Weekly!F27"
Weekly,E27,"=IF($D$54=0,"" - "",D27/$D$54)",D27,
Weekly,F27,=D27-B27,"D27,B27",
Weekly,G27,,,
Weekly,A28,Other Income,,Weekly!D28
Weekly,B28,,,"Weekly!C28,Weekly!F28"
Weekly,C28,"=IF($B$54=0,"" - "",B28/$B$54)",B28,
Weekly,D28,"=IF(A28="" - "",0,SUMIFS(Transactions!$J:$J,Transactions!$G:$G,A28,Transactions!$B:$B,"">=""&date_begin,Transactions!$B:$B,""<=""&date_end)-SUMIFS(Transactions!$I:$I,Transactions!$G:$G,A28,Transactions!$B:$B,"">=""&date_begin,Transactions!$B:$B,""<=""&date_end))",A28,"Weekly!E28,Weekly!F28"
Weekly,E28,"=IF($D$54=0,"" - "",D28/$D$54)",D28,
Weekly,F28,=D28-B28,"D28,B28",
Weekly,G28,,,
Weekly,A29,Refunds/Reimbursements,,Weekly!D29
Weekly,B29,,,"Weekly!C29,Weekly!F29"
Weekly,C29,"=IF($B$54=0,"" - "",B29/$B$54)",B29,
Weekly,D29,"=IF(A29="" - "",0,SUMIFS(Transactions!$J:$J,Transactions!$G:$G,A29,Transactions!$B:$B,"">=""&date_begin,Transactions!$B:$B,""<=""&date_end)-SUMIFS(Transactions!$I:$I,Transactions!$G:$G,A29,Transactions!$B:$B,"">=""&date_begin,Transactions!$B:$B,""<=""&date_end))",A29,"Weekly!E29,Weekly!F29"
Weekly,E29,"=IF($D$54=0,"" - "",D29/$D$54)",D29,
Weekly,F29,=D29-B29,"D29,B29",
Weekly,G29,,,
Weekly,A30,Rental Income,,Weekly!D30
Weekly,B30,,,"Weekly!C30,Weekly!F30"
Weekly,C30,"=IF($B$54=0,"" - "",B30/$B$54)",B30,
Weekly,D30,"=IF(A30="" - "",0,SUMIFS(Transactions!$J:$J,Transactions!$G:$G,A30,Transactions!$B:$B,"">=""&date_begin,Transactions!$B:$B,""<=""&date_end)-SUMIFS(Transactions!$I:$I,Transactions!$G:$G,A30,Transactions!$B:$B,"">=""&date_begin,Transactions!$B:$B,""<=""&date_end))",A30,"Weekly!E30,Weekly!F30"
Weekly,E30,"=IF($D$54=0,"" - "",D30/$D$54)",D30,
Weekly,F30,=D30-B30,"D30,B30",
Weekly,G30,,,
Weekly,A31,Wages & Tips,,Weekly!D31
Weekly,B31,500,,"Weekly!C31,Weekly!F31"
Weekly,C31,"=IF($B$54=0,"" - "",B31/$B$54)",B31,
Weekly,D31,"=IF(A31="" - "",0,SUMIFS(Transactions!$J:$J,Transactions!$G:$G,A31,Transactions!$B:$B,"">=""&date_begin,Transactions!$B:$B,""<=""&date_end)-SUMIFS(Transactions!$I:$I,Transactions!$G:$G,A31,Transactions!$B:$B,"">=""&date_begin,Transactions!$B:$B,""<=""&date_end))",A31,"Weekly!E31,Weekly!F31"
Weekly,E31,"=IF($D$54=0,"" - "",D31/$D$54)",D31,
Weekly,F31,=D31-B31,"D31,B31",
Weekly,G31,,,
Weekly,A32, - ,,Weekly!D32
Weekly,B32,,,"Weekly!C32,Weekly!F32"
Weekly,C32,"=IF($B$54=0,"" - "",B32/$B$54)",B32,
Weekly,D32,"=IF(A32="" - "",0,SUMIFS(Transactions!$J:$J,Transactions!$G:$G,A32,Transactions!$B:$B,"">=""&date_begin,Transactions!$B:$B,""<=""&date_end)-SUMIFS(Transactions!$I:$I,Transactions!$G:$G,A32,Transactions!$B:$B,"">=""&date_begin,Transactions!$B:$B,""<=""&date_end))",A32,"Weekly!E32,Weekly!F32"
Weekly,E32,"=IF($D$54=0,"" - "",D32/$D$54)",D32,
Weekly,F32,=D32-B32,"D32,B32",
Weekly,G32,,,
Weekly,A33, - ,,Weekly!D33
Weekly,B33,,,"Weekly!C33,Weekly!F33"
Weekly,C33,"=IF($B$54=0,"" - "",B33/$B$54)",B33,
Weekly,D33,"=IF(A33="" - "",0,SUMIFS(Transactions!$J:$J,Transactions!$G:$G,A33,Transactions!$B:$B,"">=""&date_begin,Transactions!$B:$B,""<=""&date_end)-SUMIFS(Transactions!$I:$I,Transactions!$G:$G,A33,Transactions!$B:$B,"">=""&date_begin,Transactions!$B:$B,""<=""&date_end))",A33,"Weekly!E33,Weekly!F33"
Weekly,E33,"=IF($D$54=0,"" - "",D33/$D$54)",D33,
Weekly,F33,=D33-B33,"D33,B33",
Weekly,G33,,,
Weekly,A34, - ,,Weekly!D34
Weekly,B34,,,"Weekly!C34,Weekly!F34"
Weekly,C34,"=IF($B$54=0,"" - "",B34/$B$54)",B34,
Weekly,D34,"=IF(A34="" - "",0,SUMIFS(Transactions!$J:$J,Transactions!$G:$G,A34,Transactions!$B:$B,"">=""&date_begin,Transactions!$B:$B,""<=""&date_end)-SUMIFS(Transactions!$I:$I,Transactions!$G:$G,A34,Transactions!$B:$B,"">=""&date_begin,Transactions!$B:$B,""<=""&date_end))",A34,"Weekly!E34,Weekly!F34"
Weekly,E34,"=IF($D$54=0,"" - "",D34/$D$54)",D34,
Weekly,F34,=D34-B34,"D34,B34",
Weekly,G34,,,
Weekly,A35, - ,,Weekly!D35
Weekly,B35,,,"Weekly!C35,Weekly!F35"
Weekly,C35,"=IF($B$54=0,"" - "",B35/$B$54)",B35,
Weekly,D35,"=IF(A35="" - "",0,SUMIFS(Transactions!$J:$J,Transactions!$G:$G,A35,Transactions!$B:$B,"">=""&date_begin,Transactions!$B:$B,""<=""&date_end)-SUMIFS(Transactions!$I:$I,Transactions!$G:$G,A35,Transactions!$B:$B,"">=""&date_begin,Transactions!$B:$B,""<=""&date_end))",A35,"Weekly!E35,Weekly!F35"
Weekly,E35,"=IF($D$54=0,"" - "",D35/$D$54)",D35,
Weekly,F35,=D35-B35,"D35,B35",
Weekly,G35,,,
Weekly,A36, - ,,Weekly!D36
Weekly,B36,,,"Weekly!C36,Weekly!F36"
Weekly,C36,"=IF($B$54=0,"" - "",B36/$B$54)",B36,
Weekly,D36,"=IF(A36="" - "",0,SUMIFS(Transactions!$J:$J,Transactions!$G:$G,A36,Transactions!$B:$B,"">=""&date_begin,Transactions!$B:$B,""<=""&date_end)-SUMIFS(Transactions!$I:$I,Transactions!$G:$G,A36,Transactions!$B:$B,"">=""&date_begin,Transactions!$B:$B,""<=""&date_end))",A36,"Weekly!E36,Weekly!F36"
Weekly,E36,"=IF($D$54=0,"" - "",D36/$D$54)",D36,
Weekly,F36,=D36-B36,"D36,B36",
Weekly,G36,,,
Weekly,A37, - ,,Weekly!D37
Weekly,B37,,,"Weekly!C37,Weekly!F37"
Weekly,C37,"=IF($B$54=0,"" - "",B37/$B$54)",B37,
Weekly,D37,"=IF(A37="" - "",0,SUMIFS(Transactions!$J:$J,Transactions!$G:$G,A37,Transactions!$B:$B,"">=""&date_begin,Transactions!$B:$B,""<=""&date_end)-SUMIFS(Transactions!$I:$I,Transactions!$G:$G,A37,Transactions!$B:$B,"">=""&date_begin,Transactions!$B:$B,""<=""&date_end))",A37,"Weekly!E37,Weekly!F37"
Weekly,E37,"=IF($D$54=0,"" - "",D37/$D$54)",D37,
Weekly,F37,=D37-B37,"D37,B37",
Weekly,G37,,,
Weekly,A38, - ,,Weekly!D38
Weekly,B38,,,"Weekly!C38,Weekly!F38"
Weekly,C38,"=IF($B$54=0,"" - "",B38/$B$54)",B38,
Weekly,D38,"=IF(A38="" - "",0,SUMIFS(Transactions!$J:$J,Transactions!$G:$G,A38,Transactions!$B:$B,"">=""&date_begin,Transactions!$B:$B,""<=""&date_end)-SUMIFS(Transactions!$I:$I,Transactions!$G:$G,A38,Transactions!$B:$B,"">=""&date_begin,Transactions!$B:$B,""<=""&date_end))",A38,"Weekly!E38,Weekly!F38"
Weekly,E38,"=IF($D$54=0,"" - "",D38/$D$54)",D38,
Weekly,F38,=D38-B38,"D38,B38",
Weekly,G38,,,
Weekly,A39, - ,,Weekly!D39
Weekly,B39,,,"Weekly!C39,Weekly!F39"
Weekly,C39,"=IF($B$54=0,"" - "",B39/$B$54)",B39,
Weekly,D39,"=IF(A39="" - "",0,SUMIFS(Transactions!$J:$J,Transactions!$G:$G,A39,Transactions!$B:$B,"">=""&date_begin,Transactions!$B:$B,""<=""&date_end)-SUMIFS(Transactions!$I:$I,Transactions!$G:$G,A39,Transactions!$B:$B,"">=""&date_begin,Transactions!$B:$B,""<=""&date_end))",A39,"Weekly!E39,Weekly!F39"
Weekly,E39,"=IF($D$54=0,"" - "",D39/$D$54)",D39,
Weekly,F39,=D39-B39,"D39,B39",
Weekly,G39,,,
Weekly,A40, - ,,Weekly!D40
Weekly,B40,,,"Weekly!C40,Weekly!F40"
Weekly,C40,"=IF($B$54=0,"" - "",B40/$B$54)",B40,
Weekly,D40,"=IF(A40="" - "",0,SUMIFS(Transactions!$J:$J,Transactions!$G:$G,A40,Transactions!$B:$B,"">=""&date_begin,Transactions!$B:$B,""<=""&date_end)-SUMIFS(Transactions!$I:$I,Transactions!$G:$G,A40,Transactions!$B:$B,"">=""&date_begin,Transactions!$B:$B,""<=""&date_end))",A40,"Weekly!E40,Weekly!F40"
Weekly,E40,"=IF($D$54=0,"" - "",D40/$D$54)",D40,
Weekly,F40,=D40-B40,"D40,B40",
Weekly,G40,,,
Weekly,A41, - ,,Weekly!D41
Weekly,B41,,,"Weekly!C41,Weekly!F41"
Weekly,C41,"=IF($B$54=0,"" - "",B41/$B$54)",B41,
Weekly,D41,"=IF(A41="" - "",0,SUMIFS(Transactions!$J:$J,Transactions!$G:$G,A41,Transactions!$B:$B,"">=""&date_begin,Transactions!$B:$B,""<=""&date_end)-SUMIFS(Transactions!$I:$I,Transactions!$G:$G,A41,Transactions!$B:$B,"">=""&date_begin,Transactions!$B:$B,""<=""&date_end))",A41,"Weekly!E41,Weekly!F41"
Weekly,E41,"=IF($D$54=0,"" - "",D41/$D$54)",D41,
Weekly,F41,=D41-B41,"D41,B41",
Weekly,G41,,,
Weekly,A42, - ,,Weekly!D42
Weekly,B42,,,"Weekly!C42,Weekly!F42"
Weekly,C42,"=IF($B$54=0,"" - "",B42/$B$54)",B42,
Weekly,D42,"=IF(A42="" - "",0,SUMIFS(Transactions!$J:$J,Transactions!$G:$G,A42,Transactions!$B:$B,"">=""&date_begin,Transactions!$B:$B,""<=""&date_end)-SUMIFS(Transactions!$I:$I,Transactions!$G:$G,A42,Transactions!$B:$B,"">=""&date_begin,Transactions!$B:$B,""<=""&date_end))",A42,"Weekly!E42,Weekly!F42"
Weekly,E42,"=IF($D$54=0,"" - "",D42/$D$54)",D42,
Weekly,F42,=D42-B42,"D42,B42",
Weekly,G42,,,
Weekly,A43, - ,,Weekly!D43
Weekly,B43,,,"Weekly!C43,Weekly!F43"
Weekly,C43,"=IF($B$54=0,"" - "",B43/$B$54)",B43,
Weekly,D43,"=IF(A43="" - "",0,SUMIFS(Transactions!$J:$J,Transactions!$G:$G,A43,Transactions!$B:$B,"">=""&date_begin,Transactions!$B:$B,""<=""&date_end)-SUMIFS(Transactions!$I:$I,Transactions!$G:$G,A43,Transactions!$B:$B,"">=""&date_begin,Transactions!$B:$B,""<=""&date_end))",A43,"Weekly!E43,Weekly!F43"
Weekly,E43,"=IF($D$54=0,"" - "",D43/$D$54)",D43,
Weekly,F43,=D43-B43,"D43,B43",
Weekly,G43,,,
Weekly,A44, - ,,Weekly!D44
Weekly,B44,,,"Weekly!C44,Weekly!F44"
Weekly,C44,"=IF($B$54=0,"" - "",B44/$B$54)",B44,
Weekly,D44,"=IF(A44="" - "",0,SUMIFS(Transactions!$J:$J,Transactions!$G:$G,A44,Transactions!$B:$B,"">=""&date_begin,Transactions!$B:$B,""<=""&date_end)-SUMIFS(Transactions!$I:$I,Transactions!$G:$G,A44,Transactions!$B:$B,"">=""&date_begin,Transactions!$B:$B,""<=""&date_end))",A44,"Weekly!E44,Weekly!F44"
Weekly,E44,"=IF($D$54=0,"" - "",D44/$D$54)",D44,
Weekly,F44,=D44-B44,"D44,B44",
Weekly,G44,,,
Weekly,A45, - ,,Weekly!D45
Weekly,B45,,,"Weekly!C45,Weekly!F45"
Weekly,C45,"=IF($B$54=0,"" - "",B45/$B$54)",B45,
Weekly,D45,"=IF(A45="" - "",0,SUMIFS(Transactions!$J:$J,Transactions!$G:$G,A45,Transactions!$B:$B,"">=""&date_begin,Transactions!$B:$B,""<=""&date_end)-SUMIFS(Transactions!$I:$I,Transactions!$G:$G,A45,Transactions!$B:$B,"">=""&date_begin,Transactions!$B:$B,""<=""&date_end))",A45,"Weekly!E45,Weekly!F45"
Weekly,E45,"=IF($D$54=0,"" - "",D45/$D$54)",D45,
Weekly,F45,=D45-B45,"D45,B45",
Weekly,G45,,,
Weekly,A46, - ,,Weekly!D46
Weekly,B46,,,"Weekly!C46,Weekly!F46"
Weekly,C46,"=IF($B$54=0,"" - "",B46/$B$54)",B46,
Weekly,D46,"=IF(A46="" - "",0,SUMIFS(Transactions!$J:$J,Transactions!$G:$G,A46,Transactions!$B:$B,"">=""&date_begin,Transactions!$B:$B,""<=""&date_end)-SUMIFS(Transactions!$I:$I,Transactions!$G:$G,A46,Transactions!$B:$B,"">=""&date_begin,Transactions!$B:$B,""<=""&date_end))",A46,"Weekly!E46,Weekly!F46"
Weekly,E46,"=IF($D$54=0,"" - "",D46/$D$54)",D46,
Weekly,F46,=D46-B46,"D46,B46",
Weekly,G46,,,
Weekly,A47, - ,,Weekly!D47
Weekly,B47,,,"Weekly!C47,Weekly!F47"
Weekly,C47,"=IF($B$54=0,"" - "",B47/$B$54)",B47,
Weekly,D47,"=IF(A47="" - "",0,SUMIFS(Transactions!$J:$J,Transactions!$G:$G,A47,Transactions!$B:$B,"">=""&date_begin,Transactions!$B:$B,""<=""&date_end)-SUMIFS(Transactions!$I:$I,Transactions!$G:$G,A47,Transactions!$B:$B,"">=""&date_begin,Transactions!$B:$B,""<=""&date_end))",A47,"Weekly!E47,Weekly!F47"
Weekly,E47,"=IF($D$54=0,"" - "",D47/$D$54)",D47,
Weekly,F47,=D47-B47,"D47,B47",
Weekly,G47,,,
Weekly,A48, - ,,Weekly!D48
Weekly,B48,,,"Weekly!C48,Weekly!F48"
Weekly,C48,"=IF($B$54=0,"" - "",B48/$B$54)",B48,
Weekly,D48,"=IF(A48="" - "",0,SUMIFS(Transactions!$J:$J,Transactions!$G:$G,A48,Transactions!$B:$B,"">=""&date_begin,Transactions!$B:$B,""<=""&date_end)-SUMIFS(Transactions!$I:$I,Transactions!$G:$G,A48,Transactions!$B:$B,"">=""&date_begin,Transactions!$B:$B,""<=""&date_end))",A48,"Weekly!E48,Weekly!F48"
Weekly,E48,"=IF($D$54=0,"" - "",D48/$D$54)",D48,
Weekly,F48,=D48-B48,"D48,B48",
Weekly,G48,,,
Weekly,A49, - ,,Weekly!D49
Weekly,B49,,,"Weekly!C49,Weekly!F49"
Weekly,C49,"=IF($B$54=0,"" - "",B49/$B$54)",B49,
Weekly,D49,"=IF(A49="" - "",0,SUMIFS(Transactions!$J:$J,Transactions!$G:$G,A49,Transactions!$B:$B,"">=""&date_begin,Transactions!$B:$B,""<=""&date_end)-SUMIFS(Transactions!$I:$I,Transactions!$G:$G,A49,Transactions!$B:$B,"">=""&date_begin,Transactions!$B:$B,""<=""&date_end))",A49,"Weekly!E49,Weekly!F49"
Weekly,E49,"=IF($D$54=0,"" - "",D49/$D$54)",D49,
Weekly,F49,=D49-B49,"D49,B49",
Weekly,G49,,,
Weekly,A50, - ,,Weekly!D50
Weekly,B50,,,"Weekly!C50,Weekly!F50"
Weekly,C50,"=IF($B$54=0,"" - "",B50/$B$54)",B50,
Weekly,D50,"=IF(A50="" - "",0,SUMIFS(Transactions!$J:$J,Transactions!$G:$G,A50,Transactions!$B:$B,"">=""&date_begin,Transactions!$B:$B,""<=""&date_end)-SUMIFS(Transactions!$I:$I,Transactions!$G:$G,A50,Transactions!$B:$B,"">=""&date_begin,Transactions!$B:$B,""<=""&date_end))",A50,"Weekly!E50,Weekly!F50"
Weekly,E50,"=IF($D$54=0,"" - "",D50/$D$54)",D50,
Weekly,F50,=D50-B50,"D50,B50",
Weekly,G50,,,
Weekly,A51, - ,,Weekly!D51
Weekly,B51,,,"Weekly!C51,Weekly!F51"
Weekly,C51,"=IF($B$54=0,"" - "",B51/$B$54)",B51,
Weekly,D51,"=IF(A51="" - "",0,SUMIFS(Transactions!$J:$J,Transactions!$G:$G,A51,Transactions!$B:$B,"">=""&date_begin,Transactions!$B:$B,""<=""&date_end)-SUMIFS(Transactions!$I:$I,Transactions!$G:$G,A51,Transactions!$B:$B,"">=""&date_begin,Transactions!$B:$B,""<=""&date_end))",A51,"Weekly!E51,Weekly!F51"
Weekly,E51,"=IF($D$54=0,"" - "",D51/$D$54)",D51,
Weekly,F51,=D51-B51,"D51,B51",
Weekly,G51,,,
Weekly,A52, - ,,Weekly!D52
Weekly,B52,,,"Weekly!C52,Weekly!F52"
Weekly,C52,"=IF($B$54=0,"" - "",B52/$B$54)",B52,
Weekly,D52,"=IF(A52="" - "",0,SUMIFS(Transactions!$J:$J,Transactions!$G:$G,A52,Transactions!$B:$B,"">=""&date_begin,Transactions!$B:$B,""<=""&date_end)-SUMIFS(Transactions!$I:$I,Transactions!$G:$G,A52,Transactions!$B:$B,"">=""&date_begin,Transactions!$B:$B,""<=""&date_end))",A52,"Weekly!E52,Weekly!F52"
Weekly,E52,"=IF($D$54=0,"" - "",D52/$D$54)",D52,
Weekly,F52,=D52-B52,"D52,B52",
Weekly,G52,,,
Weekly,A53, - ,,Weekly!D53
Weekly,B53,,,"Weekly!C53,Weekly!F53,Weekly!B54"
Weekly,C53,"=IF($B$54=0,"" - "",B53/$B$54)",B53,
Weekly,D53,"=IF(A53="" - "",0,SUMIFS(Transactions!$J:$J,Transactions!$G:$G,A53,Transactions!$B:$B,"">=""&date_begin,Transactions!$B:$B,""<=""&date_end)-SUMIFS(Transactions!$I:$I,Transactions!$G:$G,A53,Transactions!$B:$B,"">=""&date_begin,Transactions!$B:$B,""<=""&date_end))",A53,"Weekly!E53,Weekly!F53,Weekly!D54"
Weekly,E53,"=IF($D$54=0,"" - "",D53/$D$54)",D53,
Weekly,F53,=D53-B53,"D53,B53",
Weekly,G53,,,
Weekly,A54,"=""Total ""&A23",A23,
Weekly,B54,=SUM(B23:B53),"B23,B53","Weekly!B10,Weekly!F54"
Weekly,C54,,,
Weekly,D54,=SUM(D23:D53),"D23,D53","Weekly!D10,Weekly!F54"
Weekly,E54,,,
Weekly,F54,=D54-B54,"D54,B54",
Weekly,G54,,,
Weekly,I54,,,
Weekly,A56,EXPENSES,,
Weekly,B56,Budget,,Weekly!B157
Weekly,C56,,,
Weekly,D56,Actual,,Weekly!D157
Weekly,E56,,,
Weekly,F56,Difference,,Weekly!F157
Weekly,G56,,,
Weekly,K56,,,
Weekly,A57,<openpyxl.worksheet.formula.ArrayFormula object at 0xffff8cd57770>,,Weekly!D57
Weekly,B57,,,"Weekly!C57,Weekly!F57"
Weekly,C57,"=IF($B$157=0,"" - "",B57/$B$157)",B57,
Weekly,D57,"=IF(A57="" - "",0,-SUMIFS(Transactions!$J:$J,Transactions!$G:$G,A57,Transactions!$B:$B,"">=""&date_begin,Transactions!$B:$B,""<=""&date_end)+SUMIFS(Transactions!$I:$I,Transactions!$G:$G,A57,Transactions!$B:$B,"">=""&date_begin,Transactions!$B:$B,""<=""&date_end))",A57,"Weekly!E57,Weekly!F57"
Weekly,E57,"=IF($D$157=0,"" - "",D57/$D$157)",D57,
Weekly,F57,=B57-D57,"B57,D57",
Weekly,G57,,,
Weekly,A58,Car Insurance,,Weekly!D58
Weekly,B58,,,"Weekly!C58,Weekly!F58"
Weekly,C58,"=IF($B$157=0,"" - "",B58/$B$157)",B58,
Weekly,D58,"=IF(A58="" - "",0,-SUMIFS(Transactions!$J:$J,Transactions!$G:$G,A58,Transactions!$B:$B,"">=""&date_begin,Transactions!$B:$B,""<=""&date_end)+SUMIFS(Transactions!$I:$I,Transactions!$G:$G,A58,Transactions!$B:$B,"">=""&date_begin,Transactions!$B:$B,""<=""&date_end))",A58,"Weekly!E58,Weekly!F58"
Weekly,E58,"=IF($D$157=0,"" - "",D58/$D$157)",D58,
Weekly,F58,=B58-D58,"B58,D58",
Weekly,G58,,,
Weekly,A59,Car Payment,,Weekly!D59
Weekly,B59,,,"Weekly!C59,Weekly!F59"
Weekly,C59,"=IF($B$157=0,"" - "",B59/$B$157)",B59,
Weekly,D59,"=IF(A59="" - "",0,-SUMIFS(Transactions!$J:$J,Transactions!$G:$G,A59,Transactions!$B:$B,"">=""&date_begin,Transactions!$B:$B,""<=""&date_end)+SUMIFS(Transactions!$I:$I,Transactions!$G:$G,A59,Transactions!$B:$B,"">=""&date_begin,Transactions!$B:$B,""<=""&date_end))",A59,"Weekly!E59,Weekly!F59"
Weekly,E59,"=IF($D$157=0,"" - "",D59/$D$157)",D59,
Weekly,F59,=B59-D59,"B59,D59",
Weekly,G59,,,
Weekly,A60,Car Repair / Licenses,,Weekly!D60
Weekly,B60,,,"Weekly!C60,Weekly!F60"
Weekly,C60,"=IF($B$157=0,"" - "",B60/$B$157)",B60,
Weekly,D60,"=IF(A60="" - "",0,-SUMIFS(Transactions!$J:$J,Transactions!$G:$G,A60,Transactions!$B:$B,"">=""&date_begin,Transactions!$B:$B,""<=""&date_end)+SUMIFS(Transactions!$I:$I,Transactions!$G:$G,A60,Transactions!$B:$B,"">=""&date_begin,Transactions!$B:$B,""<=""&date_end))",A60,"Weekly!E60,Weekly!F60"
Weekly,E60,"=IF($D$157=0,"" - "",D60/$D$157)",D60,
Weekly,F60,=B60-D60,"B60,D60",
Weekly,G60,,,
Weekly,A61,Car Replacement Fund,,Weekly!D61
Weekly,B61,,,"Weekly!C61,Weekly!F61"
Weekly,C61,"=IF($B$157=0,"" - "",B61/$B$157)",B61,
Weekly,D61,"=IF(A61="" - "",0,-SUMIFS(Transactions!$J:$J,Transactions!$G:$G,A61,Transactions!$B:$B,"">=""&date_begin,Transactions!$B:$B,""<=""&date_end)+SUMIFS(Transactions!$I:$I,Transactions!$G:$G,A61,Transactions!$B:$B,"">=""&date_begin,Transactions!$B:$B,""<=""&date_end))",A61,"Weekly!E61,Weekly!F61"
Weekly,E61,"=IF($D$157=0,"" - "",D61/$D$157)",D61,
Weekly,F61,=B61-D61,"B61,D61",
Weekly,G61,,,
Weekly,A62,Charity,,Weekly!D62
Weekly,B62,,,"Weekly!C62,Weekly!F62"
Weekly,C62,"=IF($B$157=0,"" - "",B62/$B$157)",B62,
Weekly,D62,"=IF(A62="" - "",0,-SUMIFS(Transactions!$J:$J,Transactions!$G:$G,A62,Transactions!$B:$B,"">=""&date_begin,Transactions!$B:$B,""<=""&date_end)+SUMIFS(Transactions!$I:$I,Transactions!$G:$G,A62,Transactions!$B:$B,"">=""&date_begin,Transactions!$B:$B,""<=""&date_end))",A62,"Weekly!E62,Weekly!F62"
Weekly,E62,"=IF($D$157=0,"" - "",D62/$D$157)",D62,
Weekly,F62,=B62-D62,"B62,D62",
Weekly,G62,,,
Weekly,A63,Child Care,,Weekly!D63
Weekly,B63,,,"Weekly!C63,Weekly!F63"
Weekly,C63,"=IF($B$157=0,"" - "",B63/$B$157)",B63,
Weekly,D63,"=IF(A63="" - "",0,-SUMIFS(Transactions!$J:$J,Transactions!$G:$G,A63,Transactions!$B:$B,"">=""&date_begin,Transactions!$B:$B,""<=""&date_end)+SUMIFS(Transactions!$I:$I,Transactions!$G:$G,A63,Transactions!$B:$B,"">=""&date_begin,Transactions!$B:$B,""<=""&date_end))",A63,"Weekly!E63,Weekly!F63"
Weekly,E63,"=IF($D$157=0,"" - "",D63/$D$157)",D63,
Weekly,F63,=B63-D63,"B63,D63",
Weekly,G63,,,
Weekly,A64,Cleaning,,Weekly!D64
Weekly,B64,,,"Weekly!C64,Weekly!F64"
Weekly,C64,"=IF($B$157=0,"" - "",B64/$B$157)",B64,
Weekly,D64,"=IF(A64="" - "",0,-SUMIFS(Transactions!$J:$J,Transactions!$G:$G,A64,Transactions!$B:$B,"">=""&date_begin,Transactions!$B:$B,""<=""&date_end)+SUMIFS(Transactions!$I:$I,Transactions!$G:$G,A64,Transactions!$B:$B,"">=""&date_begin,Transactions!$B:$B,""<=""&date_end))",A64,"Weekly!E64,Weekly!F64"
Weekly,E64,"=IF($D$157=0,"" - "",D64/$D$157)",D64,
Weekly,F64,=B64-D64,"B64,D64",
Weekly,G64,,,
Weekly,A65,Clothing,,Weekly!D65
Weekly,B65,,,"Weekly!C65,Weekly!F65"
Weekly,C65,"=IF($B$157=0,"" - "",B65/$B$157)",B65,
Weekly,D65,"=IF(A65="" - "",0,-SUMIFS(Transactions!$J:$J,Transactions!$G:$G,A65,Transactions!$B:$B,"">=""&date_begin,Transactions!$B:$B,""<=""&date_end)+SUMIFS(Transactions!$I:$I,Transactions!$G:$G,A65,Transactions!$B:$B,"">=""&date_begin,Transactions!$B:$B,""<=""&date_end))",A65,"Weekly!E65,Weekly!F65"
Weekly,E65,"=IF($D$157=0,"" - "",D65/$D$157)",D65,
Weekly,F65,=B65-D65,"B65,D65",
Weekly,G65,,,
Weekly,A66,Debt,,Weekly!D66
Weekly,B66,,,"Weekly!C66,Weekly!F66"
Weekly,C66,"=IF($B$157=0,"" - "",B66/$B$157)",B66,
Weekly,D66,"=IF(A66="" - "",0,-SUMIFS(Transactions!$J:$J,Transactions!$G:$G,A66,Transactions!$B:$B,"">=""&date_begin,Transactions!$B:$B,""<=""&date_end)+SUMIFS(Transactions!$I:$I,Transactions!$G:$G,A66,Transactions!$B:$B,"">=""&date_begin,Transactions!$B:$B,""<=""&date_end))",A66,"Weekly!E66,Weekly!F66"
Weekly,E66,"=IF($D$157=0,"" - "",D66/$D$157)",D66,
Weekly,F66,=B66-D66,"B66,D66",
Weekly,G66,,,
Weekly,A67,Dining,,Weekly!D67
Weekly,B67,,,"Weekly!C67,Weekly!F67"
Weekly,C67,"=IF($B$157=0,"" - "",B67/$B$157)",B67,
Weekly,D67,"=IF(A67="" - "",0,-SUMIFS(Transactions!$J:$J,Transactions!$G:$G,A67,Transactions!$B:$B,"">=""&date_begin,Transactions!$B:$B,""<=""&date_end)+SUMIFS(Transactions!$I:$I,Transactions!$G:$G,A67,Transactions!$B:$B,"">=""&date_begin,Transactions!$B:$B,""<=""&date_end))",A67,"Weekly!E67,Weekly!F67"
Weekly,E67,"=IF($D$157=0,"" - "",D67/$D$157)",D67,
Weekly,F67,=B67-D67,"B67,D67",
Weekly,G67,,,
Weekly,A68,Discretionary,,Weekly!D68
Weekly,B68,,,"Weekly!C68,Weekly!F68"
Weekly,C68,"=IF($B$157=0,"" - "",B68/$B$157)",B68,
Weekly,D68,"=IF(A68="" - "",0,-SUMIFS(Transactions!$J:$J,Transactions!$G:$G,A68,Transactions!$B:$B,"">=""&date_begin,Transactions!$B:$B,""<=""&date_end)+SUMIFS(Transactions!$I:$I,Transactions!$G:$G,A68,Transactions!$B:$B,"">=""&date_begin,Transactions!$B:$B,""<=""&date_end))",A68,"Weekly!E68,Weekly!F68"
Weekly,E68,"=IF($D$157=0,"" - "",D68/$D$157)",D68,
Weekly,F68,=B68-D68,"B68,D68",
Weekly,G68,,,
Weekly,A69,Doctor / Dentist,,Weekly!D69
Weekly,B69,,,"Weekly!C69,Weekly!F69"
Weekly,C69,"=IF($B$157=0,"" - "",B69/$B$157)",B69,
Weekly,D69,"=IF(A69="" - "",0,-SUMIFS(Transactions!$J:$J,Transactions!$G:$G,A69,Transactions!$B:$B,"">=""&date_begin,Transactions!$B:$B,""<=""&date_end)+SUMIFS(Transactions!$I:$I,Transactions!$G:$G,A69,Transactions!$B:$B,"">=""&date_begin,Transactions!$B:$B,""<=""&date_end))",A69,"Weekly!E69,Weekly!F69"
Weekly,E69,"=IF($D$157=0,"" - "",D69/$D$157)",D69,
Weekly,F69,=B69-D69,"B69,D69",
Weekly,G69,,,
Weekly,A70,Education,,Weekly!D70
Weekly,B70,,,"Weekly!C70,Weekly!F70"
Weekly,C70,"=IF($B$157=0,"" - "",B70/$B$157)",B70,
Weekly,D70,"=IF(A70="" - "",0,-SUMIFS(Transactions!$J:$J,Transactions!$G:$G,A70,Transactions!$B:$B,"">=""&date_begin,Transactions!$B:$B,""<=""&date_end)+SUMIFS(Transactions!$I:$I,Transactions!$G:$G,A70,Transactions!$B:$B,"">=""&date_begin,Transactions!$B:$B,""<=""&date_end))",A70,"Weekly!E70,Weekly!F70"
Weekly,E70,"=IF($D$157=0,"" - "",D70/$D$157)",D70,
Weekly,F70,=B70-D70,"B70,D70",
Weekly,G70,,,
Weekly,K70,,,
Weekly,A71,Emergency Fund,,Weekly!D71
Weekly,B71,,,"Weekly!C71,Weekly!F71"
Weekly,C71,"=IF($B$157=0,"" - "",B71/$B$157)",B71,
Weekly,D71,"=IF(A71="" - "",0,-SUMIFS(Transactions!$J:$J,Transactions!$G:$G,A71,Transactions!$B:$B,"">=""&date_begin,Transactions!$B:$B,""<=""&date_end)+SUMIFS(Transactions!$I:$I,Transactions!$G:$G,A71,Transactions!$B:$B,"">=""&date_begin,Transactions!$B:$B,""<=""&date_end))",A71,"Weekly!E71,Weekly!F71"
Weekly,E71,"=IF($D$157=0,"" - "",D71/$D$157)",D71,
Weekly,F71,=B71-D71,"B71,D71",
Weekly,G71,,,
Weekly,J71,,,
Weekly,A72,Fuel,,Weekly!D72
Weekly,B72,100,,"Weekly!C72,Weekly!F72"
Weekly,C72,"=IF($B$157=0,"" - "",B72/$B$157)",B72,
Weekly,D72,"=IF(A72="" - "",0,-SUMIFS(Transactions!$J:$J,Transactions!$G:$G,A72,Transactions!$B:$B,"">=""&date_begin,Transactions!$B:$B,""<=""&date_end)+SUMIFS(Transactions!$I:$I,Transactions!$G:$G,A72,Transactions!$B:$B,"">=""&date_begin,Transactions!$B:$B,""<=""&date_end))",A72,"Weekly!E72,Weekly!F72"
Weekly,E72,"=IF($D$157=0,"" - "",D72/$D$157)",D72,
Weekly,F72,=B72-D72,"B72,D72",
Weekly,G72,,,
Weekly,A73,Fun / Entertainment,,Weekly!D73
Weekly,B73,,,"Weekly!C73,Weekly!F73"
Weekly,C73,"=IF($B$157=0,"" - "",B73/$B$157)",B73,
Weekly,D73,"=IF(A73="" - "",0,-SUMIFS(Transactions!$J:$J,Transactions!$G:$G,A73,Transactions!$B:$B,"">=""&date_begin,Transactions!$B:$B,""<=""&date_end)+SUMIFS(Transactions!$I:$I,Transactions!$G:$G,A73,Transactions!$B:$B,"">=""&date_begin,Transactions!$B:$B,""<=""&date_end))",A73,"Weekly!E73,Weekly!F73"
Weekly,E73,"=IF($D$157=0,"" - "",D73/$D$157)",D73,
Weekly,F73,=B73-D73,"B73,D73",
Weekly,G73,,,
Weekly,J73,,,
Weekly,K73,,,
Weekly,A74,Furniture / Appliances,,Weekly!D74
Weekly,B74,,,"Weekly!C74,Weekly!F74"
Weekly,C74,"=IF($B$157=0,"" - "",B74/$B$157)",B74,
Weekly,D74,"=IF(A74="" - "",0,-SUMIFS(Transactions!$J:$J,Transactions!$G:$G,A74,Transactions!$B:$B,"">=""&date_begin,Transactions!$B:$B,""<=""&date_end)+SUMIFS(Transactions!$I:$I,Transactions!$G:$G,A74,Transactions!$B:$B,"">=""&date_begin,Transactions!$B:$B,""<=""&date_end))",A74,"Weekly!E74,Weekly!F74"
Weekly,E74,"=IF($D$157=0,"" - "",D74/$D$157)",D74,
Weekly,F74,=B74-D74,"B74,D74",
Weekly,G74,,,
Weekly,A75,Gifts Given,,Weekly!D75
Weekly,B75,,,"Weekly!C75,Weekly!F75"
Weekly,C75,"=IF($B$157=0,"" - "",B75/$B$157)",B75,
Weekly,D75,"=IF(A75="" - "",0,-SUMIFS(Transactions!$J:$J,Transactions!$G:$G,A75,Transactions!$B:$B,"">=""&date_begin,Transactions!$B:$B,""<=""&date_end)+SUMIFS(Transactions!$I:$I,Transactions!$G:$G,A75,Transactions!$B:$B,"">=""&date_begin,Transactions!$B:$B,""<=""&date_end))",A75,"Weekly!E75,Weekly!F75"
Weekly,E75,"=IF($D$157=0,"" - "",D75/$D$157)",D75,
Weekly,F75,=B75-D75,"B75,D75",
Weekly,G75,,,
Weekly,A76,Groceries,,Weekly!D76
Weekly,B76,150,,"Weekly!C76,Weekly!F76"
Weekly,C76,"=IF($B$157=0,"" - "",B76/$B$157)",B76,
Weekly,D76,"=IF(A76="" - "",0,-SUMIFS(Transactions!$J:$J,Transactions!$G:$G,A76,Transactions!$B:$B,"">=""&date_begin,Transactions!$B:$B,""<=""&date_end)+SUMIFS(Transactions!$I:$I,Transactions!$G:$G,A76,Transactions!$B:$B,"">=""&date_begin,Transactions!$B:$B,""<=""&date_end))",A76,"Weekly!E76,Weekly!F76"
Weekly,E76,"=IF($D$157=0,"" - "",D76/$D$157)",D76,
Weekly,F76,=B76-D76,"B76,D76",
Weekly,G76,,,
Weekly,A77,Health Insurance,,Weekly!D77
Weekly,B77,,,"Weekly!C77,Weekly!F77"
Weekly,C77,"=IF($B$157=0,"" - "",B77/$B$157)",B77,
Weekly,D77,"=IF(A77="" - "",0,-SUMIFS(Transactions!$J:$J,Transactions!$G:$G,A77,Transactions!$B:$B,"">=""&date_begin,Transactions!$B:$B,""<=""&date_end)+SUMIFS(Transactions!$I:$I,Transactions!$G:$G,A77,Transactions!$B:$B,"">=""&date_begin,Transactions!$B:$B,""<=""&date_end))",A77,"Weekly!E77,Weekly!F77"
Weekly,E77,"=IF($D$157=0,"" - "",D77/$D$157)",D77,
Weekly,F77,=B77-D77,"B77,D77",
Weekly,G77,,,
Weekly,K77,,,
Weekly,A78,Home Insurance,,Weekly!D78
Weekly,B78,,,"Weekly!C78,Weekly!F78"
Weekly,C78,"=IF($B$157=0,"" - "",B78/$B$157)",B78,
Weekly,D78,"=IF(A78="" - "",0,-SUMIFS(Transactions!$J:$J,Transactions!$G:$G,A78,Transactions!$B:$B,"">=""&date_begin,Transactions!$B:$B,""<=""&date_end)+SUMIFS(Transactions!$I:$I,Transactions!$G:$G,A78,Transactions!$B:$B,"">=""&date_begin,Transactions!$B:$B,""<=""&date_end))",A78,"Weekly!E78,Weekly!F78"
Weekly,E78,"=IF($D$157=0,"" - "",D78/$D$157)",D78,
Weekly,F78,=B78-D78,"B78,D78",
Weekly,G78,,,
Weekly,J78,,,
Weekly,A79,Home Supplies,,Weekly!D79
Weekly,B79,,,"Weekly!C79,Weekly!F79"
Weekly,C79,"=IF($B$157=0,"" - "",B79/$B$157)",B79,
Weekly,D79,"=IF(A79="" - "",0,-SUMIFS(Transactions!$J:$J,Transactions!$G:$G,A79,Transactions!$B:$B,"">=""&date_begin,Transactions!$B:$B,""<=""&date_end)+SUMIFS(Transactions!$I:$I,Transactions!$G:$G,A79,Transactions!$B:$B,"">=""&date_begin,Transactions!$B:$B,""<=""&date_end))",A79,"Weekly!E79,Weekly!F79"
Weekly,E79,"=IF($D$157=0,"" - "",D79/$D$157)",D79,
Weekly,F79,=B79-D79,"B79,D79",
Weekly,G79,,,
Weekly,A80,Interest Expense,,Weekly!D80
Weekly,B80,,,"Weekly!C80,Weekly!F80"
Weekly,C80,"=IF($B$157=0,"" - "",B80/$B$157)",B80,
Weekly,D80,"=IF(A80="" - "",0,-SUMIFS(Transactions!$J:$J,Transactions!$G:$G,A80,Transactions!$B:$B,"">=""&date_begin,Transactions!$B:$B,""<=""&date_end)+SUMIFS(Transactions!$I:$I,Transactions!$G:$G,A80,Transactions!$B:$B,"">=""&date_begin,Transactions!$B:$B,""<=""&date_end))",A80,"Weekly!E80,Weekly!F80"
Weekly,E80,"=IF($D$157=0,"" - "",D80/$D$157)",D80,
Weekly,F80,=B80-D80,"B80,D80",
Weekly,G80,,,
Weekly,J80,,,
Weekly,K80,,,
Weekly,A81,Life Insurance,,Weekly!D81
Weekly,B81,,,"Weekly!C81,Weekly!F81"
Weekly,C81,"=IF($B$157=0,"" - "",B81/$B$157)",B81,
Weekly,D81,"=IF(A81="" - "",0,-SUMIFS(Transactions!$J:$J,Transactions!$G:$G,A81,Transactions!$B:$B,"">=""&date_begin,Transactions!$B:$B,""<=""&date_end)+SUMIFS(Transactions!$I:$I,Transactions!$G:$G,A81,Transactions!$B:$B,"">=""&date_begin,Transactions!$B:$B,""<=""&date_end))",A81,"Weekly!E81,Weekly!F81"
Weekly,E81,"=IF($D$157=0,"" - "",D81/$D$157)",D81,
Weekly,F81,=B81-D81,"B81,D81",
Weekly,G81,,,
Weekly,A82,Medicine,,Weekly!D82
Weekly,B82,,,"Weekly!C82,Weekly!F82"
Weekly,C82,"=IF($B$157=0,"" - "",B82/$B$157)",B82,
Weekly,D82,"=IF(A82="" - "",0,-SUMIFS(Transactions!$J:$J,Transactions!$G:$G,A82,Transactions!$B:$B,"">=""&date_begin,Transactions!$B:$B,""<=""&date_end)+SUMIFS(Transactions!$I:$I,Transactions!$G:$G,A82,Transactions!$B:$B,"">=""&date_begin,Transactions!$B:$B,""<=""&date_end))",A82,"Weekly!E82,Weekly!F82"
Weekly,E82,"=IF($D$157=0,"" - "",D82/$D$157)",D82,
Weekly,F82,=B82-D82,"B82,D82",
Weekly,G82,,,
Weekly,A83,Miscellaneous,,Weekly!D83
Weekly,B83,,,"Weekly!C83,Weekly!F83"
Weekly,C83,"=IF($B$157=0,"" - "",B83/$B$157)",B83,
Weekly,D83,"=IF(A83="" - "",0,-SUMIFS(Transactions!$J:$J,Transactions!$G:$G,A83,Transactions!$B:$B,"">=""&date_begin,Transactions!$B:$B,""<=""&date_end)+SUMIFS(Transactions!$I:$I,Transactions!$G:$G,A83,Transactions!$B:$B,"">=""&date_begin,Transactions!$B:$B,""<=""&date_end))",A83,"Weekly!E83,Weekly!F83"
Weekly,E83,"=IF($D$157=0,"" - "",D83/$D$157)",D83,
Weekly,F83,=B83-D83,"B83,D83",
Weekly,G83,,,
Weekly,A84,Mortgage / Rent,,Weekly!D84
Weekly,B84,,,"Weekly!C84,Weekly!F84"
Weekly,C84,"=IF($B$157=0,"" - "",B84/$B$157)",B84,
Weekly,D84,"=IF(A84="" - "",0,-SUMIFS(Transactions!$J:$J,Transactions!$G:$G,A84,Transactions!$B:$B,"">=""&date_begin,Transactions!$B:$B,""<=""&date_end)+SUMIFS(Transactions!$I:$I,Transactions!$G:$G,A84,Transactions!$B:$B,"">=""&date_begin,Transactions!$B:$B,""<=""&date_end))",A84,"Weekly!E84,Weekly!F84"
Weekly,E84,"=IF($D$157=0,"" - "",D84/$D$157)",D84,
Weekly,F84,=B84-D84,"B84,D84",
Weekly,G84,,,
Weekly,A85,Other Savings,,Weekly!D85
Weekly,B85,,,"Weekly!C85,Weekly!F85"
Weekly,C85,"=IF($B$157=0,"" - "",B85/$B$157)",B85,
Weekly,D85,"=IF(A85="" - "",0,-SUMIFS(Transactions!$J:$J,Transactions!$G:$G,A85,Transactions!$B:$B,"">=""&date_begin,Transactions!$B:$B,""<=""&date_end)+SUMIFS(Transactions!$I:$I,Transactions!$G:$G,A85,Transactions!$B:$B,"">=""&date_begin,Transactions!$B:$B,""<=""&date_end))",A85,"Weekly!E85,Weekly!F85"
Weekly,E85,"=IF($D$157=0,"" - "",D85/$D$157)",D85,
Weekly,F85,=B85-D85,"B85,D85",
Weekly,G85,,,
Weekly,A86,Other_1,,Weekly!D86
Weekly,B86,,,"Weekly!C86,Weekly!F86"
Weekly,C86,"=IF($B$157=0,"" - "",B86/$B$157)",B86,
Weekly,D86,"=IF(A86="" - "",0,-SUMIFS(Transactions!$J:$J,Transactions!$G:$G,A86,Transactions!$B:$B,"">=""&date_begin,Transactions!$B:$B,""<=""&date_end)+SUMIFS(Transactions!$I:$I,Transactions!$G:$G,A86,Transactions!$B:$B,"">=""&date_begin,Transactions!$B:$B,""<=""&date_end))",A86,"Weekly!E86,Weekly!F86"
Weekly,E86,"=IF($D$157=0,"" - "",D86/$D$157)",D86,
Weekly,F86,=B86-D86,"B86,D86",
Weekly,G86,,,
Weekly,A87,Other_2,,Weekly!D87
Weekly,B87,,,"Weekly!C87,Weekly!F87"
Weekly,C87,"=IF($B$157=0,"" - "",B87/$B$157)",B87,
Weekly,D87,"=IF(A87="" - "",0,-SUMIFS(Transactions!$J:$J,Transactions!$G:$G,A87,Transactions!$B:$B,"">=""&date_begin,Transactions!$B:$B,""<=""&date_end)+SUMIFS(Transactions!$I:$I,Transactions!$G:$G,A87,Transactions!$B:$B,"">=""&date_begin,Transactions!$B:$B,""<=""&date_end))",A87,"Weekly!E87,Weekly!F87"
Weekly,E87,"=IF($D$157=0,"" - "",D87/$D$157)",D87,
Weekly,F87,=B87-D87,"B87,D87",
Weekly,G87,,,
Weekly,A88,Other_3,,Weekly!D88
Weekly,B88,,,"Weekly!C88,Weekly!F88"
Weekly,C88,"=IF($B$157=0,"" - "",B88/$B$157)",B88,
Weekly,D88,"=IF(A88="" - "",0,-SUMIFS(Transactions!$J:$J,Transactions!$G:$G,A88,Transactions!$B:$B,"">=""&date_begin,Transactions!$B:$B,""<=""&date_end)+SUMIFS(Transactions!$I:$I,Transactions!$G:$G,A88,Transactions!$B:$B,"">=""&date_begin,Transactions!$B:$B,""<=""&date_end))",A88,"Weekly!E88,Weekly!F88"
Weekly,E88,"=IF($D$157=0,"" - "",D88/$D$157)",D88,
Weekly,F88,=B88-D88,"B88,D88",
Weekly,G88,,,
Weekly,A89,Other_4,,Weekly!D89
Weekly,B89,,,"Weekly!C89,Weekly!F89"
Weekly,C89,"=IF($B$157=0,"" - "",B89/$B$157)",B89,
Weekly,D89,"=IF(A89="" - "",0,-SUMIFS(Transactions!$J:$J,Transactions!$G:$G,A89,Transactions!$B:$B,"">=""&date_begin,Transactions!$B:$B,""<=""&date_end)+SUMIFS(Transactions!$I:$I,Transactions!$G:$G,A89,Transactions!$B:$B,"">=""&date_begin,Transactions!$B:$B,""<=""&date_end))",A89,"Weekly!E89,Weekly!F89"
Weekly,E89,"=IF($D$157=0,"" - "",D89/$D$157)",D89,
Weekly,F89,=B89-D89,"B89,D89",
Weekly,G89,,,
Weekly,A90,Other_5,,Weekly!D90
Weekly,B90,,,"Weekly!C90,Weekly!F90"
Weekly,C90,"=IF($B$157=0,"" - "",B90/$B$157)",B90,
Weekly,D90,"=IF(A90="" - "",0,-SUMIFS(Transactions!$J:$J,Transactions!$G:$G,A90,Transactions!$B:$B,"">=""&date_begin,Transactions!$B:$B,""<=""&date_end)+SUMIFS(Transactions!$I:$I,Transactions!$G:$G,A90,Transactions!$B:$B,"">=""&date_begin,Transactions!$B:$B,""<=""&date_end))",A90,"Weekly!E90,Weekly!F90"
Weekly,E90,"=IF($D$157=0,"" - "",D90/$D$157)",D90,
Weekly,F90,=B90-D90,"B90,D90",
Weekly,G90,,,
Weekly,A91,Personal Supplies,,Weekly!D91
Weekly,B91,,,"Weekly!C91,Weekly!F91"
Weekly,C91,"=IF($B$157=0,"" - "",B91/$B$157)",B91,
Weekly,D91,"=IF(A91="" - "",0,-SUMIFS(Transactions!$J:$J,Transactions!$G:$G,A91,Transactions!$B:$B,"">=""&date_begin,Transactions!$B:$B,""<=""&date_end)+SUMIFS(Transactions!$I:$I,Transactions!$G:$G,A91,Transactions!$B:$B,"">=""&date_begin,Transactions!$B:$B,""<=""&date_end))",A91,"Weekly!E91,Weekly!F91"
Weekly,E91,"=IF($D$157=0,"" - "",D91/$D$157)",D91,
Weekly,F91,=B91-D91,"B91,D91",
Weekly,G91,,,
Weekly,A92,Retirement Fund,,Weekly!D92
Weekly,B92,,,"Weekly!C92,Weekly!F92"
Weekly,C92,"=IF($B$157=0,"" - "",B92/$B$157)",B92,
Weekly,D92,"=IF(A92="" - "",0,-SUMIFS(Transactions!$J:$J,Transactions!$G:$G,A92,Transactions!$B:$B,"">=""&date_begin,Transactions!$B:$B,""<=""&date_end)+SUMIFS(Transactions!$I:$I,Transactions!$G:$G,A92,Transactions!$B:$B,"">=""&date_begin,Transactions!$B:$B,""<=""&date_end))",A92,"Weekly!E92,Weekly!F92"
Weekly,E92,"=IF($D$157=0,"" - "",D92/$D$157)",D92,
Weekly,F92,=B92-D92,"B92,D92",
Weekly,G92,,,
Weekly,A93,Subscriptions/Dues,,Weekly!D93
Weekly,B93,,,"Weekly!C93,Weekly!F93"
Weekly,C93,"=IF($B$157=0,"" - "",B93/$B$157)",B93,
Weekly,D93,"=IF(A93="" - "",0,-SUMIFS(Transactions!$J:$J,Transactions!$G:$G,A93,Transactions!$B:$B,"">=""&date_begin,Transactions!$B:$B,""<=""&date_end)+SUMIFS(Transactions!$I:$I,Transactions!$G:$G,A93,Transactions!$B:$B,"">=""&date_begin,Transactions!$B:$B,""<=""&date_end))",A93,"Weekly!E93,Weekly!F93"
Weekly,E93,"=IF($D$157=0,"" - "",D93/$D$157)",D93,
Weekly,F93,=B93-D93,"B93,D93",
Weekly,G93,,,
Weekly,A94,Taxes,,Weekly!D94
Weekly,B94,,,"Weekly!C94,Weekly!F94"
Weekly,C94,"=IF($B$157=0,"" - "",B94/$B$157)",B94,
Weekly,D94,"=IF(A94="" - "",0,-SUMIFS(Transactions!$J:$J,Transactions!$G:$G,A94,Transactions!$B:$B,"">=""&date_begin,Transactions!$B:$B,""<=""&date_end)+SUMIFS(Transactions!$I:$I,Transactions!$G:$G,A94,Transactions!$B:$B,"">=""&date_begin,Transactions!$B:$B,""<=""&date_end))",A94,"Weekly!E94,Weekly!F94"
Weekly,E94,"=IF($D$157=0,"" - "",D94/$D$157)",D94,
Weekly,F94,=B94-D94,"B94,D94",
Weekly,G94,,,
Weekly,A95,Util. Electricity,,Weekly!D95
Weekly,B95,,,"Weekly!C95,Weekly!F95"
Weekly,C95,"=IF($B$157=0,"" - "",B95/$B$157)",B95,
Weekly,D95,"=IF(A95="" - "",0,-SUMIFS(Transactions!$J:$J,Transactions!$G:$G,A95,Transactions!$B:$B,"">=""&date_begin,Transactions!$B:$B,""<=""&date_end)+SUMIFS(Transactions!$I:$I,Transactions!$G:$G,A95,Transactions!$B:$B,"">=""&date_begin,Transactions!$B:$B,""<=""&date_end))",A95,"Weekly!E95,Weekly!F95"
Weekly,E95,"=IF($D$157=0,"" - "",D95/$D$157)",D95,
Weekly,F95,=B95-D95,"B95,D95",
Weekly,G95,,,
Weekly,A96,Util. Gas,,Weekly!D96
Weekly,B96,,,"Weekly!C96,Weekly!F96"
Weekly,C96,"=IF($B$157=0,"" - "",B96/$B$157)",B96,
Weekly,D96,"=IF(A96="" - "",0,-SUMIFS(Transactions!$J:$J,Transactions!$G:$G,A96,Transactions!$B:$B,"">=""&date_begin,Transactions!$B:$B,""<=""&date_end)+SUMIFS(Transactions!$I:$I,Transactions!$G:$G,A96,Transactions!$B:$B,"">=""&date_begin,Transactions!$B:$B,""<=""&date_end))",A96,"Weekly!E96,Weekly!F96"
Weekly,E96,"=IF($D$157=0,"" - "",D96/$D$157)",D96,
Weekly,F96,=B96-D96,"B96,D96",
Weekly,G96,,,
Weekly,A97,Util. Phone(s),,Weekly!D97
Weekly,B97,,,"Weekly!C97,Weekly!F97"
Weekly,C97,"=IF($B$157=0,"" - "",B97/$B$157)",B97,
Weekly,D97,"=IF(A97="" - "",0,-SUMIFS(Transactions!$J:$J,Transactions!$G:$G,A97,Transactions!$B:$B,"">=""&date_begin,Transactions!$B:$B,""<=""&date_end)+SUMIFS(Transactions!$I:$I,Transactions!$G:$G,A97,Transactions!$B:$B,"">=""&date_begin,Transactions!$B:$B,""<=""&date_end))",A97,"Weekly!E97,Weekly!F97"
Weekly,E97,"=IF($D$157=0,"" - "",D97/$D$157)",D97,
Weekly,F97,=B97-D97,"B97,D97",
Weekly,G97,,,
Weekly,A98,Util. TV / Internet,,Weekly!D98
Weekly,B98,,,"Weekly!C98,Weekly!F98"
Weekly,C98,"=IF($B$157=0,"" - "",B98/$B$157)",B98,
Weekly,D98,"=IF(A98="" - "",0,-SUMIFS(Transactions!$J:$J,Transactions!$G:$G,A98,Transactions!$B:$B,"">=""&date_begin,Transactions!$B:$B,""<=""&date_end)+SUMIFS(Transactions!$I:$I,Transactions!$G:$G,A98,Transactions!$B:$B,"">=""&date_begin,Transactions!$B:$B,""<=""&date_end))",A98,"Weekly!E98,Weekly!F98"
Weekly,E98,"=IF($D$157=0,"" - "",D98/$D$157)",D98,
Weekly,F98,=B98-D98,"B98,D98",
Weekly,G98,,,
Weekly,A99,Util. Water,,Weekly!D99
Weekly,B99,,,"Weekly!C99,Weekly!F99"
Weekly,C99,"=IF($B$157=0,"" - "",B99/$B$157)",B99,
Weekly,D99,"=IF(A99="" - "",0,-SUMIFS(Transactions!$J:$J,Transactions!$G:$G,A99,Transactions!$B:$B,"">=""&date_begin,Transactions!$B:$B,""<=""&date_end)+SUMIFS(Transactions!$I:$I,Transactions!$G:$G,A99,Transactions!$B:$B,"">=""&date_begin,Transactions!$B:$B,""<=""&date_end))",A99,"Weekly!E99,Weekly!F99"
Weekly,E99,"=IF($D$157=0,"" - "",D99/$D$157)",D99,
Weekly,F99,=B99-D99,"B99,D99",
Weekly,G99,,,
Weekly,A100, - ,,Weekly!D100
Weekly,B100,,,"Weekly!C100,Weekly!F100"
Weekly,C100,"=IF($B$157=0,"" - "",B100/$B$157)",B100,
Weekly,D100,"=IF(A100="" - "",0,-SUMIFS(Transactions!$J:$J,Transactions!$G:$G,A100,Transactions!$B:$B,"">=""&date_begin,Transactions!$B:$B,""<=""&date_end)+SUMIFS(Transactions!$I:$I,Transactions!$G:$G,A100,Transactions!$B:$B,"">=""&date_begin,Transactions!$B:$B,""<=""&date_end))",A100,"Weekly!E100,Weekly!F100"
Weekly,E100,"=IF($D$157=0,"" - "",D100/$D$157)",D100,
Weekly,F100,=B100-D100,"B100,D100",
Weekly,G100,,,
Weekly,A101, - ,,Weekly!D101
Weekly,B101,,,"Weekly!C101,Weekly!F101"
Weekly,C101,"=IF($B$157=0,"" - "",B101/$B$157)",B101,
Weekly,D101,"=IF(A101="" - "",0,-SUMIFS(Transactions!$J:$J,Transactions!$G:$G,A101,Transactions!$B:$B,"">=""&date_begin,Transactions!$B:$B,""<=""&date_end)+SUMIFS(Transactions!$I:$I,Transactions!$G:$G,A101,Transactions!$B:$B,"">=""&date_begin,Transactions!$B:$B,""<=""&date_end))",A101,"Weekly!E101,Weekly!F101"
Weekly,E101,"=IF($D$157=0,"" - "",D101/$D$157)",D101,
Weekly,F101,=B101-D101,"B101,D101",
Weekly,G101,,,
Weekly,A102, - ,,Weekly!D102
Weekly,B102,,,"Weekly!C102,Weekly!F102"
Weekly,C102,"=IF($B$157=0,"" - "",B102/$B$157)",B102,
Weekly,D102,"=IF(A102="" - "",0,-SUMIFS(Transactions!$J:$J,Transactions!$G:$G,A102,Transactions!$B:$B,"">=""&date_begin,Transactions!$B:$B,""<=""&date_end)+SUMIFS(Transactions!$I:$I,Transactions!$G:$G,A102,Transactions!$B:$B,"">=""&date_begin,Transactions!$B:$B,""<=""&date_end))",A102,"Weekly!E102,Weekly!F102"
Weekly,E102,"=IF($D$157=0,"" - "",D102/$D$157)",D102,
Weekly,F102,=B102-D102,"B102,D102",
Weekly,G102,,,
Weekly,A103, - ,,Weekly!D103
Weekly,B103,,,"Weekly!C103,Weekly!F103"
Weekly,C103,"=IF($B$157=0,"" - "",B103/$B$157)",B103,
Weekly,D103,"=IF(A103="" - "",0,-SUMIFS(Transactions!$J:$J,Transactions!$G:$G,A103,Transactions!$B:$B,"">=""&date_begin,Transactions!$B:$B,""<=""&date_end)+SUMIFS(Transactions!$I:$I,Transactions!$G:$G,A103,Transactions!$B:$B,"">=""&date_begin,Transactions!$B:$B,""<=""&date_end))",A103,"Weekly!E103,Weekly!F103"
Weekly,E103,"=IF($D$157=0,"" - "",D103/$D$157)",D103,
Weekly,F103,=B103-D103,"B103,D103",
Weekly,G103,,,
Weekly,A104, - ,,Weekly!D104
Weekly,B104,,,"Weekly!C104,Weekly!F104"
Weekly,C104,"=IF($B$157=0,"" - "",B104/$B$157)",B104,
Weekly,D104,"=IF(A104="" - "",0,-SUMIFS(Transactions!$J:$J,Transactions!$G:$G,A104,Transactions!$B:$B,"">=""&date_begin,Transactions!$B:$B,""<=""&date_end)+SUMIFS(Transactions!$I:$I,Transactions!$G:$G,A104,Transactions!$B:$B,"">=""&date_begin,Transactions!$B:$B,""<=""&date_end))",A104,"Weekly!E104,Weekly!F104"
Weekly,E104,"=IF($D$157=0,"" - "",D104/$D$157)",D104,
Weekly,F104,=B104-D104,"B104,D104",
Weekly,G104,,,
Weekly,A105, - ,,Weekly!D105
Weekly,B105,,,"Weekly!C105,Weekly!F105"
Weekly,C105,"=IF($B$157=0,"" - "",B105/$B$157)",B105,
Weekly,D105,"=IF(A105="" - "",0,-SUMIFS(Transactions!$J:$J,Transactions!$G:$G,A105,Transactions!$B:$B,"">=""&date_begin,Transactions!$B:$B,""<=""&date_end)+SUMIFS(Transactions!$I:$I,Transactions!$G:$G,A105,Transactions!$B:$B,"">=""&date_begin,Transactions!$B:$B,""<=""&date_end))",A105,"Weekly!E105,Weekly!F105"
Weekly,E105,"=IF($D$157=0,"" - "",D105/$D$157)",D105,
Weekly,F105,=B105-D105,"B105,D105",
Weekly,G105,,,
Weekly,A106, - ,,Weekly!D106
Weekly,B106,,,"Weekly!C106,Weekly!F106"
Weekly,C106,"=IF($B$157=0,"" - "",B106/$B$157)",B106,
Weekly,D106,"=IF(A106="" - "",0,-SUMIFS(Transactions!$J:$J,Transactions!$G:$G,A106,Transactions!$B:$B,"">=""&date_begin,Transactions!$B:$B,""<=""&date_end)+SUMIFS(Transactions!$I:$I,Transactions!$G:$G,A106,Transactions!$B:$B,"">=""&date_begin,Transactions!$B:$B,""<=""&date_end))",A106,"Weekly!E106,Weekly!F106"
Weekly,E106,"=IF($D$157=0,"" - "",D106/$D$157)",D106,
Weekly,F106,=B106-D106,"B106,D106",
Weekly,G106,,,
Weekly,A107, - ,,Weekly!D107
Weekly,B107,,,"Weekly!C107,Weekly!F107"
Weekly,C107,"=IF($B$157=0,"" - "",B107/$B$157)",B107,
Weekly,D107,"=IF(A107="" - "",0,-SUMIFS(Transactions!$J:$J,Transactions!$G:$G,A107,Transactions!$B:$B,"">=""&date_begin,Transactions!$B:$B,""<=""&date_end)+SUMIFS(Transactions!$I:$I,Transactions!$G:$G,A107,Transactions!$B:$B,"">=""&date_begin,Transactions!$B:$B,""<=""&date_end))",A107,"Weekly!E107,Weekly!F107"
Weekly,E107,"=IF($D$157=0,"" - "",D107/$D$157)",D107,
Weekly,F107,=B107-D107,"B107,D107",
Weekly,G107,,,
Weekly,A108, - ,,Weekly!D108
Weekly,B108,,,"Weekly!C108,Weekly!F108"
Weekly,C108,"=IF($B$157=0,"" - "",B108/$B$157)",B108,
Weekly,D108,"=IF(A108="" - "",0,-SUMIFS(Transactions!$J:$J,Transactions!$G:$G,A108,Transactions!$B:$B,"">=""&date_begin,Transactions!$B:$B,""<=""&date_end)+SUMIFS(Transactions!$I:$I,Transactions!$G:$G,A108,Transactions!$B:$B,"">=""&date_begin,Transactions!$B:$B,""<=""&date_end))",A108,"Weekly!E108,Weekly!F108"
Weekly,E108,"=IF($D$157=0,"" - "",D108/$D$157)",D108,
Weekly,F108,=B108-D108,"B108,D108",
Weekly,G108,,,
Weekly,A109, - ,,Weekly!D109
Weekly,B109,,,"Weekly!C109,Weekly!F109"
Weekly,C109,"=IF($B$157=0,"" - "",B109/$B$157)",B109,
Weekly,D109,"=IF(A109="" - "",0,-SUMIFS(Transactions!$J:$J,Transactions!$G:$G,A109,Transactions!$B:$B,"">=""&date_begin,Transactions!$B:$B,""<=""&date_end)+SUMIFS(Transactions!$I:$I,Transactions!$G:$G,A109,Transactions!$B:$B,"">=""&date_begin,Transactions!$B:$B,""<=""&date_end))",A109,"Weekly!E109,Weekly!F109"
Weekly,E109,"=IF($D$157=0,"" - "",D109/$D$157)",D109,
Weekly,F109,=B109-D109,"B109,D109",
Weekly,G109,,,
Weekly,A110, - ,,Weekly!D110
Weekly,B110,,,"Weekly!C110,Weekly!F110"
Weekly,C110,"=IF($B$157=0,"" - "",B110/$B$157)",B110,
Weekly,D110,"=IF(A110="" - "",0,-SUMIFS(Transactions!$J:$J,Transactions!$G:$G,A110,Transactions!$B:$B,"">=""&date_begin,Transactions!$B:$B,""<=""&date_end)+SUMIFS(Transactions!$I:$I,Transactions!$G:$G,A110,Transactions!$B:$B,"">=""&date_begin,Transactions!$B:$B,""<=""&date_end))",A110,"Weekly!E110,Weekly!F110"
Weekly,E110,"=IF($D$157=0,"" - "",D110/$D$157)",D110,
Weekly,F110,=B110-D110,"B110,D110",
Weekly,G110,,,
Weekly,A111, - ,,Weekly!D111
Weekly,B111,,,"Weekly!C111,Weekly!F111"
Weekly,C111,"=IF($B$157=0,"" - "",B111/$B$157)",B111,
Weekly,D111,"=IF(A111="" - "",0,-SUMIFS(Transactions!$J:$J,Transactions!$G:$G,A111,Transactions!$B:$B,"">=""&date_begin,Transactions!$B:$B,""<=""&date_end)+SUMIFS(Transactions!$I:$I,Transactions!$G:$G,A111,Transactions!$B:$B,"">=""&date_begin,Transactions!$B:$B,""<=""&date_end))",A111,"Weekly!E111,Weekly!F111"
Weekly,E111,"=IF($D$157=0,"" - "",D111/$D$157)",D111,
Weekly,F111,=B111-D111,"B111,D111",
Weekly,G111,,,
Weekly,A112, - ,,Weekly!D112
Weekly,B112,,,"Weekly!C112,Weekly!F112"
Weekly,C112,"=IF($B$157=0,"" - "",B112/$B$157)",B112,
Weekly,D112,"=IF(A112="" - "",0,-SUMIFS(Transactions!$J:$J,Transactions!$G:$G,A112,Transactions!$B:$B,"">=""&date_begin,Transactions!$B:$B,""<=""&date_end)+SUMIFS(Transactions!$I:$I,Transactions!$G:$G,A112,Transactions!$B:$B,"">=""&date_begin,Transactions!$B:$B,""<=""&date_end))",A112,"Weekly!E112,Weekly!F112"
Weekly,E112,"=IF($D$157=0,"" - "",D112/$D$157)",D112,
Weekly,F112,=B112-D112,"B112,D112",
Weekly,G112,,,
Weekly,A113, - ,,Weekly!D113
Weekly,B113,,,"Weekly!C113,Weekly!F113"
Weekly,C113,"=IF($B$157=0,"" - "",B113/$B$157)",B113,
Weekly,D113,"=IF(A113="" - "",0,-SUMIFS(Transactions!$J:$J,Transactions!$G:$G,A113,Transactions!$B:$B,"">=""&date_begin,Transactions!$B:$B,""<=""&date_end)+SUMIFS(Transactions!$I:$I,Transactions!$G:$G,A113,Transactions!$B:$B,"">=""&date_begin,Transactions!$B:$B,""<=""&date_end))",A113,"Weekly!E113,Weekly!F113"
Weekly,E113,"=IF($D$157=0,"" - "",D113/$D$157)",D113,
Weekly,F113,=B113-D113,"B113,D113",
Weekly,G113,,,
Weekly,A114, - ,,Weekly!D114
Weekly,B114,,,"Weekly!C114,Weekly!F114"
Weekly,C114,"=IF($B$157=0,"" - "",B114/$B$157)",B114,
Weekly,D114,"=IF(A114="" - "",0,-SUMIFS(Transactions!$J:$J,Transactions!$G:$G,A114,Transactions!$B:$B,"">=""&date_begin,Transactions!$B:$B,""<=""&date_end)+SUMIFS(Transactions!$I:$I,Transactions!$G:$G,A114,Transactions!$B:$B,"">=""&date_begin,Transactions!$B:$B,""<=""&date_end))",A114,"Weekly!E114,Weekly!F114"
Weekly,E114,"=IF($D$157=0,"" - "",D114/$D$157)",D114,
Weekly,F114,=B114-D114,"B114,D114",
Weekly,G114,,,
Weekly,A115, - ,,Weekly!D115
Weekly,B115,,,"Weekly!C115,Weekly!F115"
Weekly,C115,"=IF($B$157=0,"" - "",B115/$B$157)",B115,
Weekly,D115,"=IF(A115="" - "",0,-SUMIFS(Transactions!$J:$J,Transactions!$G:$G,A115,Transactions!$B:$B,"">=""&date_begin,Transactions!$B:$B,""<=""&date_end)+SUMIFS(Transactions!$I:$I,Transactions!$G:$G,A115,Transactions!$B:$B,"">=""&date_begin,Transactions!$B:$B,""<=""&date_end))",A115,"Weekly!E115,Weekly!F115"
Weekly,E115,"=IF($D$157=0,"" - "",D115/$D$157)",D115,
Weekly,F115,=B115-D115,"B115,D115",
Weekly,G115,,,
Weekly,A116, - ,,Weekly!D116
Weekly,B116,,,"Weekly!C116,Weekly!F116"
Weekly,C116,"=IF($B$157=0,"" - "",B116/$B$157)",B116,
Weekly,D116,"=IF(A116="" - "",0,-SUMIFS(Transactions!$J:$J,Transactions!$G:$G,A116,Transactions!$B:$B,"">=""&date_begin,Transactions!$B:$B,""<=""&date_end)+SUMIFS(Transactions!$I:$I,Transactions!$G:$G,A116,Transactions!$B:$B,"">=""&date_begin,Transactions!$B:$B,""<=""&date_end))",A116,"Weekly!E116,Weekly!F116"
Weekly,E116,"=IF($D$157=0,"" - "",D116/$D$157)",D116,
Weekly,F116,=B116-D116,"B116,D116",
Weekly,G116,,,
Weekly,A117, - ,,Weekly!D117
Weekly,B117,,,"Weekly!C117,Weekly!F117"
Weekly,C117,"=IF($B$157=0,"" - "",B117/$B$157)",B117,
Weekly,D117,"=IF(A117="" - "",0,-SUMIFS(Transactions!$J:$J,Transactions!$G:$G,A117,Transactions!$B:$B,"">=""&date_begin,Transactions!$B:$B,""<=""&date_end)+SUMIFS(Transactions!$I:$I,Transactions!$G:$G,A117,Transactions!$B:$B,"">=""&date_begin,Transactions!$B:$B,""<=""&date_end))",A117,"Weekly!E117,Weekly!F117"
Weekly,E117,"=IF($D$157=0,"" - "",D117/$D$157)",D117,
Weekly,F117,=B117-D117,"B117,D117",
Weekly,G117,,,
Weekly,A118, - ,,Weekly!D118
Weekly,B118,,,"Weekly!C118,Weekly!F118"
Weekly,C118,"=IF($B$157=0,"" - "",B118/$B$157)",B118,
Weekly,D118,"=IF(A118="" - "",0,-SUMIFS(Transactions!$J:$J,Transactions!$G:$G,A118,Transactions!$B:$B,"">=""&date_begin,Transactions!$B:$B,""<=""&date_end)+SUMIFS(Transactions!$I:$I,Transactions!$G:$G,A118,Transactions!$B:$B,"">=""&date_begin,Transactions!$B:$B,""<=""&date_end))",A118,"Weekly!E118,Weekly!F118"
Weekly,E118,"=IF($D$157=0,"" - "",D118/$D$157)",D118,
Weekly,F118,=B118-D118,"B118,D118",
Weekly,G118,,,
Weekly,A119, - ,,Weekly!D119
Weekly,B119,,,"Weekly!C119,Weekly!F119"
Weekly,C119,"=IF($B$157=0,"" - "",B119/$B$157)",B119,
Weekly,D119,"=IF(A119="" - "",0,-SUMIFS(Transactions!$J:$J,Transactions!$G:$G,A119,Transactions!$B:$B,"">=""&date_begin,Transactions!$B:$B,""<=""&date_end)+SUMIFS(Transactions!$I:$I,Transactions!$G:$G,A119,Transactions!$B:$B,"">=""&date_begin,Transactions!$B:$B,""<=""&date_end))",A119,"Weekly!E119,Weekly!F119"
Weekly,E119,"=IF($D$157=0,"" - "",D119/$D$157)",D119,
Weekly,F119,=B119-D119,"B119,D119",
Weekly,G119,,,
Weekly,A120, - ,,Weekly!D120
Weekly,B120,,,"Weekly!C120,Weekly!F120"
Weekly,C120,"=IF($B$157=0,"" - "",B120/$B$157)",B120,
Weekly,D120,"=IF(A120="" - "",0,-SUMIFS(Transactions!$J:$J,Transactions!$G:$G,A120,Transactions!$B:$B,"">=""&date_begin,Transactions!$B:$B,""<=""&date_end)+SUMIFS(Transactions!$I:$I,Transactions!$G:$G,A120,Transactions!$B:$B,"">=""&date_begin,Transactions!$B:$B,""<=""&date_end))",A120,"Weekly!E120,Weekly!F120"
Weekly,E120,"=IF($D$157=0,"" - "",D120/$D$157)",D120,
Weekly,F120,=B120-D120,"B120,D120",
Weekly,G120,,,
Weekly,A121, - ,,Weekly!D121
Weekly,B121,,,"Weekly!C121,Weekly!F121"
Weekly,C121,"=IF($B$157=0,"" - "",B121/$B$157)",B121,
Weekly,D121,"=IF(A121="" - "",0,-SUMIFS(Transactions!$J:$J,Transactions!$G:$G,A121,Transactions!$B:$B,"">=""&date_begin,Transactions!$B:$B,""<=""&date_end)+SUMIFS(Transactions!$I:$I,Transactions!$G:$G,A121,Transactions!$B:$B,"">=""&date_begin,Transactions!$B:$B,""<=""&date_end))",A121,"Weekly!E121,Weekly!F121"
Weekly,E121,"=IF($D$157=0,"" - "",D121/$D$157)",D121,
Weekly,F121,=B121-D121,"B121,D121",
Weekly,G121,,,
Weekly,A122, - ,,Weekly!D122
Weekly,B122,,,"Weekly!C122,Weekly!F122"
Weekly,C122,"=IF($B$157=0,"" - "",B122/$B$157)",B122,
Weekly,D122,"=IF(A122="" - "",0,-SUMIFS(Transactions!$J:$J,Transactions!$G:$G,A122,Transactions!$B:$B,"">=""&date_begin,Transactions!$B:$B,""<=""&date_end)+SUMIFS(Transactions!$I:$I,Transactions!$G:$G,A122,Transactions!$B:$B,"">=""&date_begin,Transactions!$B:$B,""<=""&date_end))",A122,"Weekly!E122,Weekly!F122"
Weekly,E122,"=IF($D$157=0,"" - "",D122/$D$157)",D122,
Weekly,F122,=B122-D122,"B122,D122",
Weekly,G122,,,
Weekly,A123, - ,,Weekly!D123
Weekly,B123,,,"Weekly!C123,Weekly!F123"
Weekly,C123,"=IF($B$157=0,"" - "",B123/$B$157)",B123,
Weekly,D123,"=IF(A123="" - "",0,-SUMIFS(Transactions!$J:$J,Transactions!$G:$G,A123,Transactions!$B:$B,"">=""&date_begin,Transactions!$B:$B,""<=""&date_end)+SUMIFS(Transactions!$I:$I,Transactions!$G:$G,A123,Transactions!$B:$B,"">=""&date_begin,Transactions!$B:$B,""<=""&date_end))",A123,"Weekly!E123,Weekly!F123"
Weekly,E123,"=IF($D$157=0,"" - "",D123/$D$157)",D123,
Weekly,F123,=B123-D123,"B123,D123",
Weekly,G123,,,
Weekly,A124, - ,,Weekly!D124
Weekly,B124,,,"Weekly!C124,Weekly!F124"
Weekly,C124,"=IF($B$157=0,"" - "",B124/$B$157)",B124,
Weekly,D124,"=IF(A124="" - "",0,-SUMIFS(Transactions!$J:$J,Transactions!$G:$G,A124,Transactions!$B:$B,"">=""&date_begin,Transactions!$B:$B,""<=""&date_end)+SUMIFS(Transactions!$I:$I,Transactions!$G:$G,A124,Transactions!$B:$B,"">=""&date_begin,Transactions!$B:$B,""<=""&date_end))",A124,"Weekly!E124,Weekly!F124"
Weekly,E124,"=IF($D$157=0,"" - "",D124/$D$157)",D124,
Weekly,F124,=B124-D124,"B124,D124",
Weekly,G124,,,
Weekly,A125, - ,,Weekly!D125
Weekly,B125,,,"Weekly!C125,Weekly!F125"
Weekly,C125,"=IF($B$157=0,"" - "",B125/$B$157)",B125,
Weekly,D125,"=IF(A125="" - "",0,-SUMIFS(Transactions!$J:$J,Transactions!$G:$G,A125,Transactions!$B:$B,"">=""&date_begin,Transactions!$B:$B,""<=""&date_end)+SUMIFS(Transactions!$I:$I,Transactions!$G:$G,A125,Transactions!$B:$B,"">=""&date_begin,Transactions!$B:$B,""<=""&date_end))",A125,"Weekly!E125,Weekly!F125"
Weekly,E125,"=IF($D$157=0,"" - "",D125/$D$157)",D125,
Weekly,F125,=B125-D125,"B125,D125",
Weekly,G125,,,
Weekly,A126, - ,,Weekly!D126
Weekly,B126,,,"Weekly!C126,Weekly!F126"
Weekly,C126,"=IF($B$157=0,"" - "",B126/$B$157)",B126,
Weekly,D126,"=IF(A126="" - "",0,-SUMIFS(Transactions!$J:$J,Transactions!$G:$G,A126,Transactions!$B:$B,"">=""&date_begin,Transactions!$B:$B,""<=""&date_end)+SUMIFS(Transactions!$I:$I,Transactions!$G:$G,A126,Transactions!$B:$B,"">=""&date_begin,Transactions!$B:$B,""<=""&date_end))",A126,"Weekly!E126,Weekly!F126"
Weekly,E126,"=IF($D$157=0,"" - "",D126/$D$157)",D126,
Weekly,F126,=B126-D126,"B126,D126",
Weekly,G126,,,
Weekly,A127, - ,,Weekly!D127
Weekly,B127,,,"Weekly!C127,Weekly!F127"
Weekly,C127,"=IF($B$157=0,"" - "",B127/$B$157)",B127,
Weekly,D127,"=IF(A127="" - "",0,-SUMIFS(Transactions!$J:$J,Transactions!$G:$G,A127,Transactions!$B:$B,"">=""&date_begin,Transactions!$B:$B,""<=""&date_end)+SUMIFS(Transactions!$I:$I,Transactions!$G:$G,A127,Transactions!$B:$B,"">=""&date_begin,Transactions!$B:$B,""<=""&date_end))",A127,"Weekly!E127,Weekly!F127"
Weekly,E127,"=IF($D$157=0,"" - "",D127/$D$157)",D127,
Weekly,F127,=B127-D127,"B127,D127",
Weekly,G127,,,
Weekly,A128, - ,,Weekly!D128
Weekly,B128,,,"Weekly!C128,Weekly!F128"
Weekly,C128,"=IF($B$157=0,"" - "",B128/$B$157)",B128,
Weekly,D128,"=IF(A128="" - "",0,-SUMIFS(Transactions!$J:$J,Transactions!$G:$G,A128,Transactions!$B:$B,"">=""&date_begin,Transactions!$B:$B,""<=""&date_end)+SUMIFS(Transactions!$I:$I,Transactions!$G:$G,A128,Transactions!$B:$B,"">=""&date_begin,Transactions!$B:$B,""<=""&date_end))",A128,"Weekly!E128,Weekly!F128"
Weekly,E128,"=IF($D$157=0,"" - "",D128/$D$157)",D128,
Weekly,F128,=B128-D128,"B128,D128",
Weekly,G128,,,
Weekly,A129, - ,,Weekly!D129
Weekly,B129,,,"Weekly!C129,Weekly!F129"
Weekly,C129,"=IF($B$157=0,"" - "",B129/$B$157)",B129,
Weekly,D129,"=IF(A129="" - "",0,-SUMIFS(Transactions!$J:$J,Transactions!$G:$G,A129,Transactions!$B:$B,"">=""&date_begin,Transactions!$B:$B,""<=""&date_end)+SUMIFS(Transactions!$I:$I,Transactions!$G:$G,A129,Transactions!$B:$B,"">=""&date_begin,Transactions!$B:$B,""<=""&date_end))",A129,"Weekly!E129,Weekly!F129"
Weekly,E129,"=IF($D$157=0,"" - "",D129/$D$157)",D129,
Weekly,F129,=B129-D129,"B129,D129",
Weekly,G129,,,
Weekly,A130, - ,,Weekly!D130
Weekly,B130,,,"Weekly!C130,Weekly!F130"
Weekly,C130,"=IF($B$157=0,"" - "",B130/$B$157)",B130,
Weekly,D130,"=IF(A130="" - "",0,-SUMIFS(Transactions!$J:$J,Transactions!$G:$G,A130,Transactions!$B:$B,"">=""&date_begin,Transactions!$B:$B,""<=""&date_end)+SUMIFS(Transactions!$I:$I,Transactions!$G:$G,A130,Transactions!$B:$B,"">=""&date_begin,Transactions!$B:$B,""<=""&date_end))",A130,"Weekly!E130,Weekly!F130"
Weekly,E130,"=IF($D$157=0,"" - "",D130/$D$157)",D130,
Weekly,F130,=B130-D130,"B130,D130",
Weekly,G130,,,
Weekly,A131, - ,,Weekly!D131
Weekly,B131,,,"Weekly!C131,Weekly!F131"
Weekly,C131,"=IF($B$157=0,"" - "",B131/$B$157)",B131,
Weekly,D131,"=IF(A131="" - "",0,-SUMIFS(Transactions!$J:$J,Transactions!$G:$G,A131,Transactions!$B:$B,"">=""&date_begin,Transactions!$B:$B,""<=""&date_end)+SUMIFS(Transactions!$I:$I,Transactions!$G:$G,A131,Transactions!$B:$B,"">=""&date_begin,Transactions!$B:$B,""<=""&date_end))",A131,"Weekly!E131,Weekly!F131"
Weekly,E131,"=IF($D$157=0,"" - "",D131/$D$157)",D131,
Weekly,F131,=B131-D131,"B131,D131",
Weekly,G131,,,
Weekly,A132, - ,,Weekly!D132
Weekly,B132,,,"Weekly!C132,Weekly!F132"
Weekly,C132,"=IF($B$157=0,"" - "",B132/$B$157)",B132,
Weekly,D132,"=IF(A132="" - "",0,-SUMIFS(Transactions!$J:$J,Transactions!$G:$G,A132,Transactions!$B:$B,"">=""&date_begin,Transactions!$B:$B,""<=""&date_end)+SUMIFS(Transactions!$I:$I,Transactions!$G:$G,A132,Transactions!$B:$B,"">=""&date_begin,Transactions!$B:$B,""<=""&date_end))",A132,"Weekly!E132,Weekly!F132"
Weekly,E132,"=IF($D$157=0,"" - "",D132/$D$157)",D132,
Weekly,F132,=B132-D132,"B132,D132",
Weekly,G132,,,
Weekly,A133, - ,,Weekly!D133
Weekly,B133,,,"Weekly!C133,Weekly!F133"
Weekly,C133,"=IF($B$157=0,"" - "",B133/$B$157)",B133,
Weekly,D133,"=IF(A133="" - "",0,-SUMIFS(Transactions!$J:$J,Transactions!$G:$G,A133,Transactions!$B:$B,"">=""&date_begin,Transactions!$B:$B,""<=""&date_end)+SUMIFS(Transactions!$I:$I,Transactions!$G:$G,A133,Transactions!$B:$B,"">=""&date_begin,Transactions!$B:$B,""<=""&date_end))",A133,"Weekly!E133,Weekly!F133"
Weekly,E133,"=IF($D$157=0,"" - "",D133/$D$157)",D133,
Weekly,F133,=B133-D133,"B133,D133",
Weekly,G133,,,
Weekly,A134, - ,,Weekly!D134
Weekly,B134,,,"Weekly!C134,Weekly!F134"
Weekly,C134,"=IF($B$157=0,"" - "",B134/$B$157)",B134,
Weekly,D134,"=IF(A134="" - "",0,-SUMIFS(Transactions!$J:$J,Transactions!$G:$G,A134,Transactions!$B:$B,"">=""&date_begin,Transactions!$B:$B,""<=""&date_end)+SUMIFS(Transactions!$I:$I,Transactions!$G:$G,A134,Transactions!$B:$B,"">=""&date_begin,Transactions!$B:$B,""<=""&date_end))",A134,"Weekly!E134,Weekly!F134"
Weekly,E134,"=IF($D$157=0,"" - "",D134/$D$157)",D134,
Weekly,F134,=B134-D134,"B134,D134",
Weekly,G134,,,
Weekly,A135, - ,,Weekly!D135
Weekly,B135,,,"Weekly!C135,Weekly!F135"
Weekly,C135,"=IF($B$157=0,"" - "",B135/$B$157)",B135,
Weekly,D135,"=IF(A135="" - "",0,-SUMIFS(Transactions!$J:$J,Transactions!$G:$G,A135,Transactions!$B:$B,"">=""&date_begin,Transactions!$B:$B,""<=""&date_end)+SUMIFS(Transactions!$I:$I,Transactions!$G:$G,A135,Transactions!$B:$B,"">=""&date_begin,Transactions!$B:$B,""<=""&date_end))",A135,"Weekly!E135,Weekly!F135"
Weekly,E135,"=IF($D$157=0,"" - "",D135/$D$157)",D135,
Weekly,F135,=B135-D135,"B135,D135",
Weekly,G135,,,
Weekly,A136, - ,,Weekly!D136
Weekly,B136,,,"Weekly!C136,Weekly!F136"
Weekly,C136,"=IF($B$157=0,"" - "",B136/$B$157)",B136,
Weekly,D136,"=IF(A136="" - "",0,-SUMIFS(Transactions!$J:$J,Transactions!$G:$G,A136,Transactions!$B:$B,"">=""&date_begin,Transactions!$B:$B,""<=""&date_end)+SUMIFS(Transactions!$I:$I,Transactions!$G:$G,A136,Transactions!$B:$B,"">=""&date_begin,Transactions!$B:$B,""<=""&date_end))",A136,"Weekly!E136,Weekly!F136"
Weekly,E136,"=IF($D$157=0,"" - "",D136/$D$157)",D136,
Weekly,F136,=B136-D136,"B136,D136",
Weekly,G136,,,
Weekly,A137, - ,,Weekly!D137
Weekly,B137,,,"Weekly!C137,Weekly!F137"
Weekly,C137,"=IF($B$157=0,"" - "",B137/$B$157)",B137,
Weekly,D137,"=IF(A137="" - "",0,-SUMIFS(Transactions!$J:$J,Transactions!$G:$G,A137,Transactions!$B:$B,"">=""&date_begin,Transactions!$B:$B,""<=""&date_end)+SUMIFS(Transactions!$I:$I,Transactions!$G:$G,A137,Transactions!$B:$B,"">=""&date_begin,Transactions!$B:$B,""<=""&date_end))",A137,"Weekly!E137,Weekly!F137"
Weekly,E137,"=IF($D$157=0,"" - "",D137/$D$157)",D137,
Weekly,F137,=B137-D137,"B137,D137",
Weekly,G137,,,
Weekly,A138, - ,,Weekly!D138
Weekly,B138,,,"Weekly!C138,Weekly!F138"
Weekly,C138,"=IF($B$157=0,"" - "",B138/$B$157)",B138,
Weekly,D138,"=IF(A138="" - "",0,-SUMIFS(Transactions!$J:$J,Transactions!$G:$G,A138,Transactions!$B:$B,"">=""&date_begin,Transactions!$B:$B,""<=""&date_end)+SUMIFS(Transactions!$I:$I,Transactions!$G:$G,A138,Transactions!$B:$B,"">=""&date_begin,Transactions!$B:$B,""<=""&date_end))",A138,"Weekly!E138,Weekly!F138"
Weekly,E138,"=IF($D$157=0,"" - "",D138/$D$157)",D138,
Weekly,F138,=B138-D138,"B138,D138",
Weekly,G138,,,
Weekly,A139, - ,,Weekly!D139
Weekly,B139,,,"Weekly!C139,Weekly!F139"
Weekly,C139,"=IF($B$157=0,"" - "",B139/$B$157)",B139,
Weekly,D139,"=IF(A139="" - "",0,-SUMIFS(Transactions!$J:$J,Transactions!$G:$G,A139,Transactions!$B:$B,"">=""&date_begin,Transactions!$B:$B,""<=""&date_end)+SUMIFS(Transactions!$I:$I,Transactions!$G:$G,A139,Transactions!$B:$B,"">=""&date_begin,Transactions!$B:$B,""<=""&date_end))",A139,"Weekly!E139,Weekly!F139"
Weekly,E139,"=IF($D$157=0,"" - "",D139/$D$157)",D139,
Weekly,F139,=B139-D139,"B139,D139",
Weekly,G139,,,
Weekly,A140, - ,,Weekly!D140
Weekly,B140,,,"Weekly!C140,Weekly!F140"
Weekly,C140,"=IF($B$157=0,"" - "",B140/$B$157)",B140,
Weekly,D140,"=IF(A140="" - "",0,-SUMIFS(Transactions!$J:$J,Transactions!$G:$G,A140,Transactions!$B:$B,"">=""&date_begin,Transactions!$B:$B,""<=""&date_end)+SUMIFS(Transactions!$I:$I,Transactions!$G:$G,A140,Transactions!$B:$B,"">=""&date_begin,Transactions!$B:$B,""<=""&date_end))",A140,"Weekly!E140,Weekly!F140"
Weekly,E140,"=IF($D$157=0,"" - "",D140/$D$157)",D140,
Weekly,F140,=B140-D140,"B140,D140",
Weekly,G140,,,
Weekly,A141, - ,,Weekly!D141
Weekly,B141,,,"Weekly!C141,Weekly!F141"
Weekly,C141,"=IF($B$157=0,"" - "",B141/$B$157)",B141,
Weekly,D141,"=IF(A141="" - "",0,-SUMIFS(Transactions!$J:$J,Transactions!$G:$G,A141,Transactions!$B:$B,"">=""&date_begin,Transactions!$B:$B,""<=""&date_end)+SUMIFS(Transactions!$I:$I,Transactions!$G:$G,A141,Transactions!$B:$B,"">=""&date_begin,Transactions!$B:$B,""<=""&date_end))",A141,"Weekly!E141,Weekly!F141"
Weekly,E141,"=IF($D$157=0,"" - "",D141/$D$157)",D141,
Weekly,F141,=B141-D141,"B141,D141",
Weekly,G141,,,
Weekly,A142, - ,,Weekly!D142
Weekly,B142,,,"Weekly!C142,Weekly!F142"
Weekly,C142,"=IF($B$157=0,"" - "",B142/$B$157)",B142,
Weekly,D142,"=IF(A142="" - "",0,-SUMIFS(Transactions!$J:$J,Transactions!$G:$G,A142,Transactions!$B:$B,"">=""&date_begin,Transactions!$B:$B,""<=""&date_end)+SUMIFS(Transactions!$I:$I,Transactions!$G:$G,A142,Transactions!$B:$B,"">=""&date_begin,Transactions!$B:$B,""<=""&date_end))",A142,"Weekly!E142,Weekly!F142"
Weekly,E142,"=IF($D$157=0,"" - "",D142/$D$157)",D142,
Weekly,F142,=B142-D142,"B142,D142",
Weekly,G142,,,
Weekly,A143, - ,,Weekly!D143
Weekly,B143,,,"Weekly!C143,Weekly!F143"
Weekly,C143,"=IF($B$157=0,"" - "",B143/$B$157)",B143,
Weekly,D143,"=IF(A143="" - "",0,-SUMIFS(Transactions!$J:$J,Transactions!$G:$G,A143,Transactions!$B:$B,"">=""&date_begin,Transactions!$B:$B,""<=""&date_end)+SUMIFS(Transactions!$I:$I,Transactions!$G:$G,A143,Transactions!$B:$B,"">=""&date_begin,Transactions!$B:$B,""<=""&date_end))",A143,"Weekly!E143,Weekly!F143"
Weekly,E143,"=IF($D$157=0,"" - "",D143/$D$157)",D143,
Weekly,F143,=B143-D143,"B143,D143",
Weekly,G143,,,
Weekly,A144, - ,,Weekly!D144
Weekly,B144,,,"Weekly!C144,Weekly!F144"
Weekly,C144,"=IF($B$157=0,"" - "",B144/$B$157)",B144,
Weekly,D144,"=IF(A144="" - "",0,-SUMIFS(Transactions!$J:$J,Transactions!$G:$G,A144,Transactions!$B:$B,"">=""&date_begin,Transactions!$B:$B,""<=""&date_end)+SUMIFS(Transactions!$I:$I,Transactions!$G:$G,A144,Transactions!$B:$B,"">=""&date_begin,Transactions!$B:$B,""<=""&date_end))",A144,"Weekly!E144,Weekly!F144"
Weekly,E144,"=IF($D$157=0,"" - "",D144/$D$157)",D144,
Weekly,F144,=B144-D144,"B144,D144",
Weekly,G144,,,
Weekly,A145, - ,,Weekly!D145
Weekly,B145,,,"Weekly!C145,Weekly!F145"
Weekly,C145,"=IF($B$157=0,"" - "",B145/$B$157)",B145,
Weekly,D145,"=IF(A145="" - "",0,-SUMIFS(Transactions!$J:$J,Transactions!$G:$G,A145,Transactions!$B:$B,"">=""&date_begin,Transactions!$B:$B,""<=""&date_end)+SUMIFS(Transactions!$I:$I,Transactions!$G:$G,A145,Transactions!$B:$B,"">=""&date_begin,Transactions!$B:$B,""<=""&date_end))",A145,"Weekly!E145,Weekly!F145"
Weekly,E145,"=IF($D$157=0,"" - "",D145/$D$157)",D145,
Weekly,F145,=B145-D145,"B145,D145",
Weekly,G145,,,
Weekly,A146, - ,,Weekly!D146
Weekly,B146,,,"Weekly!C146,Weekly!F146"
Weekly,C146,"=IF($B$157=0,"" - "",B146/$B$157)",B146,
Weekly,D146,"=IF(A146="" - "",0,-SUMIFS(Transactions!$J:$J,Transactions!$G:$G,A146,Transactions!$B:$B,"">=""&date_begin,Transactions!$B:$B,""<=""&date_end)+SUMIFS(Transactions!$I:$I,Transactions!$G:$G,A146,Transactions!$B:$B,"">=""&date_begin,Transactions!$B:$B,""<=""&date_end))",A146,"Weekly!E146,Weekly!F146"
Weekly,E146,"=IF($D$157=0,"" - "",D146/$D$157)",D146,
Weekly,F146,=B146-D146,"B146,D146",
Weekly,G146,,,
Weekly,A147, - ,,Weekly!D147
Weekly,B147,,,"Weekly!C147,Weekly!F147"
Weekly,C147,"=IF($B$157=0,"" - "",B147/$B$157)",B147,
Weekly,D147,"=IF(A147="" - "",0,-SUMIFS(Transactions!$J:$J,Transactions!$G:$G,A147,Transactions!$B:$B,"">=""&date_begin,Transactions!$B:$B,""<=""&date_end)+SUMIFS(Transactions!$I:$I,Transactions!$G:$G,A147,Transactions!$B:$B,"">=""&date_begin,Transactions!$B:$B,""<=""&date_end))",A147,"Weekly!E147,Weekly!F147"
Weekly,E147,"=IF($D$157=0,"" - "",D147/$D$157)",D147,
Weekly,F147,=B147-D147,"B147,D147",
Weekly,G147,,,
Weekly,A148, - ,,Weekly!D148
Weekly,B148,,,"Weekly!C148,Weekly!F148"
Weekly,C148,"=IF($B$157=0,"" - "",B148/$B$157)",B148,
Weekly,D148,"=IF(A148="" - "",0,-SUMIFS(Transactions!$J:$J,Transactions!$G:$G,A148,Transactions!$B:$B,"">=""&date_begin,Transactions!$B:$B,""<=""&date_end)+SUMIFS(Transactions!$I:$I,Transactions!$G:$G,A148,Transactions!$B:$B,"">=""&date_begin,Transactions!$B:$B,""<=""&date_end))",A148,"Weekly!E148,Weekly!F148"
Weekly,E148,"=IF($D$157=0,"" - "",D148/$D$157)",D148,
Weekly,F148,=B148-D148,"B148,D148",
Weekly,G148,,,
Weekly,A149, - ,,Weekly!D149
Weekly,B149,,,"Weekly!C149,Weekly!F149"
Weekly,C149,"=IF($B$157=0,"" - "",B149/$B$157)",B149,
Weekly,D149,"=IF(A149="" - "",0,-SUMIFS(Transactions!$J:$J,Transactions!$G:$G,A149,Transactions!$B:$B,"">=""&date_begin,Transactions!$B:$B,""<=""&date_end)+SUMIFS(Transactions!$I:$I,Transactions!$G:$G,A149,Transactions!$B:$B,"">=""&date_begin,Transactions!$B:$B,""<=""&date_end))",A149,"Weekly!E149,Weekly!F149"
Weekly,E149,"=IF($D$157=0,"" - "",D149/$D$157)",D149,
Weekly,F149,=B149-D149,"B149,D149",
Weekly,G149,,,
Weekly,A150, - ,,Weekly!D150
Weekly,B150,,,"Weekly!C150,Weekly!F150"
Weekly,C150,"=IF($B$157=0,"" - "",B150/$B$157)",B150,
Weekly,D150,"=IF(A150="" - "",0,-SUMIFS(Transactions!$J:$J,Transactions!$G:$G,A150,Transactions!$B:$B,"">=""&date_begin,Transactions!$B:$B,""<=""&date_end)+SUMIFS(Transactions!$I:$I,Transactions!$G:$G,A150,Transactions!$B:$B,"">=""&date_begin,Transactions!$B:$B,""<=""&date_end))",A150,"Weekly!E150,Weekly!F150"
Weekly,E150,"=IF($D$157=0,"" - "",D150/$D$157)",D150,
Weekly,F150,=B150-D150,"B150,D150",
Weekly,G150,,,
Weekly,A151, - ,,Weekly!D151
Weekly,B151,,,"Weekly!C151,Weekly!F151"
Weekly,C151,"=IF($B$157=0,"" - "",B151/$B$157)",B151,
Weekly,D151,"=IF(A151="" - "",0,-SUMIFS(Transactions!$J:$J,Transactions!$G:$G,A151,Transactions!$B:$B,"">=""&date_begin,Transactions!$B:$B,""<=""&date_end)+SUMIFS(Transactions!$I:$I,Transactions!$G:$G,A151,Transactions!$B:$B,"">=""&date_begin,Transactions!$B:$B,""<=""&date_end))",A151,"Weekly!E151,Weekly!F151"
Weekly,E151,"=IF($D$157=0,"" - "",D151/$D$157)",D151,
Weekly,F151,=B151-D151,"B151,D151",
Weekly,G151,,,
Weekly,A152, - ,,Weekly!D152
Weekly,B152,,,"Weekly!C152,Weekly!F152"
Weekly,C152,"=IF($B$157=0,"" - "",B152/$B$157)",B152,
Weekly,D152,"=IF(A152="" - "",0,-SUMIFS(Transactions!$J:$J,Transactions!$G:$G,A152,Transactions!$B:$B,"">=""&date_begin,Transactions!$B:$B,""<=""&date_end)+SUMIFS(Transactions!$I:$I,Transactions!$G:$G,A152,Transactions!$B:$B,"">=""&date_begin,Transactions!$B:$B,""<=""&date_end))",A152,"Weekly!E152,Weekly!F152"
Weekly,E152,"=IF($D$157=0,"" - "",D152/$D$157)",D152,
Weekly,F152,=B152-D152,"B152,D152",
Weekly,G152,,,
Weekly,A153, - ,,Weekly!D153
Weekly,B153,,,"Weekly!C153,Weekly!F153"
Weekly,C153,"=IF($B$157=0,"" - "",B153/$B$157)",B153,
Weekly,D153,"=IF(A153="" - "",0,-SUMIFS(Transactions!$J:$J,Transactions!$G:$G,A153,Transactions!$B:$B,"">=""&date_begin,Transactions!$B:$B,""<=""&date_end)+SUMIFS(Transactions!$I:$I,Transactions!$G:$G,A153,Transactions!$B:$B,"">=""&date_begin,Transactions!$B:$B,""<=""&date_end))",A153,"Weekly!E153,Weekly!F153"
Weekly,E153,"=IF($D$157=0,"" - "",D153/$D$157)",D153,
Weekly,F153,=B153-D153,"B153,D153",
Weekly,G153,,,
Weekly,A154, - ,,Weekly!D154
Weekly,B154,,,"Weekly!C154,Weekly!F154"
Weekly,C154,"=IF($B$157=0,"" - "",B154/$B$157)",B154,
Weekly,D154,"=IF(A154="" - "",0,-SUMIFS(Transactions!$J:$J,Transactions!$G:$G,A154,Transactions!$B:$B,"">=""&date_begin,Transactions!$B:$B,""<=""&date_end)+SUMIFS(Transactions!$I:$I,Transactions!$G:$G,A154,Transactions!$B:$B,"">=""&date_begin,Transactions!$B:$B,""<=""&date_end))",A154,"Weekly!E154,Weekly!F154"
Weekly,E154,"=IF($D$157=0,"" - "",D154/$D$157)",D154,
Weekly,F154,=B154-D154,"B154,D154",
Weekly,G154,,,
Weekly,A155, - ,,Weekly!D155
Weekly,B155,,,"Weekly!C155,Weekly!F155"
Weekly,C155,"=IF($B$157=0,"" - "",B155/$B$157)",B155,
Weekly,D155,"=IF(A155="" - "",0,-SUMIFS(Transactions!$J:$J,Transactions!$G:$G,A155,Transactions!$B:$B,"">=""&date_begin,Transactions!$B:$B,""<=""&date_end)+SUMIFS(Transactions!$I:$I,Transactions!$G:$G,A155,Transactions!$B:$B,"">=""&date_begin,Transactions!$B:$B,""<=""&date_end))",A155,"Weekly!E155,Weekly!F155"
Weekly,E155,"=IF($D$157=0,"" - "",D155/$D$157)",D155,
Weekly,F155,=B155-D155,"B155,D155",
Weekly,G155,,,
Weekly,A156, - ,,Weekly!D156
Weekly,B156,,,"Weekly!C156,Weekly!F156,Weekly!B157"
Weekly,C156,"=IF($B$157=0,"" - "",B156/$B$157)",B156,
Weekly,D156,"=IF(A156="" - "",0,-SUMIFS(Transactions!$J:$J,Transactions!$G:$G,A156,Transactions!$B:$B,"">=""&date_begin,Transactions!$B:$B,""<=""&date_end)+SUMIFS(Transactions!$I:$I,Transactions!$G:$G,A156,Transactions!$B:$B,"">=""&date_begin,Transactions!$B:$B,""<=""&date_end))",A156,"Weekly!E156,Weekly!F156,Weekly!D157"
Weekly,E156,"=IF($D$157=0,"" - "",D156/$D$157)",D156,
Weekly,F156,=B156-D156,"B156,D156",Weekly!F157
Weekly,G156,,,
Weekly,A157,Total Expenses,,
Weekly,B157,=SUM(B56:B156),"B56,B156",Weekly!B11
Weekly,C157,,,
Weekly,D157,=SUM(D56:D156),"D56,D156",Weekly!D11
Weekly,E157,,,
Weekly,F157,=SUM(F56:F156),"F56,F156",
Weekly,G157,,,
Goals,A1, SAVINGS GOALS,,
Goals,B1,,,
Goals,C1,,,
Goals,D1,,,
Goals,E1,,,
Goals,F1,,,
Goals,G1,,,
Goals,H1,,,
Goals,I1,,,
Goals,K1,Note: This worksheet is completely separate from the other worksheets.,,
Goals,A2,HELP,,
Goals,B2,,,
Goals,C2,,,
Goals,D2,,,
Goals,E2,,,
Goals,F2,,,
Goals,G2,,,
Goals,H2,,,
Goals,I2,© 2010-2019 Vertex42 LLC,,
Goals,A3,,,
Goals,I3,,,
Goals,E4,Fund,,
Goals,F4,Location,,
Goals,G4,Goal,,
Goals,H4,%,,
Goals,I4,Balance,,Goals!I16
Goals,K4,This worksheet is based on the Account Register Template ,,
Goals,E5,Car Fund,,Goals!I5
Goals,F5,Savings,,
Goals,G5,8000,,Goals!H5
Goals,H5,"=IFERROR(I5/G5,0)","I5,G5",
Goals,I5,"=SUMIF($A$18:$A$55,$E5,$G$18:$G$55)-SUMIF($A$18:$A$55,$E5,$F$18:$F$55)",E5,Goals!H5
Goals,J5,,,
Goals,K5,by Vertex42 and gives you a way to track the balance of ,,
Goals,E6,Vacation,,Goals!I6
Goals,F6,Checking,,
Goals,G6,1500,,Goals!H6
Goals,H6,"=IFERROR(I6/G6,0)","I6,G6",
Goals,I6,"=SUMIF($A$18:$A$55,$E6,$G$18:$G$55)-SUMIF($A$18:$A$55,$E6,$F$18:$F$55)",E6,Goals!H6
Goals,J6,,,
Goals,K6,various savings and expense funds as though you had ,,
Goals,E7,College,,Goals!I7
Goals,F7,Savings,,
Goals,G7,,,Goals!H7
Goals,H7,"=IFERROR(I7/G7,0)","I7,G7",
Goals,I7,"=SUMIF($A$18:$A$55,$E7,$G$18:$G$55)-SUMIF($A$18:$A$55,$E7,$F$18:$F$55)",E7,Goals!H7
Goals,J7,,,
Goals,K7,actual accounts for each of your different goals.,,
Goals,E8,Tax Fund,,Goals!I8
Goals,F8,Checking,,
Goals,G8,,,Goals!H8
Goals,H8,"=IFERROR(I8/G8,0)","I8,G8",
Goals,I8,"=SUMIF($A$18:$A$55,$E8,$G$18:$G$55)-SUMIF($A$18:$A$55,$E8,$F$18:$F$55)",E8,Goals!H8
Goals,J8,,,
Goals,E9,Fun Fund,,Goals!I9
Goals,F9,Checking,,
Goals,G9,,,Goals!H9
Goals,H9,"=IFERROR(I9/G9,0)","I9,G9",
Goals,I9,"=SUMIF($A$18:$A$55,$E9,$G$18:$G$55)-SUMIF($A$18:$A$55,$E9,$F$18:$F$55)",E9,Goals!H9
Goals,J9,,,
Goals,K9,Learn more: Account Register Template >,,
Goals,E10,,,Goals!I10
Goals,F10,,,
Goals,G10,,,Goals!H10
Goals,H10,"=IFERROR(I10/G10,0)","I10,G10",
Goals,I10,"=SUMIF($A$18:$A$55,$E10,$G$18:$G$55)-SUMIF($A$18:$A$55,$E10,$F$18:$F$55)",E10,Goals!H10
Goals,J10,,,
Goals,E11,,,Goals!I11
Goals,F11,,,
Goals,G11,,,Goals!H11
Goals,H11,"=IFERROR(I11/G11,0)","I11,G11",
Goals,I11,"=SUMIF($A$18:$A$55,$E11,$G$18:$G$55)-SUMIF($A$18:$A$55,$E11,$F$18:$F$55)",E11,Goals!H11
Goals,J11,,,
Goals,E12,,,Goals!I12
Goals,F12,,,
Goals,G12,,,Goals!H12
Goals,H12,"=IFERROR(I12/G12,0)","I12,G12",
Goals,I12,"=SUMIF($A$18:$A$55,$E12,$G$18:$G$55)-SUMIF($A$18:$A$55,$E12,$F$18:$F$55)",E12,Goals!H12
Goals,J12,,,
Goals,K12,Instructions,,
Goals,E13,,,Goals!I13
Goals,F13,,,
Goals,G13,,,Goals!H13
Goals,H13,"=IFERROR(I13/G13,0)","I13,G13",
Goals,I13,"=SUMIF($A$18:$A$55,$E13,$G$18:$G$55)-SUMIF($A$18:$A$55,$E13,$F$18:$F$55)",E13,Goals!H13
Goals,J13,,,
Goals,K13,Edit the list of Funds and set Goals,,
Goals,E14,,,Goals!I14
Goals,F14,,,
Goals,G14,,,Goals!H14
Goals,H14,"=IFERROR(I14/G14,0)","I14,G14",
Goals,I14,"=SUMIF($A$18:$A$55,$E14,$G$18:$G$55)-SUMIF($A$18:$A$55,$E14,$F$18:$F$55)",E14,Goals!H14
Goals,J14,,,
Goals,E15,Insert more rows above this one and then copy formulas down.,,
Goals,F15,,,
Goals,G15,,,
Goals,H15,,,
Goals,I15,,,Goals!I16
Goals,K15,"◄ Insert new rows above this one, and copy formulas down.",,
Goals,H16,Total Balance:,,
Goals,I16,=SUM(I4:I15),"I4,I15",
Goals,A18,Fund,,
Goals,B18,Date,,
Goals,C18,Num,,
Goals,D18,Description,,
Goals,E18,Memo,,
Goals,F18,Payment,,
Goals,G18,Deposit,,
Goals,H18,Fund Balance,,
Goals,I18,Total BALANCE,,
Goals,A19,Car Fund,,Goals!H19
Goals,B19,2018-01-01 00:00:00,,
Goals,C19,,,
Goals,D19,[ Balance as of 1/1/18 ],,
Goals,E19,,,
Goals,F19,,,"Goals!H19,Goals!I19"
Goals,G19,1250,,"Goals!H19,Goals!I19"
Goals,H19,"=IF(AND(ISBLANK(F19),ISBLANK(G19)),"" - "",SUMIF($A$18:OFFSET(A19,0,0,1,1),$A19,$G$18:OFFSET(G19,0,0,1,1))-SUMIF($A$18:OFFSET(A19,0,0,1,1),$A19,$F$18:OFFSET(F19,0,0,1,1)))","F19,G19,A19",
Goals,I19,"=IF(AND(ISBLANK(F19),ISBLANK(G19)),"" - "",SUM($G$18:OFFSET(G19,0,0,1,1))-SUM($F$18:OFFSET(F19,0,0,1,1)))","F19,G19",
Goals,J19,,,
Goals,K19,◄ Clear the sample data in columns A-G,,
Goals,L19,,,
Goals,M19,,,
Goals,A20,Vacation,,Goals!H20
Goals,B20,2018-01-01 00:00:00,,
Goals,C20,,,
Goals,D20,[ Balance as of 1/1/18 ],,
Goals,E20,,,
Goals,F20,,,"Goals!H20,Goals!I20"
Goals,G20,500,,"Goals!H20,Goals!I20"
Goals,H20,"=IF(AND(ISBLANK(F20),ISBLANK(G20)),"" - "",SUMIF($A$18:OFFSET(A20,0,0,1,1),$A20,$G$18:OFFSET(G20,0,0,1,1))-SUMIF($A$18:OFFSET(A20,0,0,1,1),$A20,$F$18:OFFSET(F20,0,0,1,1)))","F20,G20,A20",
Goals,I20,"=IF(AND(ISBLANK(F20),ISBLANK(G20)),"" - "",SUM($G$18:OFFSET(G20,0,0,1,1))-SUM($F$18:OFFSET(F20,0,0,1,1)))","F20,G20",
Goals,J20,,,
Goals,K20,,,
Goals,L20,,,
Goals,M20,,,
Goals,A21,,,Goals!H21
Goals,B21,,,
Goals,C21,,,
Goals,D21,,,
Goals,E21,,,
Goals,F21,,,"Goals!H21,Goals!I21"
Goals,G21,,,"Goals!H21,Goals!I21"
Goals,H21,"=IF(AND(ISBLANK(F21),ISBLANK(G21)),"" - "",SUMIF($A$18:OFFSET(A21,0,0,1,1),$A21,$G$18:OFFSET(G21,0,0,1,1))-SUMIF($A$18:OFFSET(A21,0,0,1,1),$A21,$F$18:OFFSET(F21,0,0,1,1)))","F21,G21,A21",
Goals,I21,"=IF(AND(ISBLANK(F21),ISBLANK(G21)),"" - "",SUM($G$18:OFFSET(G21,0,0,1,1))-SUM($F$18:OFFSET(F21,0,0,1,1)))","F21,G21",
Goals,J21,,,
Goals,K21,,,
Goals,L21,,,
Goals,M21,,,
Goals,A22,,,Goals!H22
Goals,B22,,,
Goals,C22,,,
Goals,D22,,,
Goals,E22,,,
Goals,F22,,,"Goals!H22,Goals!I22"
Goals,G22,,,"Goals!H22,Goals!I22"
Goals,H22,"=IF(AND(ISBLANK(F22),ISBLANK(G22)),"" - "",SUMIF($A$18:OFFSET(A22,0,0,1,1),$A22,$G$18:OFFSET(G22,0,0,1,1))-SUMIF($A$18:OFFSET(A22,0,0,1,1),$A22,$F$18:OFFSET(F22,0,0,1,1)))","F22,G22,A22",
Goals,I22,"=IF(AND(ISBLANK(F22),ISBLANK(G22)),"" - "",SUM($G$18:OFFSET(G22,0,0,1,1))-SUM($F$18:OFFSET(F22,0,0,1,1)))","F22,G22",
Goals,J22,,,
Goals,L22,,,
Goals,M22,,,
Goals,A23,,,Goals!H23
Goals,B23,,,
Goals,C23,,,
Goals,D23,,,
Goals,E23,,,
Goals,F23,,,"Goals!H23,Goals!I23"
Goals,G23,,,"Goals!H23,Goals!I23"
Goals,H23,"=IF(AND(ISBLANK(F23),ISBLANK(G23)),"" - "",SUMIF($A$18:OFFSET(A23,0,0,1,1),$A23,$G$18:OFFSET(G23,0,0,1,1))-SUMIF($A$18:OFFSET(A23,0,0,1,1),$A23,$F$18:OFFSET(F23,0,0,1,1)))","F23,G23,A23",
Goals,I23,"=IF(AND(ISBLANK(F23),ISBLANK(G23)),"" - "",SUM($G$18:OFFSET(G23,0,0,1,1))-SUM($F$18:OFFSET(F23,0,0,1,1)))","F23,G23",
Goals,J23,,,
Goals,L23,,,
Goals,M23,,,
Goals,A24,,,Goals!H24
Goals,B24,,,
Goals,C24,,,
Goals,D24,,,
Goals,E24,,,
Goals,F24,,,"Goals!H24,Goals!I24"
Goals,G24,,,"Goals!H24,Goals!I24"
Goals,H24,"=IF(AND(ISBLANK(F24),ISBLANK(G24)),"" - "",SUMIF($A$18:OFFSET(A24,0,0,1,1),$A24,$G$18:OFFSET(G24,0,0,1,1))-SUMIF($A$18:OFFSET(A24,0,0,1,1),$A24,$F$18:OFFSET(F24,0,0,1,1)))","F24,G24,A24",
Goals,I24,"=IF(AND(ISBLANK(F24),ISBLANK(G24)),"" - "",SUM($G$18:OFFSET(G24,0,0,1,1))-SUM($F$18:OFFSET(F24,0,0,1,1)))","F24,G24",
Goals,J24,,,
Goals,K24,,,
Goals,L24,,,
Goals,M24,,,
Goals,A25,,,Goals!H25
Goals,B25,,,
Goals,C25,,,
Goals,D25,,,
Goals,E25,,,
Goals,F25,,,"Goals!H25,Goals!I25"
Goals,G25,,,"Goals!H25,Goals!I25"
Goals,H25,"=IF(AND(ISBLANK(F25),ISBLANK(G25)),"" - "",SUMIF($A$18:OFFSET(A25,0,0,1,1),$A25,$G$18:OFFSET(G25,0,0,1,1))-SUMIF($A$18:OFFSET(A25,0,0,1,1),$A25,$F$18:OFFSET(F25,0,0,1,1)))","F25,G25,A25",
Goals,I25,"=IF(AND(ISBLANK(F25),ISBLANK(G25)),"" - "",SUM($G$18:OFFSET(G25,0,0,1,1))-SUM($F$18:OFFSET(F25,0,0,1,1)))","F25,G25",
Goals,J25,,,
Goals,K25,,,
Goals,L25,,,
Goals,M25,,,
Goals,A26,,,Goals!H26
Goals,B26,,,
Goals,C26,,,
Goals,D26,,,
Goals,E26,,,
Goals,F26,,,"Goals!H26,Goals!I26"
Goals,G26,,,"Goals!H26,Goals!I26"
Goals,H26,"=IF(AND(ISBLANK(F26),ISBLANK(G26)),"" - "",SUMIF($A$18:OFFSET(A26,0,0,1,1),$A26,$G$18:OFFSET(G26,0,0,1,1))-SUMIF($A$18:OFFSET(A26,0,0,1,1),$A26,$F$18:OFFSET(F26,0,0,1,1)))","F26,G26,A26",
Goals,I26,"=IF(AND(ISBLANK(F26),ISBLANK(G26)),"" - "",SUM($G$18:OFFSET(G26,0,0,1,1))-SUM($F$18:OFFSET(F26,0,0,1,1)))","F26,G26",
Goals,J26,,,
Goals,K26,,,
Goals,L26,,,
Goals,M26,,,
Goals,A27,,,Goals!H27
Goals,B27,,,
Goals,C27,,,
Goals,D27,,,
Goals,E27,,,
Goals,F27,,,"Goals!H27,Goals!I27"
Goals,G27,,,"Goals!H27,Goals!I27"
Goals,H27,"=IF(AND(ISBLANK(F27),ISBLANK(G27)),"" - "",SUMIF($A$18:OFFSET(A27,0,0,1,1),$A27,$G$18:OFFSET(G27,0,0,1,1))-SUMIF($A$18:OFFSET(A27,0,0,1,1),$A27,$F$18:OFFSET(F27,0,0,1,1)))","F27,G27,A27",
Goals,I27,"=IF(AND(ISBLANK(F27),ISBLANK(G27)),"" - "",SUM($G$18:OFFSET(G27,0,0,1,1))-SUM($F$18:OFFSET(F27,0,0,1,1)))","F27,G27",
Goals,J27,,,
Goals,K27,,,
Goals,L27,,,
Goals,M27,,,
Goals,A28,,,Goals!H28
Goals,B28,,,
Goals,C28,,,
Goals,D28,,,
Goals,E28,,,
Goals,F28,,,"Goals!H28,Goals!I28"
Goals,G28,,,"Goals!H28,Goals!I28"
Goals,H28,"=IF(AND(ISBLANK(F28),ISBLANK(G28)),"" - "",SUMIF($A$18:OFFSET(A28,0,0,1,1),$A28,$G$18:OFFSET(G28,0,0,1,1))-SUMIF($A$18:OFFSET(A28,0,0,1,1),$A28,$F$18:OFFSET(F28,0,0,1,1)))","F28,G28,A28",
Goals,I28,"=IF(AND(ISBLANK(F28),ISBLANK(G28)),"" - "",SUM($G$18:OFFSET(G28,0,0,1,1))-SUM($F$18:OFFSET(F28,0,0,1,1)))","F28,G28",
Goals,J28,,,
Goals,K28,,,
Goals,L28,,,
Goals,M28,,,
Goals,A29,,,Goals!H29
Goals,B29,,,
Goals,C29,,,
Goals,D29,,,
Goals,E29,,,
Goals,F29,,,"Goals!H29,Goals!I29"
Goals,G29,,,"Goals!H29,Goals!I29"
Goals,H29,"=IF(AND(ISBLANK(F29),ISBLANK(G29)),"" - "",SUMIF($A$18:OFFSET(A29,0,0,1,1),$A29,$G$18:OFFSET(G29,0,0,1,1))-SUMIF($A$18:OFFSET(A29,0,0,1,1),$A29,$F$18:OFFSET(F29,0,0,1,1)))","F29,G29,A29",
Goals,I29,"=IF(AND(ISBLANK(F29),ISBLANK(G29)),"" - "",SUM($G$18:OFFSET(G29,0,0,1,1))-SUM($F$18:OFFSET(F29,0,0,1,1)))","F29,G29",
Goals,J29,,,
Goals,K29,,,
Goals,L29,,,
Goals,M29,,,
Goals,A30,,,Goals!H30
Goals,B30,,,
Goals,C30,,,
Goals,D30,,,
Goals,E30,,,
Goals,F30,,,"Goals!H30,Goals!I30"
Goals,G30,,,"Goals!H30,Goals!I30"
Goals,H30,"=IF(AND(ISBLANK(F30),ISBLANK(G30)),"" - "",SUMIF($A$18:OFFSET(A30,0,0,1,1),$A30,$G$18:OFFSET(G30,0,0,1,1))-SUMIF($A$18:OFFSET(A30,0,0,1,1),$A30,$F$18:OFFSET(F30,0,0,1,1)))","F30,G30,A30",
Goals,I30,"=IF(AND(ISBLANK(F30),ISBLANK(G30)),"" - "",SUM($G$18:OFFSET(G30,0,0,1,1))-SUM($F$18:OFFSET(F30,0,0,1,1)))","F30,G30",
Goals,J30,,,
Goals,K30,,,
Goals,L30,,,
Goals,M30,,,
Goals,A31,,,Goals!H31
Goals,B31,,,
Goals,C31,,,
Goals,D31,,,
Goals,E31,,,
Goals,F31,,,"Goals!H31,Goals!I31"
Goals,G31,,,"Goals!H31,Goals!I31"
Goals,H31,"=IF(AND(ISBLANK(F31),ISBLANK(G31)),"" - "",SUMIF($A$18:OFFSET(A31,0,0,1,1),$A31,$G$18:OFFSET(G31,0,0,1,1))-SUMIF($A$18:OFFSET(A31,0,0,1,1),$A31,$F$18:OFFSET(F31,0,0,1,1)))","F31,G31,A31",
Goals,I31,"=IF(AND(ISBLANK(F31),ISBLANK(G31)),"" - "",SUM($G$18:OFFSET(G31,0,0,1,1))-SUM($F$18:OFFSET(F31,0,0,1,1)))","F31,G31",
Goals,J31,,,
Goals,K31,,,
Goals,L31,,,
Goals,M31,,,
Goals,A32,,,Goals!H32
Goals,B32,,,
Goals,C32,,,
Goals,D32,,,
Goals,E32,,,
Goals,F32,,,"Goals!H32,Goals!I32"
Goals,G32,,,"Goals!H32,Goals!I32"
Goals,H32,"=IF(AND(ISBLANK(F32),ISBLANK(G32)),"" - "",SUMIF($A$18:OFFSET(A32,0,0,1,1),$A32,$G$18:OFFSET(G32,0,0,1,1))-SUMIF($A$18:OFFSET(A32,0,0,1,1),$A32,$F$18:OFFSET(F32,0,0,1,1)))","F32,G32,A32",
Goals,I32,"=IF(AND(ISBLANK(F32),ISBLANK(G32)),"" - "",SUM($G$18:OFFSET(G32,0,0,1,1))-SUM($F$18:OFFSET(F32,0,0,1,1)))","F32,G32",
Goals,J32,,,
Goals,K32,,,
Goals,L32,,,
Goals,M32,,,
Goals,A33,,,Goals!H33
Goals,B33,,,
Goals,C33,,,
Goals,D33,,,
Goals,E33,,,
Goals,F33,,,"Goals!H33,Goals!I33"
Goals,G33,,,"Goals!H33,Goals!I33"
Goals,H33,"=IF(AND(ISBLANK(F33),ISBLANK(G33)),"" - "",SUMIF($A$18:OFFSET(A33,0,0,1,1),$A33,$G$18:OFFSET(G33,0,0,1,1))-SUMIF($A$18:OFFSET(A33,0,0,1,1),$A33,$F$18:OFFSET(F33,0,0,1,1)))","F33,G33,A33",
Goals,I33,"=IF(AND(ISBLANK(F33),ISBLANK(G33)),"" - "",SUM($G$18:OFFSET(G33,0,0,1,1))-SUM($F$18:OFFSET(F33,0,0,1,1)))","F33,G33",
Goals,J33,,,
Goals,K33,,,
Goals,L33,,,
Goals,M33,,,
Goals,A34,,,Goals!H34
Goals,B34,,,
Goals,C34,,,
Goals,D34,,,
Goals,E34,,,
Goals,F34,,,"Goals!H34,Goals!I34"
Goals,G34,,,"Goals!H34,Goals!I34"
Goals,H34,"=IF(AND(ISBLANK(F34),ISBLANK(G34)),"" - "",SUMIF($A$18:OFFSET(A34,0,0,1,1),$A34,$G$18:OFFSET(G34,0,0,1,1))-SUMIF($A$18:OFFSET(A34,0,0,1,1),$A34,$F$18:OFFSET(F34,0,0,1,1)))","F34,G34,A34",
Goals,I34,"=IF(AND(ISBLANK(F34),ISBLANK(G34)),"" - "",SUM($G$18:OFFSET(G34,0,0,1,1))-SUM($F$18:OFFSET(F34,0,0,1,1)))","F34,G34",
Goals,J34,,,
Goals,K34,,,
Goals,L34,,,
Goals,M34,,,
Goals,A35,,,Goals!H35
Goals,B35,,,
Goals,C35,,,
Goals,D35,,,
Goals,E35,,,
Goals,F35,,,"Goals!H35,Goals!I35"
Goals,G35,,,"Goals!H35,Goals!I35"
Goals,H35,"=IF(AND(ISBLANK(F35),ISBLANK(G35)),"" - "",SUMIF($A$18:OFFSET(A35,0,0,1,1),$A35,$G$18:OFFSET(G35,0,0,1,1))-SUMIF($A$18:OFFSET(A35,0,0,1,1),$A35,$F$18:OFFSET(F35,0,0,1,1)))","F35,G35,A35",
Goals,I35,"=IF(AND(ISBLANK(F35),ISBLANK(G35)),"" - "",SUM($G$18:OFFSET(G35,0,0,1,1))-SUM($F$18:OFFSET(F35,0,0,1,1)))","F35,G35",
Goals,J35,,,
Goals,A36,,,Goals!H36
Goals,B36,,,
Goals,C36,,,
Goals,D36,,,
Goals,E36,,,
Goals,F36,,,"Goals!H36,Goals!I36"
Goals,G36,,,"Goals!H36,Goals!I36"
Goals,H36,"=IF(AND(ISBLANK(F36),ISBLANK(G36)),"" - "",SUMIF($A$18:OFFSET(A36,0,0,1,1),$A36,$G$18:OFFSET(G36,0,0,1,1))-SUMIF($A$18:OFFSET(A36,0,0,1,1),$A36,$F$18:OFFSET(F36,0,0,1,1)))","F36,G36,A36",
Goals,I36,"=IF(AND(ISBLANK(F36),ISBLANK(G36)),"" - "",SUM($G$18:OFFSET(G36,0,0,1,1))-SUM($F$18:OFFSET(F36,0,0,1,1)))","F36,G36",
Goals,J36,,,
Goals,A37,,,Goals!H37
Goals,B37,,,
Goals,C37,,,
Goals,D37,,,
Goals,E37,,,
Goals,F37,,,"Goals!H37,Goals!I37"
Goals,G37,,,"Goals!H37,Goals!I37"
Goals,H37,"=IF(AND(ISBLANK(F37),ISBLANK(G37)),"" - "",SUMIF($A$18:OFFSET(A37,0,0,1,1),$A37,$G$18:OFFSET(G37,0,0,1,1))-SUMIF($A$18:OFFSET(A37,0,0,1,1),$A37,$F$18:OFFSET(F37,0,0,1,1)))","F37,G37,A37",
Goals,I37,"=IF(AND(ISBLANK(F37),ISBLANK(G37)),"" - "",SUM($G$18:OFFSET(G37,0,0,1,1))-SUM($F$18:OFFSET(F37,0,0,1,1)))","F37,G37",
Goals,J37,,,
Goals,A38,,,Goals!H38
Goals,B38,,,
Goals,C38,,,
Goals,D38,,,
Goals,E38,,,
Goals,F38,,,"Goals!H38,Goals!I38"
Goals,G38,,,"Goals!H38,Goals!I38"
Goals,H38,"=IF(AND(ISBLANK(F38),ISBLANK(G38)),"" - "",SUMIF($A$18:OFFSET(A38,0,0,1,1),$A38,$G$18:OFFSET(G38,0,0,1,1))-SUMIF($A$18:OFFSET(A38,0,0,1,1),$A38,$F$18:OFFSET(F38,0,0,1,1)))","F38,G38,A38",
Goals,I38,"=IF(AND(ISBLANK(F38),ISBLANK(G38)),"" - "",SUM($G$18:OFFSET(G38,0,0,1,1))-SUM($F$18:OFFSET(F38,0,0,1,1)))","F38,G38",
Goals,J38,,,
Goals,A39,,,Goals!H39
Goals,B39,,,
Goals,C39,,,
Goals,D39,,,
Goals,E39,,,
Goals,F39,,,"Goals!H39,Goals!I39"
Goals,G39,,,"Goals!H39,Goals!I39"
Goals,H39,"=IF(AND(ISBLANK(F39),ISBLANK(G39)),"" - "",SUMIF($A$18:OFFSET(A39,0,0,1,1),$A39,$G$18:OFFSET(G39,0,0,1,1))-SUMIF($A$18:OFFSET(A39,0,0,1,1),$A39,$F$18:OFFSET(F39,0,0,1,1)))","F39,G39,A39",
Goals,I39,"=IF(AND(ISBLANK(F39),ISBLANK(G39)),"" - "",SUM($G$18:OFFSET(G39,0,0,1,1))-SUM($F$18:OFFSET(F39,0,0,1,1)))","F39,G39",
Goals,J39,,,
Goals,A40,,,Goals!H40
Goals,B40,,,
Goals,C40,,,
Goals,D40,,,
Goals,E40,,,
Goals,F40,,,"Goals!H40,Goals!I40"
Goals,G40,,,"Goals!H40,Goals!I40"
Goals,H40,"=IF(AND(ISBLANK(F40),ISBLANK(G40)),"" - "",SUMIF($A$18:OFFSET(A40,0,0,1,1),$A40,$G$18:OFFSET(G40,0,0,1,1))-SUMIF($A$18:OFFSET(A40,0,0,1,1),$A40,$F$18:OFFSET(F40,0,0,1,1)))","F40,G40,A40",
Goals,I40,"=IF(AND(ISBLANK(F40),ISBLANK(G40)),"" - "",SUM($G$18:OFFSET(G40,0,0,1,1))-SUM($F$18:OFFSET(F40,0,0,1,1)))","F40,G40",
Goals,J40,,,
Goals,A41,,,Goals!H41
Goals,B41,,,
Goals,C41,,,
Goals,D41,,,
Goals,E41,,,
Goals,F41,,,"Goals!H41,Goals!I41"
Goals,G41,,,"Goals!H41,Goals!I41"
Goals,H41,"=IF(AND(ISBLANK(F41),ISBLANK(G41)),"" - "",SUMIF($A$18:OFFSET(A41,0,0,1,1),$A41,$G$18:OFFSET(G41,0,0,1,1))-SUMIF($A$18:OFFSET(A41,0,0,1,1),$A41,$F$18:OFFSET(F41,0,0,1,1)))","F41,G41,A41",
Goals,I41,"=IF(AND(ISBLANK(F41),ISBLANK(G41)),"" - "",SUM($G$18:OFFSET(G41,0,0,1,1))-SUM($F$18:OFFSET(F41,0,0,1,1)))","F41,G41",
Goals,J41,,,
Goals,A42,,,Goals!H42
Goals,B42,,,
Goals,C42,,,
Goals,D42,,,
Goals,E42,,,
Goals,F42,,,"Goals!H42,Goals!I42"
Goals,G42,,,"Goals!H42,Goals!I42"
Goals,H42,"=IF(AND(ISBLANK(F42),ISBLANK(G42)),"" - "",SUMIF($A$18:OFFSET(A42,0,0,1,1),$A42,$G$18:OFFSET(G42,0,0,1,1))-SUMIF($A$18:OFFSET(A42,0,0,1,1),$A42,$F$18:OFFSET(F42,0,0,1,1)))","F42,G42,A42",
Goals,I42,"=IF(AND(ISBLANK(F42),ISBLANK(G42)),"" - "",SUM($G$18:OFFSET(G42,0,0,1,1))-SUM($F$18:OFFSET(F42,0,0,1,1)))","F42,G42",
Goals,J42,,,
Goals,A43,,,Goals!H43
Goals,B43,,,
Goals,C43,,,
Goals,D43,,,
Goals,E43,,,
Goals,F43,,,"Goals!H43,Goals!I43"
Goals,G43,,,"Goals!H43,Goals!I43"
Goals,H43,"=IF(AND(ISBLANK(F43),ISBLANK(G43)),"" - "",SUMIF($A$18:OFFSET(A43,0,0,1,1),$A43,$G$18:OFFSET(G43,0,0,1,1))-SUMIF($A$18:OFFSET(A43,0,0,1,1),$A43,$F$18:OFFSET(F43,0,0,1,1)))","F43,G43,A43",
Goals,I43,"=IF(AND(ISBLANK(F43),ISBLANK(G43)),"" - "",SUM($G$18:OFFSET(G43,0,0,1,1))-SUM($F$18:OFFSET(F43,0,0,1,1)))","F43,G43",
Goals,J43,,,
Goals,A44,,,Goals!H44
Goals,B44,,,
Goals,C44,,,
Goals,D44,,,
Goals,E44,,,
Goals,F44,,,"Goals!H44,Goals!I44"
Goals,G44,,,"Goals!H44,Goals!I44"
Goals,H44,"=IF(AND(ISBLANK(F44),ISBLANK(G44)),"" - "",SUMIF($A$18:OFFSET(A44,0,0,1,1),$A44,$G$18:OFFSET(G44,0,0,1,1))-SUMIF($A$18:OFFSET(A44,0,0,1,1),$A44,$F$18:OFFSET(F44,0,0,1,1)))","F44,G44,A44",
Goals,I44,"=IF(AND(ISBLANK(F44),ISBLANK(G44)),"" - "",SUM($G$18:OFFSET(G44,0,0,1,1))-SUM($F$18:OFFSET(F44,0,0,1,1)))","F44,G44",
Goals,J44,,,
Goals,A45,,,Goals!H45
Goals,B45,,,
Goals,C45,,,
Goals,D45,,,
Goals,E45,,,
Goals,F45,,,"Goals!H45,Goals!I45"
Goals,G45,,,"Goals!H45,Goals!I45"
Goals,H45,"=IF(AND(ISBLANK(F45),ISBLANK(G45)),"" - "",SUMIF($A$18:OFFSET(A45,0,0,1,1),$A45,$G$18:OFFSET(G45,0,0,1,1))-SUMIF($A$18:OFFSET(A45,0,0,1,1),$A45,$F$18:OFFSET(F45,0,0,1,1)))","F45,G45,A45",
Goals,I45,"=IF(AND(ISBLANK(F45),ISBLANK(G45)),"" - "",SUM($G$18:OFFSET(G45,0,0,1,1))-SUM($F$18:OFFSET(F45,0,0,1,1)))","F45,G45",
Goals,J45,,,
Goals,A46,,,Goals!H46
Goals,B46,,,
Goals,C46,,,
Goals,D46,,,
Goals,E46,,,
Goals,F46,,,"Goals!H46,Goals!I46"
Goals,G46,,,"Goals!H46,Goals!I46"
Goals,H46,"=IF(AND(ISBLANK(F46),ISBLANK(G46)),"" - "",SUMIF($A$18:OFFSET(A46,0,0,1,1),$A46,$G$18:OFFSET(G46,0,0,1,1))-SUMIF($A$18:OFFSET(A46,0,0,1,1),$A46,$F$18:OFFSET(F46,0,0,1,1)))","F46,G46,A46",
Goals,I46,"=IF(AND(ISBLANK(F46),ISBLANK(G46)),"" - "",SUM($G$18:OFFSET(G46,0,0,1,1))-SUM($F$18:OFFSET(F46,0,0,1,1)))","F46,G46",
Goals,J46,,,
Goals,A47,,,Goals!H47
Goals,B47,,,
Goals,C47,,,
Goals,D47,,,
Goals,E47,,,
Goals,F47,,,"Goals!H47,Goals!I47"
Goals,G47,,,"Goals!H47,Goals!I47"
Goals,H47,"=IF(AND(ISBLANK(F47),ISBLANK(G47)),"" - "",SUMIF($A$18:OFFSET(A47,0,0,1,1),$A47,$G$18:OFFSET(G47,0,0,1,1))-SUMIF($A$18:OFFSET(A47,0,0,1,1),$A47,$F$18:OFFSET(F47,0,0,1,1)))","F47,G47,A47",
Goals,I47,"=IF(AND(ISBLANK(F47),ISBLANK(G47)),"" - "",SUM($G$18:OFFSET(G47,0,0,1,1))-SUM($F$18:OFFSET(F47,0,0,1,1)))","F47,G47",
Goals,J47,,,
Goals,A48,,,Goals!H48
Goals,B48,,,
Goals,C48,,,
Goals,D48,,,
Goals,E48,,,
Goals,F48,,,"Goals!H48,Goals!I48"
Goals,G48,,,"Goals!H48,Goals!I48"
Goals,H48,"=IF(AND(ISBLANK(F48),ISBLANK(G48)),"" - "",SUMIF($A$18:OFFSET(A48,0,0,1,1),$A48,$G$18:OFFSET(G48,0,0,1,1))-SUMIF($A$18:OFFSET(A48,0,0,1,1),$A48,$F$18:OFFSET(F48,0,0,1,1)))","F48,G48,A48",
Goals,I48,"=IF(AND(ISBLANK(F48),ISBLANK(G48)),"" - "",SUM($G$18:OFFSET(G48,0,0,1,1))-SUM($F$18:OFFSET(F48,0,0,1,1)))","F48,G48",
Goals,J48,,,
Goals,A49,,,Goals!H49
Goals,B49,,,
Goals,C49,,,
Goals,D49,,,
Goals,E49,,,
Goals,F49,,,"Goals!H49,Goals!I49"
Goals,G49,,,"Goals!H49,Goals!I49"
Goals,H49,"=IF(AND(ISBLANK(F49),ISBLANK(G49)),"" - "",SUMIF($A$18:OFFSET(A49,0,0,1,1),$A49,$G$18:OFFSET(G49,0,0,1,1))-SUMIF($A$18:OFFSET(A49,0,0,1,1),$A49,$F$18:OFFSET(F49,0,0,1,1)))","F49,G49,A49",
Goals,I49,"=IF(AND(ISBLANK(F49),ISBLANK(G49)),"" - "",SUM($G$18:OFFSET(G49,0,0,1,1))-SUM($F$18:OFFSET(F49,0,0,1,1)))","F49,G49",
Goals,J49,,,
Goals,A50,,,Goals!H50
Goals,B50,,,
Goals,C50,,,
Goals,D50,,,
Goals,E50,,,
Goals,F50,,,"Goals!H50,Goals!I50"
Goals,G50,,,"Goals!H50,Goals!I50"
Goals,H50,"=IF(AND(ISBLANK(F50),ISBLANK(G50)),"" - "",SUMIF($A$18:OFFSET(A50,0,0,1,1),$A50,$G$18:OFFSET(G50,0,0,1,1))-SUMIF($A$18:OFFSET(A50,0,0,1,1),$A50,$F$18:OFFSET(F50,0,0,1,1)))","F50,G50,A50",
Goals,I50,"=IF(AND(ISBLANK(F50),ISBLANK(G50)),"" - "",SUM($G$18:OFFSET(G50,0,0,1,1))-SUM($F$18:OFFSET(F50,0,0,1,1)))","F50,G50",
Goals,J50,,,
Goals,A51,,,Goals!H51
Goals,B51,,,
Goals,C51,,,
Goals,D51,,,
Goals,E51,,,
Goals,F51,,,"Goals!H51,Goals!I51"
Goals,G51,,,"Goals!H51,Goals!I51"
Goals,H51,"=IF(AND(ISBLANK(F51),ISBLANK(G51)),"" - "",SUMIF($A$18:OFFSET(A51,0,0,1,1),$A51,$G$18:OFFSET(G51,0,0,1,1))-SUMIF($A$18:OFFSET(A51,0,0,1,1),$A51,$F$18:OFFSET(F51,0,0,1,1)))","F51,G51,A51",
Goals,I51,"=IF(AND(ISBLANK(F51),ISBLANK(G51)),"" - "",SUM($G$18:OFFSET(G51,0,0,1,1))-SUM($F$18:OFFSET(F51,0,0,1,1)))","F51,G51",
Goals,J51,,,
Goals,A52,,,Goals!H52
Goals,B52,,,
Goals,C52,,,
Goals,D52,,,
Goals,E52,,,
Goals,F52,,,"Goals!H52,Goals!I52"
Goals,G52,,,"Goals!H52,Goals!I52"
Goals,H52,"=IF(AND(ISBLANK(F52),ISBLANK(G52)),"" - "",SUMIF($A$18:OFFSET(A52,0,0,1,1),$A52,$G$18:OFFSET(G52,0,0,1,1))-SUMIF($A$18:OFFSET(A52,0,0,1,1),$A52,$F$18:OFFSET(F52,0,0,1,1)))","F52,G52,A52",
Goals,I52,"=IF(AND(ISBLANK(F52),ISBLANK(G52)),"" - "",SUM($G$18:OFFSET(G52,0,0,1,1))-SUM($F$18:OFFSET(F52,0,0,1,1)))","F52,G52",
Goals,J52,,,
Goals,A53,,,Goals!H53
Goals,B53,,,
Goals,C53,,,
Goals,D53,,,
Goals,E53,,,
Goals,F53,,,"Goals!H53,Goals!I53"
Goals,G53,,,"Goals!H53,Goals!I53"
Goals,H53,"=IF(AND(ISBLANK(F53),ISBLANK(G53)),"" - "",SUMIF($A$18:OFFSET(A53,0,0,1,1),$A53,$G$18:OFFSET(G53,0,0,1,1))-SUMIF($A$18:OFFSET(A53,0,0,1,1),$A53,$F$18:OFFSET(F53,0,0,1,1)))","F53,G53,A53",
Goals,I53,"=IF(AND(ISBLANK(F53),ISBLANK(G53)),"" - "",SUM($G$18:OFFSET(G53,0,0,1,1))-SUM($F$18:OFFSET(F53,0,0,1,1)))","F53,G53",
Goals,J53,,,
Goals,A54,,,Goals!H54
Goals,B54,,,
Goals,C54,,,
Goals,D54,,,
Goals,E54,,,
Goals,F54,,,"Goals!H54,Goals!I54"
Goals,G54,,,"Goals!H54,Goals!I54"
Goals,H54,"=IF(AND(ISBLANK(F54),ISBLANK(G54)),"" - "",SUMIF($A$18:OFFSET(A54,0,0,1,1),$A54,$G$18:OFFSET(G54,0,0,1,1))-SUMIF($A$18:OFFSET(A54,0,0,1,1),$A54,$F$18:OFFSET(F54,0,0,1,1)))","F54,G54,A54",
Goals,I54,"=IF(AND(ISBLANK(F54),ISBLANK(G54)),"" - "",SUM($G$18:OFFSET(G54,0,0,1,1))-SUM($F$18:OFFSET(F54,0,0,1,1)))","F54,G54",
Goals,J54,,,
Goals,A55,Insert more rows above this one and then copy formulas down.,,Goals!H55
Goals,B55,,,
Goals,C55,,,
Goals,D55,,,
Goals,E55,,,
Goals,F55,,,"Goals!H55,Goals!I55"
Goals,G55,,,"Goals!H55,Goals!I55"
Goals,H55,"=IF(AND(ISBLANK(F55),ISBLANK(G55)),"" - "",SUMIF($A$18:OFFSET(A55,0,0,1,1),$A55,$G$18:OFFSET(G55,0,0,1,1))-SUMIF($A$18:OFFSET(A55,0,0,1,1),$A55,$F$18:OFFSET(F55,0,0,1,1)))","F55,G55,A55",
Goals,I55,"=IF(AND(ISBLANK(F55),ISBLANK(G55)),"" - "",SUM($G$18:OFFSET(G55,0,0,1,1))-SUM($F$18:OFFSET(F55,0,0,1,1)))","F55,G55",
Goals,J55,,,
Goals,K55,"◄ Insert new rows above this one, and copy formulas down.",,
©,A1,,,
©,B1,Money Management Template,,
©,C1,,,
©,A2,,,
©,B2,,,
©,C2,,,
©,A3,,,
©,B3,By Vertex42.com,,
©,C3,,,
©,A4,,,
©,B4,https://www.vertex42.com/ExcelTemplates/money-management-template.html,,
©,C4,,,
©,A5,,,
©,B5,,,
©,C5,,,
©,A6,,,
©,B6,© 2010-2019 Vertex42 LLC,,
©,C6,,,
©,A7,,,
©,B7,,,
©,C7,,,
©,A8,,,
©,B8,"This spreadsheet, including all worksheets and associated content is a copyrighted work under the United States and other copyright laws.",,
©,C8,,,
©,A9,,,
©,B9,,,
©,C9,,,
©,A10,,,
©,B10,Do not submit copies or modifications of this template to any website or online template gallery.,,
©,C10,,,
©,A11,,,
©,B11,,,
©,C11,,,
©,A12,,,
©,B12,Please review the following license agreement to learn how you may or may not use this template. Thank you.,,
©,C12,,,
©,A13,,,
©,B13,,,
©,C13,,,
©,A14,,,
©,B14,License Agreement,,
©,C14,,,
©,A15,,,
©,B15,https://www.vertex42.com/licensing/EULA_personaluse.html,,
©,C15,,,
©,A16,,,
©,B16,,,
©,C16,,,
©,A17,,,
©,B17,Do not delete this worksheet,,
©,C17,,,
©,A18,,,
©,B18,,,
©,C18,,,
©,A19,,,
©,B19,,,
©,C19,,,
